timestamp,avg_tegangan,avg_arus,avg_daya,max_daya,energi_kwh,avg_frekuensi,avg_pf
2025-01-31 17:00:00,219.84,1.6317,358.71,527.48,0.089678,49.95,0.824
2025-01-31 17:15:00,227.94,1.6731,381.37,570.06,0.095343,50.14,0.900
2025-01-31 17:30:00,218.45,1.8494,404.01,844.04,0.101002,49.86,0.972
2025-01-31 17:45:00,219.40,1.9912,436.85,922.45,0.109214,50.02,0.861
2025-01-31 18:00:00,226.21,1.7529,396.53,815.74,0.099132,49.99,0.830
2025-01-31 18:15:00,226.38,1.3246,299.86,548.69,0.074964,50.07,0.881
2025-01-31 18:30:00,225.05,1.5952,358.99,702.59,0.089748,50.20,0.892
2025-01-31 18:45:00,218.83,1.4065,307.78,478.07,0.076946,50.11,0.915
2025-01-31 19:00:00,220.36,1.6097,354.70,607.08,0.088676,49.81,0.864
2025-01-31 19:15:00,219.52,1.4067,308.81,650.45,0.077203,50.15,0.913
2025-01-31 19:30:00,227.79,1.3568,309.08,510.43,0.077269,49.84,0.967
2025-01-31 19:45:00,220.72,1.6075,354.81,619.63,0.088702,49.85,0.901
2025-01-31 20:00:00,224.83,1.2796,287.69,458.82,0.071924,50.00,0.854
2025-01-31 20:15:00,226.08,1.3200,298.41,583.52,0.074603,50.08,0.954
2025-01-31 20:30:00,223.17,1.4133,315.41,480.22,0.078852,50.06,0.978
2025-01-31 20:45:00,217.98,1.4579,317.78,634.81,0.079445,49.83,0.952
2025-01-31 21:00:00,221.56,1.8066,400.27,816.45,0.100067,49.91,0.898
2025-01-31 21:15:00,220.82,1.7471,385.80,822.15,0.096450,50.01,0.862
2025-01-31 21:30:00,221.35,1.5356,339.91,479.25,0.084976,49.99,0.861
2025-01-31 21:45:00,223.84,1.6075,359.82,705.45,0.089954,49.89,0.881
2025-01-31 22:00:00,227.17,1.9324,438.97,943.26,0.109743,50.18,0.911
2025-01-31 22:15:00,223.18,2.2733,507.35,720.59,0.126839,50.00,0.972
2025-01-31 22:30:00,220.74,2.3321,514.79,1012.12,0.128697,50.03,0.930
2025-01-31 22:45:00,225.55,1.7256,389.21,650.53,0.097302,50.19,0.826
2025-01-31 23:00:00,224.51,4.6121,1035.49,1700.88,0.258872,49.99,0.861
2025-01-31 23:15:00,226.99,8.1916,1859.43,3635.60,0.464858,50.10,0.906
2025-01-31 23:30:00,225.74,5.1533,1163.31,2543.28,0.290828,49.82,0.907
2025-01-31 23:45:00,217.75,4.8114,1047.69,1675.91,0.261923,50.18,0.892
2025-02-01 00:00:00,217.82,5.2656,1146.95,2133.60,0.286738,49.96,0.914
2025-02-01 00:15:00,220.19,4.7460,1045.04,1580.54,0.261260,49.91,0.910
2025-02-01 00:30:00,223.79,5.2498,1174.84,2560.97,0.293710,49.94,0.932
2025-02-01 00:45:00,223.33,5.0183,1120.72,2389.84,0.280181,50.06,0.940
2025-02-01 01:00:00,219.95,4.4352,975.52,1582.29,0.243881,49.84,0.875
2025-02-01 01:15:00,226.19,4.1261,933.28,1887.74,0.233320,49.92,0.931
2025-02-01 01:30:00,222.99,4.1660,928.99,1563.83,0.232248,50.10,0.930
2025-02-01 01:45:00,225.85,3.9202,885.40,1808.18,0.221349,50.15,0.846
2025-02-01 02:00:00,217.59,2.7126,590.23,1070.17,0.147557,49.97,0.828
2025-02-01 02:15:00,227.73,2.7735,631.59,999.20,0.157898,50.07,0.917
2025-02-01 02:30:00,227.25,2.2408,509.22,916.48,0.127305,49.86,0.845
2025-02-01 02:45:00,218.75,2.8781,629.59,1368.84,0.157397,49.89,0.946
2025-02-01 03:00:00,218.46,2.6060,569.30,1194.92,0.142325,50.07,0.969
2025-02-01 03:15:00,225.50,2.3557,531.21,988.51,0.132803,50.10,0.891
2025-02-01 03:30:00,223.75,2.4853,556.09,884.47,0.139021,49.90,0.845
2025-02-01 03:45:00,224.69,2.2287,500.76,756.72,0.125191,49.89,0.857
2025-02-01 04:00:00,221.70,2.2757,504.52,1035.38,0.126130,49.97,0.840
2025-02-01 04:15:00,222.21,2.2812,506.91,1050.73,0.126728,50.04,0.878
2025-02-01 04:30:00,227.59,2.6936,613.04,1003.24,0.153260,50.11,0.828
2025-02-01 04:45:00,220.95,2.8858,637.61,986.45,0.159403,50.17,0.949
2025-02-01 05:00:00,222.09,3.1164,692.11,996.32,0.173028,50.16,0.827
2025-02-01 05:15:00,220.41,3.3601,740.60,1091.04,0.185149,49.90,0.958
2025-02-01 05:30:00,219.39,3.3787,741.25,1073.91,0.185312,49.90,0.938
2025-02-01 05:45:00,225.48,2.8040,632.23,1081.58,0.158059,49.98,0.902
2025-02-01 06:00:00,227.93,4.6295,1055.21,1934.21,0.263803,49.89,0.881
2025-02-01 06:15:00,227.25,3.1236,709.85,1325.51,0.177462,50.18,0.926
2025-02-01 06:30:00,219.67,3.0310,665.80,1464.40,0.166451,50.11,0.908
2025-02-01 06:45:00,226.65,2.4667,559.07,817.37,0.139767,50.06,0.943
2025-02-01 07:00:00,219.01,2.3051,504.86,1012.71,0.126215,49.95,0.902
2025-02-01 07:15:00,221.23,2.8457,629.56,1416.14,0.157390,49.99,0.891
2025-02-01 07:30:00,226.68,2.4848,563.25,965.35,0.140812,49.90,0.916
2025-02-01 07:45:00,222.48,2.0675,459.97,834.88,0.114992,49.91,0.979
2025-02-01 08:00:00,223.40,2.5084,560.38,1130.79,0.140095,50.13,0.865
2025-02-01 08:15:00,219.86,2.5300,556.25,1176.59,0.139063,50.02,0.869
2025-02-01 08:30:00,224.92,2.9217,657.17,1100.86,0.164292,50.12,0.978
2025-02-01 08:45:00,226.00,2.5870,584.66,1129.99,0.146166,49.96,0.877
2025-02-01 09:00:00,220.58,3.8586,851.14,1769.72,0.212785,50.04,0.845
2025-02-01 09:15:00,219.58,3.1076,682.35,982.71,0.170588,50.12,0.896
2025-02-01 09:30:00,218.01,3.6515,796.06,1565.34,0.199016,50.02,0.937
2025-02-01 09:45:00,227.93,3.7025,843.91,1407.29,0.210977,49.91,0.946
2025-02-01 10:00:00,220.84,4.4478,982.26,2103.16,0.245566,49.91,0.960
2025-02-01 10:15:00,221.39,5.2730,1167.40,1911.90,0.291851,49.83,0.827
2025-02-01 10:30:00,226.99,5.2761,1197.62,2178.19,0.299404,49.96,0.958
2025-02-01 10:45:00,219.50,4.3536,955.61,1659.94,0.238904,50.16,0.868
2025-02-01 11:00:00,218.58,6.6358,1450.44,2423.67,0.362611,49.83,0.947
2025-02-01 11:15:00,224.29,5.0013,1121.73,2365.43,0.280433,49.96,0.859
2025-02-01 11:30:00,222.04,4.9263,1093.85,1819.69,0.273462,49.87,0.831
2025-02-01 11:45:00,218.15,5.8874,1284.34,2384.19,0.321086,50.15,0.831
2025-02-01 12:00:00,225.63,7.3439,1657.03,3268.82,0.414257,49.90,0.912
2025-02-01 12:15:00,224.72,5.7322,1288.15,2376.49,0.322037,49.98,0.852
2025-02-01 12:30:00,227.15,6.5973,1498.59,2798.91,0.374647,49.92,0.834
2025-02-01 12:45:00,224.00,6.4346,1441.32,3008.14,0.360330,50.04,0.874
2025-02-01 13:00:00,225.38,6.6651,1502.14,3075.97,0.375536,49.94,0.892
2025-02-01 13:15:00,219.38,6.7017,1470.19,2502.66,0.367549,50.14,0.900
2025-02-01 13:30:00,223.28,5.9220,1322.26,2274.05,0.330566,50.18,0.878
2025-02-01 13:45:00,221.63,6.2857,1393.11,2278.54,0.348276,50.00,0.843
2025-02-01 14:00:00,219.24,5.2811,1157.85,2206.78,0.289462,50.08,0.962
2025-02-01 14:15:00,221.72,5.8835,1304.50,2249.80,0.326126,50.10,0.906
2025-02-01 14:30:00,217.58,5.3531,1164.71,2173.65,0.291176,50.06,0.838
2025-02-01 14:45:00,227.19,5.9374,1348.90,2025.30,0.337225,49.90,0.955
2025-02-01 15:00:00,218.86,4.2595,932.24,1982.49,0.233059,50.09,0.894
2025-02-01 15:15:00,218.84,4.5586,997.61,1513.35,0.249403,49.93,0.938
2025-02-01 15:30:00,226.63,5.0198,1137.64,2499.38,0.284411,50.02,0.918
2025-02-01 15:45:00,223.18,5.0649,1130.39,2459.59,0.282598,49.84,0.892
2025-02-01 16:00:00,218.48,4.5690,998.23,2289.61,0.249558,50.06,0.954
2025-02-01 16:15:00,223.05,2.8425,634.02,1300.43,0.158506,50.02,0.856
2025-02-01 16:30:00,226.60,3.1716,718.67,1485.20,0.179667,50.10,0.938
2025-02-01 16:45:00,225.72,2.8257,637.82,1142.99,0.159455,49.91,0.847
2025-02-01 17:00:00,224.01,1.9845,444.54,677.76,0.111135,50.01,0.906
2025-02-01 17:15:00,219.06,1.9506,427.28,639.47,0.106820,49.98,0.911
2025-02-01 17:30:00,223.04,1.7381,387.67,771.61,0.096918,49.98,0.883
2025-02-01 17:45:00,222.17,1.8689,415.22,693.09,0.103804,49.94,0.915
2025-02-01 18:00:00,224.11,1.5258,341.95,722.31,0.085487,50.01,0.825
2025-02-01 18:15:00,220.51,1.4302,315.36,627.38,0.078840,49.88,0.871
2025-02-01 18:30:00,219.49,1.3836,303.69,524.95,0.075922,50.15,0.901
2025-02-01 18:45:00,223.80,1.4733,329.71,647.84,0.082428,50.12,0.892
2025-02-01 19:00:00,224.19,1.5986,358.39,702.71,0.089598,49.93,0.908
2025-02-01 19:15:00,222.85,1.3800,307.54,557.74,0.076884,49.87,0.880
2025-02-01 19:30:00,227.43,1.5340,348.89,577.62,0.087222,49.90,0.921
2025-02-01 19:45:00,223.38,1.5056,336.32,558.96,0.084080,50.16,0.935
2025-02-01 20:00:00,223.47,1.6559,370.04,726.15,0.092511,49.87,0.868
2025-02-01 20:15:00,222.86,1.5752,351.05,753.91,0.087763,50.17,0.849
2025-02-01 20:30:00,220.48,1.6090,354.76,507.94,0.088691,50.03,0.898
2025-02-01 20:45:00,221.44,2.1850,483.85,911.87,0.120964,50.19,0.905
2025-02-01 21:00:00,225.81,1.7750,400.82,739.56,0.100205,49.82,0.955
2025-02-01 21:15:00,227.18,1.6328,370.94,568.94,0.092735,50.04,0.905
2025-02-01 21:30:00,227.54,1.5133,344.35,561.00,0.086087,49.92,0.854
2025-02-01 21:45:00,217.54,1.7998,391.52,592.23,0.097879,50.13,0.865
2025-02-01 22:00:00,217.71,2.1302,463.76,665.00,0.115941,50.10,0.909
2025-02-01 22:15:00,218.63,2.2233,486.09,843.64,0.121523,50.08,0.859
2025-02-01 22:30:00,227.01,1.9505,442.78,670.82,0.110695,49.86,0.857
2025-02-01 22:45:00,225.54,2.1546,485.95,1007.66,0.121487,50.07,0.860
2025-02-01 23:00:00,221.74,4.9574,1099.24,1716.96,0.274810,49.84,0.858
2025-02-01 23:15:00,221.71,5.0762,1125.44,2432.20,0.281361,49.81,0.979
2025-02-01 23:30:00,225.82,5.0927,1150.02,2512.32,0.287505,49.95,0.866
2025-02-01 23:45:00,224.39,4.2311,949.43,1618.60,0.237358,49.86,0.900
2025-02-02 00:00:00,223.60,5.5251,1235.43,2398.40,0.308858,49.86,0.914
2025-02-02 00:15:00,225.91,5.8760,1327.45,2592.15,0.331863,49.82,0.933
2025-02-02 00:30:00,218.67,5.2351,1144.77,2514.11,0.286193,50.19,0.858
2025-02-02 00:45:00,218.36,5.4953,1199.95,1813.17,0.299987,49.80,0.857
2025-02-02 01:00:00,226.66,7.2376,1640.45,2841.48,0.410111,50.03,0.839
2025-02-02 01:15:00,227.05,6.9447,1576.79,2109.18,0.394198,50.00,0.922
2025-02-02 01:30:00,220.23,3.7987,836.59,1756.11,0.209147,49.83,0.939
2025-02-02 01:45:00,217.85,4.5178,984.21,2138.51,0.246053,50.10,0.869
2025-02-02 02:00:00,221.67,2.7822,616.74,988.40,0.154186,49.88,0.947
2025-02-02 02:15:00,225.20,2.6017,585.90,920.67,0.146475,49.84,0.900
2025-02-02 02:30:00,227.30,2.7569,626.65,954.39,0.156663,50.16,0.957
2025-02-02 02:45:00,222.61,2.6292,585.28,1076.81,0.146320,49.99,0.916
2025-02-02 03:00:00,220.59,2.1103,465.52,804.64,0.116380,50.10,0.974
2025-02-02 03:15:00,226.33,2.2957,519.59,802.87,0.129897,50.08,0.824
2025-02-02 03:30:00,222.56,2.2509,500.96,1002.55,0.125239,50.02,0.922
2025-02-02 03:45:00,218.00,2.2239,484.80,1051.30,0.121201,49.85,0.885
2025-02-02 04:00:00,227.42,2.3557,535.73,965.64,0.133933,50.15,0.965
2025-02-02 04:15:00,221.27,2.2639,500.94,935.13,0.125236,49.96,0.893
2025-02-02 04:30:00,220.31,2.6228,577.82,1229.71,0.144456,50.05,0.843
2025-02-02 04:45:00,223.82,2.2141,495.56,1063.00,0.123889,49.94,0.912
2025-02-02 05:00:00,221.70,3.1147,690.52,1204.74,0.172629,49.84,0.946
2025-02-02 05:15:00,226.63,3.2967,747.11,1065.94,0.186778,50.15,0.889
2025-02-02 05:30:00,221.80,2.9446,653.11,1234.38,0.163278,50.02,0.887
2025-02-02 05:45:00,222.34,2.9659,659.42,1126.42,0.164856,50.03,0.964
2025-02-02 06:00:00,217.59,3.0039,653.61,1130.15,0.163402,49.85,0.927
2025-02-02 06:15:00,221.90,2.6308,583.76,1101.29,0.145940,50.05,0.867
2025-02-02 06:30:00,220.78,2.9837,658.75,955.83,0.164688,49.97,0.970
2025-02-02 06:45:00,220.37,2.4808,546.69,1064.76,0.136673,50.14,0.915
2025-02-02 07:00:00,226.98,4.0803,926.15,2070.43,0.231537,49.82,0.860
2025-02-02 07:15:00,219.89,2.0222,444.65,925.03,0.111163,50.09,0.898
2025-02-02 07:30:00,221.24,2.1455,474.66,667.36,0.118665,49.94,0.931
2025-02-02 07:45:00,223.52,2.1990,491.52,792.05,0.122880,50.14,0.921
2025-02-02 08:00:00,225.58,2.5073,565.60,1005.74,0.141399,49.86,0.979
2025-02-02 08:15:00,219.44,2.9907,656.29,1149.07,0.164072,49.92,0.857
2025-02-02 08:30:00,223.99,2.5946,581.17,956.58,0.145293,50.05,0.922
2025-02-02 08:45:00,223.15,2.9068,648.64,1311.69,0.162161,50.16,0.892
2025-02-02 09:00:00,222.57,3.9387,876.65,1387.11,0.219162,50.10,0.976
2025-02-02 09:15:00,219.41,5.1394,1127.67,2294.95,0.281917,49.99,0.944
2025-02-02 09:30:00,226.09,3.7765,853.82,1411.35,0.213454,50.13,0.841
2025-02-02 09:45:00,226.17,3.4086,770.90,1628.54,0.192726,50.20,0.879
2025-02-02 10:00:00,220.54,4.6169,1018.23,1814.92,0.254557,49.85,0.878
2025-02-02 10:15:00,222.93,5.0260,1120.42,1669.56,0.280106,49.93,0.899
2025-02-02 10:30:00,218.32,4.6053,1005.42,1733.26,0.251356,50.00,0.948
2025-02-02 10:45:00,218.96,5.6156,1229.61,2159.11,0.307401,50.19,0.939
2025-02-02 11:00:00,224.33,5.1078,1145.84,1617.80,0.286460,50.15,0.906
2025-02-02 11:15:00,225.10,5.7171,1286.91,2442.88,0.321728,50.12,0.929
2025-02-02 11:30:00,218.90,5.6650,1240.04,1947.07,0.310011,49.85,0.958
2025-02-02 11:45:00,218.67,6.0169,1315.72,2847.75,0.328930,50.03,0.949
2025-02-02 12:00:00,226.30,7.2879,1649.29,2444.36,0.412322,50.07,0.980
2025-02-02 12:15:00,218.17,11.3522,2476.73,5128.80,0.619184,50.01,0.943
2025-02-02 12:30:00,226.47,5.4479,1233.80,2404.90,0.308450,49.87,0.894
2025-02-02 12:45:00,224.37,6.5027,1459.03,2700.06,0.364756,49.99,0.937
2025-02-02 13:00:00,224.90,6.6230,1489.53,3268.68,0.372382,49.93,0.962
2025-02-02 13:15:00,218.71,6.1830,1352.28,2746.24,0.338069,49.93,0.890
2025-02-02 13:30:00,226.07,5.6007,1266.12,2145.02,0.316531,49.95,0.890
2025-02-02 13:45:00,227.17,6.2639,1422.96,2551.66,0.355741,50.15,0.886
2025-02-02 14:00:00,222.09,6.1310,1361.62,2670.13,0.340406,49.89,0.919
2025-02-02 14:15:00,218.32,6.5434,1428.55,2021.69,0.357137,50.02,0.961
2025-02-02 14:30:00,225.37,6.2493,1408.41,2511.11,0.352102,50.05,0.942
2025-02-02 14:45:00,222.24,5.5659,1236.95,2185.63,0.309239,50.07,0.828
2025-02-02 15:00:00,224.11,5.0974,1142.38,2423.42,0.285594,49.83,0.943
2025-02-02 15:15:00,225.97,4.2680,964.43,1461.86,0.241107,50.14,0.869
2025-02-02 15:30:00,221.07,3.9205,866.68,1598.34,0.216671,49.94,0.901
2025-02-02 15:45:00,225.93,3.9583,894.30,1462.07,0.223575,50.18,0.833
2025-02-02 16:00:00,222.83,2.4914,555.17,1044.60,0.138793,50.15,0.917
2025-02-02 16:15:00,221.92,2.7379,607.59,1277.86,0.151897,49.93,0.829
2025-02-02 16:30:00,227.99,2.3800,542.61,1080.87,0.135652,50.09,0.901
2025-02-02 16:45:00,223.35,3.0435,679.76,1008.87,0.169941,50.08,0.821
2025-02-02 17:00:00,223.19,1.6565,369.72,638.08,0.092429,50.00,0.847
2025-02-02 17:15:00,222.65,2.9685,660.94,1027.58,0.165234,49.87,0.975
2025-02-02 17:30:00,225.73,1.5185,342.77,541.47,0.085693,50.07,0.917
2025-02-02 17:45:00,218.83,1.5241,333.51,584.13,0.083378,49.92,0.958
2025-02-02 18:00:00,220.70,1.4845,327.64,512.99,0.081909,50.19,0.825
2025-02-02 18:15:00,219.42,1.4711,322.79,640.77,0.080699,49.99,0.974
2025-02-02 18:30:00,225.42,1.4343,323.31,522.86,0.080828,50.00,0.942
2025-02-02 18:45:00,224.86,1.6124,362.58,582.39,0.090644,50.12,0.917
2025-02-02 19:00:00,223.15,1.4207,317.02,459.70,0.079255,50.18,0.961
2025-02-02 19:15:00,222.21,1.3253,294.49,473.77,0.073623,49.83,0.829
2025-02-02 19:30:00,220.24,1.3154,289.71,436.00,0.072427,49.90,0.936
2025-02-02 19:45:00,221.04,1.2413,274.37,526.68,0.068593,50.18,0.875
2025-02-02 20:00:00,225.59,1.4241,321.26,485.27,0.080314,49.96,0.921
2025-02-02 20:15:00,219.14,1.4395,315.44,527.40,0.078861,49.85,0.946
2025-02-02 20:30:00,221.87,1.2442,276.06,569.51,0.069016,49.97,0.838
2025-02-02 20:45:00,225.20,1.4973,337.18,645.09,0.084295,50.18,0.917
2025-02-02 21:00:00,225.56,1.3980,315.33,602.13,0.078834,50.11,0.851
2025-02-02 21:15:00,226.70,1.5549,352.50,682.43,0.088124,50.04,0.881
2025-02-02 21:30:00,220.16,1.3973,307.64,437.92,0.076909,49.99,0.913
2025-02-02 21:45:00,225.08,1.6257,365.91,519.24,0.091478,50.16,0.880
2025-02-02 22:00:00,222.52,1.6086,357.94,772.52,0.089484,49.89,0.973
2025-02-02 22:15:00,220.93,1.8133,400.63,627.27,0.100156,49.83,0.970
2025-02-02 22:30:00,219.53,1.7430,382.63,829.24,0.095658,50.14,0.931
2025-02-02 22:45:00,224.12,1.5655,350.87,641.39,0.087718,50.02,0.892
2025-02-02 23:00:00,223.06,6.0016,1338.69,3565.31,0.334673,50.01,0.901
2025-02-02 23:15:00,223.33,3.6359,812.00,1227.19,0.203000,50.12,0.922
2025-02-02 23:30:00,219.25,3.8851,851.81,1415.62,0.212952,49.91,0.958
2025-02-02 23:45:00,224.83,3.8712,870.37,1876.24,0.217592,50.11,0.942
2025-02-03 00:00:00,226.54,4.1068,930.36,1502.78,0.232591,49.98,0.958
2025-02-03 00:15:00,219.12,4.8623,1065.44,2286.76,0.266359,50.09,0.887
2025-02-03 00:30:00,222.14,6.3180,1403.49,3128.01,0.350872,50.09,0.867
2025-02-03 00:45:00,222.52,4.2176,938.51,1360.64,0.234627,49.95,0.869
2025-02-03 01:00:00,220.64,3.5998,794.27,1538.40,0.198568,49.83,0.933
2025-02-03 01:15:00,226.46,3.6963,837.04,1298.39,0.209261,49.99,0.859
2025-02-03 01:30:00,218.58,3.6147,790.09,1111.17,0.197523,50.05,0.941
2025-02-03 01:45:00,224.17,3.7221,834.39,1441.46,0.208598,49.96,0.866
2025-02-03 02:00:00,221.01,2.5183,556.58,856.33,0.139144,49.93,0.906
2025-02-03 02:15:00,226.54,2.1146,479.05,723.05,0.119762,50.09,0.890
2025-02-03 02:30:00,222.55,2.1966,488.85,917.77,0.122213,50.06,0.891
2025-02-03 02:45:00,224.85,2.5047,563.18,872.42,0.140794,49.92,0.842
2025-02-03 03:00:00,223.48,2.2651,506.20,757.88,0.126551,49.99,0.915
2025-02-03 03:15:00,219.64,2.1773,478.24,979.65,0.119559,49.92,0.963
2025-02-03 03:30:00,220.42,1.9078,420.52,780.09,0.105129,49.99,0.890
2025-02-03 03:45:00,227.63,2.1722,494.45,1042.15,0.123613,50.05,0.965
2025-02-03 04:00:00,218.57,2.5182,550.40,844.68,0.137600,50.19,0.894
2025-02-03 04:15:00,220.53,2.5656,565.79,1010.20,0.141448,50.13,0.927
2025-02-03 04:30:00,220.87,2.3269,513.94,806.15,0.128484,50.12,0.825
2025-02-03 04:45:00,225.45,2.4668,556.16,921.09,0.139039,49.81,0.939
2025-02-03 05:00:00,225.24,2.8111,633.18,1157.16,0.158296,49.95,0.947
2025-02-03 05:15:00,220.35,2.9286,645.32,1324.50,0.161331,49.82,0.857
2025-02-03 05:30:00,222.05,2.4427,542.40,1064.86,0.135599,50.14,0.858
2025-02-03 05:45:00,224.83,4.6707,1050.09,2302.63,0.262523,50.14,0.979
2025-02-03 06:00:00,219.98,2.1318,468.97,663.97,0.117242,50.07,0.919
2025-02-03 06:15:00,221.94,2.7271,605.26,1079.10,0.151314,50.07,0.902
2025-02-03 06:30:00,224.83,2.1608,485.82,727.35,0.121455,49.80,0.925
2025-02-03 06:45:00,221.38,2.2855,505.97,1026.44,0.126492,49.87,0.845
2025-02-03 07:00:00,225.07,2.2797,513.10,748.72,0.128275,50.01,0.884
2025-02-03 07:15:00,219.89,2.1550,473.86,715.41,0.118464,50.08,0.835
2025-02-03 07:30:00,224.80,3.0959,695.96,952.02,0.173989,49.97,0.823
2025-02-03 07:45:00,218.50,2.1834,477.08,792.02,0.119269,49.80,0.862
2025-02-03 08:00:00,225.35,2.3940,539.48,764.63,0.134870,49.89,0.888
2025-02-03 08:15:00,226.84,2.4265,550.43,940.06,0.137607,49.82,0.895
2025-02-03 08:30:00,217.57,2.4365,530.11,834.19,0.132529,50.20,0.879
2025-02-03 08:45:00,220.18,2.2872,503.60,846.51,0.125899,50.19,0.922
2025-02-03 09:00:00,222.79,3.0497,679.42,1304.47,0.169856,50.06,0.950
2025-02-03 09:15:00,224.63,2.4995,561.46,1135.91,0.140365,50.13,0.836
2025-02-03 09:30:00,224.38,3.2011,718.24,1368.86,0.179559,49.83,0.864
2025-02-03 09:45:00,224.67,2.9583,664.65,1204.48,0.166163,50.13,0.860
2025-02-03 10:00:00,225.56,6.2456,1408.74,2401.32,0.352185,50.20,0.926
2025-02-03 10:15:00,220.77,4.2072,928.82,1448.17,0.232204,50.10,0.966
2025-02-03 10:30:00,227.77,3.6856,839.45,1690.38,0.209863,50.09,0.826
2025-02-03 10:45:00,219.69,4.6754,1027.14,1911.43,0.256785,50.20,0.843
2025-02-03 11:00:00,224.76,4.0669,914.08,1817.91,0.228519,50.19,0.928
2025-02-03 11:15:00,225.33,5.0613,1140.46,1690.93,0.285114,49.82,0.898
2025-02-03 11:30:00,227.10,4.7335,1074.99,1936.69,0.268747,49.83,0.977
2025-02-03 11:45:00,223.88,5.2416,1173.48,1774.48,0.293369,50.18,0.835
2025-02-03 12:00:00,220.12,4.9572,1091.21,1749.82,0.272802,50.11,0.932
2025-02-03 12:15:00,226.98,5.6269,1277.18,2016.81,0.319296,50.19,0.836
2025-02-03 12:30:00,221.80,5.0876,1128.44,2325.87,0.282110,50.18,0.939
2025-02-03 12:45:00,219.92,5.8022,1276.02,2560.77,0.319006,49.87,0.900
2025-02-03 13:00:00,227.62,4.6629,1061.39,1762.68,0.265348,50.03,0.902
2025-02-03 13:15:00,222.91,5.8579,1305.77,1981.69,0.326444,49.93,0.956
2025-02-03 13:30:00,224.77,5.0910,1144.29,1700.91,0.286073,49.90,0.878
2025-02-03 13:45:00,218.39,5.1047,1114.82,1983.88,0.278705,50.05,0.953
2025-02-03 14:00:00,218.92,4.1225,902.52,1496.23,0.225630,50.15,0.858
2025-02-03 14:15:00,225.20,4.9155,1106.95,1640.70,0.276737,50.08,0.907
2025-02-03 14:30:00,224.51,6.8547,1538.91,3519.52,0.384727,49.96,0.946
2025-02-03 14:45:00,219.38,4.7140,1034.15,2063.24,0.258538,49.93,0.828
2025-02-03 15:00:00,224.35,4.2267,948.26,1385.36,0.237065,49.93,0.846
2025-02-03 15:15:00,221.39,3.9786,880.82,1318.50,0.220206,49.96,0.861
2025-02-03 15:30:00,219.29,4.0957,898.14,1498.85,0.224536,50.14,0.941
2025-02-03 15:45:00,221.23,4.2447,939.06,1689.15,0.234765,50.12,0.922
2025-02-03 16:00:00,220.06,2.6613,585.67,1126.95,0.146417,50.12,0.943
2025-02-03 16:15:00,226.69,2.1419,485.54,862.49,0.121384,49.96,0.910
2025-02-03 16:30:00,221.91,3.7962,842.40,1219.51,0.210601,49.86,0.872
2025-02-03 16:45:00,219.43,2.7394,601.11,965.66,0.150278,49.83,0.845
2025-02-03 17:00:00,223.03,1.3742,306.48,464.54,0.076620,49.91,0.887
2025-02-03 17:15:00,227.95,2.2213,506.34,823.75,0.126584,49.81,0.933
2025-02-03 17:30:00,224.53,1.6440,369.12,676.90,0.092280,49.84,0.914
2025-02-03 17:45:00,222.16,1.7901,397.69,654.46,0.099423,50.04,0.953
2025-02-03 18:00:00,226.92,1.5857,359.83,613.76,0.089958,50.16,0.824
2025-02-03 18:15:00,224.61,1.3490,303.00,662.25,0.075749,50.05,0.837
2025-02-03 18:30:00,217.80,1.6296,354.92,677.93,0.088730,50.00,0.956
2025-02-03 18:45:00,222.25,1.3951,310.06,537.21,0.077515,49.95,0.927
2025-02-03 19:00:00,221.23,1.2223,270.41,389.12,0.067603,49.81,0.949
2025-02-03 19:15:00,224.58,1.5193,341.21,609.54,0.085302,50.13,0.822
2025-02-03 19:30:00,221.31,1.3018,288.09,481.64,0.072023,49.85,0.932
2025-02-03 19:45:00,227.75,1.4856,338.34,703.38,0.084585,50.06,0.856
2025-02-03 20:00:00,226.39,1.4125,319.77,646.88,0.079942,50.09,0.929
2025-02-03 20:15:00,219.45,1.2707,278.86,406.06,0.069715,49.85,0.971
2025-02-03 20:30:00,220.78,1.4324,316.25,460.38,0.079062,50.16,0.909
2025-02-03 20:45:00,222.41,2.5266,561.95,1175.51,0.140487,49.90,0.890
2025-02-03 21:00:00,224.88,1.4540,326.98,689.57,0.081745,49.92,0.839
2025-02-03 21:15:00,226.06,1.2613,285.14,552.94,0.071285,50.09,0.823
2025-02-03 21:30:00,223.49,1.4243,318.31,502.25,0.079577,50.08,0.836
2025-02-03 21:45:00,224.69,1.4426,324.14,455.56,0.081034,50.13,0.963
2025-02-03 22:00:00,225.07,1.9089,429.64,650.34,0.107410,49.81,0.869
2025-02-03 22:15:00,223.10,1.6550,369.23,721.44,0.092306,50.18,0.890
2025-02-03 22:30:00,226.81,1.8500,419.59,919.25,0.104897,50.02,0.935
2025-02-03 22:45:00,220.61,1.8967,418.43,899.29,0.104607,49.85,0.936
2025-02-03 23:00:00,223.68,3.8256,855.71,1836.02,0.213928,49.98,0.867
2025-02-03 23:15:00,222.25,4.2817,951.62,1350.55,0.237906,49.82,0.861
2025-02-03 23:30:00,219.74,4.3944,965.64,1900.01,0.241409,50.03,0.849
2025-02-03 23:45:00,222.07,3.8041,844.75,1185.61,0.211188,49.82,0.855
2025-02-04 00:00:00,224.10,4.5268,1014.47,1853.32,0.253617,50.19,0.867
2025-02-04 00:15:00,223.96,4.6668,1045.17,1573.72,0.261293,49.83,0.979
2025-02-04 00:30:00,225.03,4.6978,1057.14,1610.36,0.264285,50.06,0.940
2025-02-04 00:45:00,221.16,3.9194,866.81,1332.41,0.216702,50.17,0.933
2025-02-04 01:00:00,222.02,3.8859,862.74,1420.42,0.215685,50.08,0.883
2025-02-04 01:15:00,226.02,3.4562,781.18,1671.29,0.195296,49.92,0.977
2025-02-04 01:30:00,219.81,3.2495,714.25,1023.29,0.178563,50.13,0.886
2025-02-04 01:45:00,224.01,3.4100,763.89,1431.17,0.190972,49.99,0.853
2025-02-04 02:00:00,227.57,2.3220,528.40,1008.26,0.132100,50.11,0.934
2025-02-04 02:15:00,222.29,2.2577,501.87,1035.18,0.125468,50.04,0.971
2025-02-04 02:30:00,225.00,2.2849,514.09,772.94,0.128524,49.87,0.930
2025-02-04 02:45:00,219.57,2.4780,544.08,1020.99,0.136020,49.83,0.880
2025-02-04 03:00:00,227.72,2.1628,492.52,950.34,0.123130,50.19,0.879
2025-02-04 03:15:00,220.34,1.8410,405.63,626.63,0.101409,49.92,0.950
2025-02-04 03:30:00,219.50,2.0437,448.60,672.94,0.112149,49.96,0.861
2025-02-04 03:45:00,219.92,1.9789,435.21,951.56,0.108802,50.12,0.940
2025-02-04 04:00:00,225.49,1.8879,425.69,889.75,0.106424,49.82,0.859
2025-02-04 04:15:00,225.70,2.3646,533.70,1143.98,0.133425,50.07,0.967
2025-02-04 04:30:00,225.64,2.3128,521.86,895.85,0.130465,50.07,0.885
2025-02-04 04:45:00,225.20,2.1338,480.52,915.83,0.120131,50.10,0.877
2025-02-04 05:00:00,219.38,3.1437,689.69,1192.95,0.172422,50.00,0.919
2025-02-04 05:15:00,224.15,2.4924,558.65,1070.03,0.139663,50.18,0.897
2025-02-04 05:30:00,220.28,3.8093,839.09,1922.67,0.209773,49.97,0.887
2025-02-04 05:45:00,223.61,2.6914,601.82,863.20,0.150455,50.18,0.879
2025-02-04 06:00:00,226.39,3.3724,763.48,1363.75,0.190869,50.15,0.933
2025-02-04 06:15:00,223.10,2.8058,625.98,1063.72,0.156494,49.95,0.895
2025-02-04 06:30:00,222.24,2.7148,603.35,1260.62,0.150838,49.95,0.837
2025-02-04 06:45:00,224.69,2.7326,613.98,1040.32,0.153495,50.10,0.926
2025-02-04 07:00:00,224.28,1.9956,447.57,973.09,0.111892,50.01,0.831
2025-02-04 07:15:00,220.38,1.9253,424.31,687.05,0.106077,50.10,0.840
2025-02-04 07:30:00,223.35,3.3307,743.91,1236.81,0.185979,50.02,0.938
2025-02-04 07:45:00,217.74,2.6519,577.43,1585.27,0.144358,50.09,0.931
2025-02-04 08:00:00,219.17,3.1761,696.12,1605.87,0.174030,49.83,0.894
2025-02-04 08:15:00,221.79,2.0937,464.36,1015.07,0.116090,49.87,0.923
2025-02-04 08:30:00,220.15,2.2039,485.18,921.15,0.121295,49.85,0.841
2025-02-04 08:45:00,222.07,2.4878,552.47,1034.05,0.138117,49.99,0.828
2025-02-04 09:00:00,218.10,3.3810,737.38,1322.12,0.184345,50.15,0.868
2025-02-04 09:15:00,219.22,3.0860,676.52,957.20,0.169130,50.05,0.969
2025-02-04 09:30:00,219.32,3.0911,677.95,1484.64,0.169487,49.90,0.841
2025-02-04 09:45:00,224.97,3.0033,675.66,995.74,0.168915,50.07,0.893
2025-02-04 10:00:00,226.56,3.9217,888.48,1520.65,0.222120,50.18,0.977
2025-02-04 10:15:00,222.53,3.6289,807.54,1536.27,0.201884,49.88,0.953
2025-02-04 10:30:00,222.42,3.9619,881.20,1440.50,0.220299,49.89,0.951
2025-02-04 10:45:00,224.01,4.4541,997.77,2145.85,0.249444,49.93,0.865
2025-02-04 11:00:00,226.96,5.3151,1206.31,2514.73,0.301576,50.07,0.935
2025-02-04 11:15:00,217.86,4.2609,928.28,1831.82,0.232070,49.86,0.970
2025-02-04 11:30:00,227.06,4.4327,1006.50,1617.92,0.251626,49.84,0.910
2025-02-04 11:45:00,225.19,4.2302,952.60,1941.50,0.238151,49.89,0.968
2025-02-04 12:00:00,219.02,6.2842,1376.33,1939.55,0.344084,50.12,0.855
2025-02-04 12:15:00,224.85,6.0472,1359.70,2471.37,0.339924,49.96,0.851
2025-02-04 12:30:00,219.70,5.4278,1192.47,2562.45,0.298119,50.03,0.968
2025-02-04 12:45:00,223.82,5.9159,1324.09,2588.40,0.331024,50.08,0.925
2025-02-04 13:00:00,220.02,5.0599,1113.29,2418.64,0.278323,50.12,0.920
2025-02-04 13:15:00,227.49,5.2147,1186.28,2003.11,0.296571,49.81,0.957
2025-02-04 13:30:00,224.77,5.6271,1264.82,1867.85,0.316206,50.15,0.897
2025-02-04 13:45:00,223.71,5.5649,1244.91,2646.82,0.311228,49.92,0.850
2025-02-04 14:00:00,221.22,5.1634,1142.27,1700.00,0.285569,50.18,0.947
2025-02-04 14:15:00,220.32,6.4953,1431.03,2569.34,0.357758,50.05,0.969
2025-02-04 14:30:00,218.00,5.2819,1151.44,2356.63,0.287861,50.15,0.931
2025-02-04 14:45:00,219.25,5.3927,1182.35,1666.60,0.295589,49.83,0.937
2025-02-04 15:00:00,226.70,3.2655,740.28,1525.25,0.185070,49.99,0.977
2025-02-04 15:15:00,222.35,3.3472,744.24,1554.43,0.186059,50.14,0.833
2025-02-04 15:30:00,218.62,4.1864,915.22,1598.08,0.228804,49.88,0.951
2025-02-04 15:45:00,221.60,4.1193,912.84,1697.43,0.228209,50.04,0.966
2025-02-04 16:00:00,219.44,2.2747,499.15,950.15,0.124787,49.94,0.963
2025-02-04 16:15:00,223.24,2.1043,469.76,906.33,0.117440,50.06,0.969
2025-02-04 16:30:00,224.20,2.2846,512.21,1124.45,0.128052,49.97,0.962
2025-02-04 16:45:00,226.67,2.1468,486.63,740.40,0.121656,49.84,0.948
2025-02-04 17:00:00,221.86,1.6968,376.45,726.35,0.094113,50.02,0.869
2025-02-04 17:15:00,220.47,2.5788,568.54,828.91,0.142136,50.01,0.885
2025-02-04 17:30:00,222.76,1.5896,354.09,556.01,0.088523,49.88,0.957
2025-02-04 17:45:00,218.64,1.5420,337.14,666.36,0.084286,50.08,0.952
2025-02-04 18:00:00,223.60,1.3325,297.94,453.49,0.074485,50.08,0.934
2025-02-04 18:15:00,220.42,1.3123,289.26,494.65,0.072314,50.17,0.953
2025-02-04 18:30:00,220.01,1.4924,328.34,568.96,0.082085,50.07,0.889
2025-02-04 18:45:00,217.65,1.3264,288.69,592.45,0.072173,50.19,0.972
2025-02-04 19:00:00,225.09,1.3271,298.71,584.62,0.074677,49.81,0.843
2025-02-04 19:15:00,224.67,1.4971,336.37,690.23,0.084092,50.07,0.852
2025-02-04 19:30:00,221.91,1.5264,338.72,630.83,0.084680,50.17,0.970
2025-02-04 19:45:00,220.61,1.5045,331.92,548.19,0.082980,50.11,0.895
2025-02-04 20:00:00,225.91,1.3188,297.94,464.91,0.074484,49.88,0.884
2025-02-04 20:15:00,222.26,1.2152,270.09,588.18,0.067523,49.87,0.923
2025-02-04 20:30:00,224.89,1.2604,283.46,582.82,0.070864,50.09,0.947
2025-02-04 20:45:00,226.29,1.3827,312.91,678.63,0.078226,50.10,0.822
2025-02-04 21:00:00,219.55,1.2493,274.27,411.27,0.068568,50.08,0.889
2025-02-04 21:15:00,224.06,1.6186,362.67,770.42,0.090668,50.02,0.921
2025-02-04 21:30:00,222.65,1.4688,327.02,565.64,0.081756,49.95,0.833
2025-02-04 21:45:00,221.81,1.3025,288.92,452.04,0.072231,49.94,0.928
2025-02-04 22:00:00,224.46,1.7301,388.35,853.28,0.097086,49.94,0.921
2025-02-04 22:15:00,222.93,1.6677,371.78,590.49,0.092945,49.95,0.977
2025-02-04 22:30:00,218.98,1.8734,410.23,719.27,0.102557,50.09,0.850
2025-02-04 22:45:00,225.79,1.9336,436.58,661.33,0.109146,49.91,0.859
2025-02-04 23:00:00,219.67,3.7486,823.47,1476.26,0.205869,50.08,0.884
2025-02-04 23:15:00,220.06,3.6299,798.78,1277.56,0.199694,49.90,0.930
2025-02-04 23:30:00,217.54,4.2934,933.98,1903.32,0.233495,49.95,0.940
2025-02-04 23:45:00,219.25,4.4135,967.64,1556.70,0.241911,50.16,0.836
2025-02-05 00:00:00,225.52,4.9086,1106.99,2271.92,0.276749,50.13,0.976
2025-02-05 00:15:00,223.02,7.0501,1572.30,3655.13,0.393074,49.99,0.894
2025-02-05 00:30:00,227.46,4.5546,1035.98,1665.41,0.258996,50.03,0.980
2025-02-05 00:45:00,218.03,4.6019,1003.34,2116.89,0.250835,50.14,0.886
2025-02-05 01:00:00,224.20,3.0909,693.00,1358.86,0.173249,50.13,0.828
2025-02-05 01:15:00,222.64,3.6707,817.23,1735.63,0.204309,49.82,0.840
2025-02-05 01:30:00,217.97,3.8032,828.97,1539.47,0.207244,50.05,0.839
2025-02-05 01:45:00,226.70,3.8284,867.92,1558.12,0.216979,49.92,0.976
2025-02-05 02:00:00,219.07,2.5500,558.62,838.88,0.139655,49.80,0.970
2025-02-05 02:15:00,217.99,2.1354,465.49,668.42,0.116373,50.06,0.835
2025-02-05 02:30:00,220.59,2.3112,509.82,940.17,0.127455,50.02,0.963
2025-02-05 02:45:00,225.60,1.9221,433.62,636.06,0.108405,49.94,0.943
2025-02-05 03:00:00,223.77,3.3412,747.67,1276.82,0.186917,50.19,0.923
2025-02-05 03:15:00,223.12,2.1583,481.58,748.86,0.120394,50.17,0.829
2025-02-05 03:30:00,227.76,2.8294,644.42,1145.73,0.161106,49.91,0.906
2025-02-05 03:45:00,218.97,1.7824,390.29,633.44,0.097572,50.13,0.885
2025-02-05 04:00:00,222.12,2.3635,524.97,927.75,0.131242,49.99,0.873
2025-02-05 04:15:00,220.09,2.2864,503.20,709.92,0.125800,49.96,0.936
2025-02-05 04:30:00,224.88,2.2752,511.64,1081.10,0.127911,50.00,0.921
2025-02-05 04:45:00,227.26,4.1624,945.95,1364.47,0.236487,50.10,0.858
2025-02-05 05:00:00,221.19,5.0344,1113.55,2242.87,0.278387,49.81,0.903
2025-02-05 05:15:00,220.22,2.7732,610.70,1208.96,0.152675,50.10,0.866
2025-02-05 05:30:00,222.15,2.6107,579.96,1265.32,0.144989,50.11,0.899
2025-02-05 05:45:00,224.83,2.7986,629.23,885.60,0.157307,49.94,0.894
2025-02-05 06:00:00,225.89,2.6107,589.74,887.98,0.147435,49.98,0.854
2025-02-05 06:15:00,224.29,2.4244,543.77,968.36,0.135942,50.19,0.961
2025-02-05 06:30:00,220.14,2.2167,488.00,941.66,0.121999,50.05,0.830
2025-02-05 06:45:00,220.34,2.2104,487.05,724.37,0.121761,49.95,0.896
2025-02-05 07:00:00,222.93,2.0599,459.22,953.36,0.114804,49.87,0.843
2025-02-05 07:15:00,218.63,2.0540,449.06,785.89,0.112265,50.03,0.922
2025-02-05 07:30:00,218.66,3.2348,707.33,1480.42,0.176831,50.14,0.924
2025-02-05 07:45:00,223.81,1.7288,386.93,674.25,0.096732,50.00,0.834
2025-02-05 08:00:00,227.32,1.9084,433.80,736.42,0.108451,50.04,0.972
2025-02-05 08:15:00,227.92,1.9255,438.86,747.81,0.109714,50.17,0.927
2025-02-05 08:30:00,226.79,2.1151,479.67,819.32,0.119918,49.88,0.931
2025-02-05 08:45:00,227.11,2.2667,514.79,1100.15,0.128696,50.13,0.950
2025-02-05 09:00:00,219.44,2.9045,637.37,912.70,0.159343,49.93,0.869
2025-02-05 09:15:00,218.64,3.8953,851.69,2163.47,0.212923,50.15,0.892
2025-02-05 09:30:00,226.98,2.7532,624.94,926.36,0.156236,50.04,0.948
2025-02-05 09:45:00,224.59,3.1695,711.83,1316.31,0.177958,49.84,0.889
2025-02-05 10:00:00,219.09,3.6523,800.20,1392.76,0.200050,49.86,0.947
2025-02-05 10:15:00,218.85,3.8183,835.64,1243.67,0.208910,50.04,0.956
2025-02-05 10:30:00,226.46,4.2738,967.86,1808.62,0.241966,49.86,0.861
2025-02-05 10:45:00,223.78,3.5922,803.87,1137.13,0.200967,49.91,0.887
2025-02-05 11:00:00,219.38,5.2696,1156.06,2454.30,0.289016,49.89,0.943
2025-02-05 11:15:00,225.48,5.3257,1200.84,2166.74,0.300210,49.96,0.863
2025-02-05 11:30:00,224.19,4.5493,1019.90,1988.71,0.254976,49.95,0.865
2025-02-05 11:45:00,218.98,4.3524,953.09,1849.71,0.238272,50.18,0.963
2025-02-05 12:00:00,218.97,6.0755,1330.34,2047.26,0.332585,50.10,0.825
2025-02-05 12:15:00,219.24,5.4675,1198.71,2080.33,0.299677,50.08,0.885
2025-02-05 12:30:00,225.69,5.7856,1305.77,2396.43,0.326441,49.88,0.841
2025-02-05 12:45:00,224.71,4.9507,1112.46,2202.22,0.278116,49.93,0.835
2025-02-05 13:00:00,219.32,6.0038,1316.76,2370.98,0.329191,50.03,0.834
2025-02-05 13:15:00,227.79,5.6561,1288.39,1817.43,0.322098,49.82,0.941
2025-02-05 13:30:00,222.51,4.9261,1096.11,1653.52,0.274029,49.99,0.916
2025-02-05 13:45:00,222.12,5.4311,1206.35,2031.02,0.301587,50.09,0.871
2025-02-05 14:00:00,222.19,4.9758,1105.57,1617.32,0.276392,50.09,0.912
2025-02-05 14:15:00,222.34,4.3152,959.46,1855.19,0.239864,49.83,0.930
2025-02-05 14:30:00,218.92,4.6964,1028.16,1569.31,0.257040,49.81,0.840
2025-02-05 14:45:00,219.99,5.4349,1195.64,1933.23,0.298911,49.85,0.960
2025-02-05 15:00:00,218.58,4.3404,948.73,1372.20,0.237181,50.01,0.978
2025-02-05 15:15:00,222.35,3.3726,749.91,1289.07,0.187477,49.83,0.949
2025-02-05 15:30:00,219.94,3.7894,833.42,1639.05,0.208355,50.14,0.928
2025-02-05 15:45:00,219.30,4.0911,897.18,1629.32,0.224296,49.94,0.881
2025-02-05 16:00:00,223.03,2.7368,610.38,1044.35,0.152595,49.92,0.857
2025-02-05 16:15:00,219.65,2.2839,501.67,942.20,0.125418,49.88,0.928
2025-02-05 16:30:00,222.58,2.7357,608.92,1234.45,0.152229,49.89,0.896
2025-02-05 16:45:00,217.76,2.6479,576.62,1096.20,0.144154,50.05,0.880
2025-02-05 17:00:00,227.15,1.3392,304.19,541.29,0.076048,50.03,0.823
2025-02-05 17:15:00,226.69,1.7415,394.80,574.43,0.098699,49.80,0.952
2025-02-05 17:30:00,220.98,1.5813,349.44,654.92,0.087360,49.83,0.907
2025-02-05 17:45:00,222.95,1.7587,392.10,563.23,0.098025,50.15,0.860
2025-02-05 18:00:00,219.48,1.2792,280.77,536.44,0.070192,50.15,0.826
2025-02-05 18:15:00,217.79,1.6401,357.19,611.60,0.089298,50.14,0.834
2025-02-05 18:30:00,225.17,1.4992,337.58,654.91,0.084396,49.91,0.823
2025-02-05 18:45:00,221.44,1.2443,275.53,590.15,0.068882,49.99,0.895
2025-02-05 19:00:00,219.07,1.4683,321.66,554.23,0.080416,49.86,0.972
2025-02-05 19:15:00,225.89,1.4841,335.24,625.86,0.083809,50.06,0.856
2025-02-05 19:30:00,220.27,1.4021,308.85,640.07,0.077213,49.80,0.872
2025-02-05 19:45:00,219.45,1.2976,284.75,442.34,0.071187,50.05,0.835
2025-02-05 20:00:00,217.89,1.1988,261.21,487.97,0.065302,50.05,0.853
2025-02-05 20:15:00,227.38,1.3031,296.29,437.54,0.074073,49.89,0.959
2025-02-05 20:30:00,223.36,1.3921,310.95,663.16,0.077737,49.91,0.841
2025-02-05 20:45:00,218.58,1.2660,276.73,590.61,0.069181,49.89,0.931
2025-02-05 21:00:00,221.01,1.4674,324.32,504.02,0.081081,49.96,0.929
2025-02-05 21:15:00,224.44,1.6083,360.96,532.63,0.090239,49.93,0.951
2025-02-05 21:30:00,217.68,1.5882,345.71,568.36,0.086428,49.97,0.843
2025-02-05 21:45:00,221.00,1.4726,325.44,467.25,0.081360,49.94,0.894
2025-02-05 22:00:00,227.04,1.6341,371.00,563.47,0.092751,49.93,0.832
2025-02-05 22:15:00,220.38,1.6037,353.42,516.01,0.088355,49.84,0.913
2025-02-05 22:30:00,226.60,1.5933,361.03,610.15,0.090257,50.07,0.926
2025-02-05 22:45:00,222.23,1.5760,350.23,598.28,0.087557,49.95,0.937
2025-02-05 23:00:00,222.37,3.4677,771.12,1583.57,0.192779,50.12,0.851
2025-02-05 23:15:00,224.58,3.8252,859.05,1739.27,0.214762,49.85,0.866
2025-02-05 23:30:00,222.87,3.9953,890.45,1659.04,0.222612,50.12,0.828
2025-02-05 23:45:00,222.94,4.2854,955.40,2065.80,0.238850,49.99,0.940
2025-02-06 00:00:00,220.71,4.5983,1014.91,1701.68,0.253727,50.12,0.822
2025-02-06 00:15:00,223.90,4.0776,912.98,1596.19,0.228244,49.85,0.959
2025-02-06 00:30:00,219.68,4.3120,947.26,1764.85,0.236816,50.14,0.960
2025-02-06 00:45:00,225.98,5.3249,1203.31,3257.92,0.300826,49.87,0.951
2025-02-06 01:00:00,222.84,3.7308,831.37,1440.59,0.207843,50.20,0.866
2025-02-06 01:15:00,227.28,5.7700,1311.42,2689.43,0.327856,49.82,0.827
2025-02-06 01:30:00,227.63,3.9371,896.21,1963.62,0.224051,49.81,0.921
2025-02-06 01:45:00,219.93,3.3133,728.68,1391.12,0.182169,49.81,0.955
2025-02-06 02:00:00,222.43,2.5242,561.44,962.81,0.140361,49.81,0.936
2025-02-06 02:15:00,225.63,2.4985,563.74,1193.08,0.140936,50.15,0.856
2025-02-06 02:30:00,225.34,2.4841,559.77,945.82,0.139942,50.12,0.937
2025-02-06 02:45:00,220.14,2.3577,519.03,791.23,0.129758,50.02,0.883
2025-02-06 03:00:00,219.22,2.2164,485.89,906.81,0.121472,50.06,0.911
2025-02-06 03:15:00,220.09,1.8219,400.97,710.20,0.100243,49.89,0.933
2025-02-06 03:30:00,220.31,2.0724,456.58,902.73,0.114145,50.05,0.953
2025-02-06 03:45:00,226.23,2.1701,490.94,888.26,0.122735,50.07,0.927
2025-02-06 04:00:00,218.45,2.6219,572.77,1038.53,0.143191,50.20,0.904
2025-02-06 04:15:00,225.28,2.0929,471.48,947.03,0.117871,50.08,0.835
2025-02-06 04:30:00,221.41,2.1098,467.12,664.85,0.116781,49.83,0.936
2025-02-06 04:45:00,221.31,3.8872,860.26,1768.07,0.215065,49.90,0.865
2025-02-06 05:00:00,220.08,2.6974,593.65,972.94,0.148411,50.10,0.939
2025-02-06 05:15:00,226.55,2.3775,538.62,1167.60,0.134655,49.91,0.942
2025-02-06 05:30:00,222.65,2.5392,565.36,1073.18,0.141340,50.09,0.967
2025-02-06 05:45:00,227.19,2.9060,660.22,969.93,0.165054,50.06,0.907
2025-02-06 06:00:00,227.61,4.1189,937.50,1471.96,0.234375,50.10,0.947
2025-02-06 06:15:00,227.90,2.4596,560.54,1206.95,0.140134,50.02,0.950
2025-02-06 06:30:00,219.47,2.5853,567.41,939.34,0.141852,49.80,0.938
2025-02-06 06:45:00,221.28,3.7479,829.32,1820.82,0.207330,50.17,0.907
2025-02-06 07:00:00,227.95,2.1087,480.69,1028.98,0.120172,50.11,0.906
2025-02-06 07:15:00,225.95,2.2791,514.96,847.98,0.128739,49.84,0.839
2025-02-06 07:30:00,225.71,2.1860,493.41,1084.87,0.123353,49.93,0.846
2025-02-06 07:45:00,222.64,2.0150,448.62,782.42,0.112155,49.85,0.832
2025-02-06 08:00:00,224.82,2.0035,450.44,926.85,0.112611,49.86,0.871
2025-02-06 08:15:00,224.27,2.4573,551.10,1002.73,0.137774,50.06,0.974
2025-02-06 08:30:00,226.49,2.0903,473.42,758.29,0.118354,49.87,0.912
2025-02-06 08:45:00,219.92,2.4172,531.59,784.24,0.132898,49.91,0.926
2025-02-06 09:00:00,224.90,2.9220,657.15,1196.13,0.164288,49.83,0.963
2025-02-06 09:15:00,217.89,3.1624,689.07,1077.10,0.172268,50.07,0.871
2025-02-06 09:30:00,222.67,2.9290,652.19,1387.45,0.163048,49.83,0.947
2025-02-06 09:45:00,219.00,3.1372,687.06,1448.63,0.171766,49.86,0.936
2025-02-06 10:00:00,224.06,4.5049,1009.35,2157.04,0.252338,50.11,0.916
2025-02-06 10:15:00,218.54,4.6884,1024.61,1441.16,0.256153,50.07,0.841
2025-02-06 10:30:00,221.61,3.6600,811.11,1279.88,0.202777,49.85,0.901
2025-02-06 10:45:00,222.21,3.7575,834.94,1736.04,0.208735,49.94,0.857
2025-02-06 11:00:00,225.94,4.6604,1052.95,1935.45,0.263237,50.04,0.922
2025-02-06 11:15:00,222.06,4.3177,958.77,1993.41,0.239693,49.89,0.932
2025-02-06 11:30:00,222.90,5.4011,1203.88,1957.51,0.300971,50.09,0.905
2025-02-06 11:45:00,217.63,5.2303,1138.26,1854.24,0.284565,49.84,0.937
2025-02-06 12:00:00,222.28,6.3998,1422.51,3520.92,0.355629,50.07,0.957
2025-02-06 12:15:00,226.69,7.8970,1790.16,3865.88,0.447541,49.84,0.977
2025-02-06 12:30:00,221.48,5.1608,1143.01,2206.68,0.285752,49.96,0.922
2025-02-06 12:45:00,220.75,8.2614,1823.71,3155.45,0.455929,50.19,0.899
2025-02-06 13:00:00,222.03,5.5808,1239.12,1884.70,0.309779,49.81,0.955
2025-02-06 13:15:00,225.96,4.9361,1115.34,2142.54,0.278835,50.18,0.948
2025-02-06 13:30:00,224.68,4.7999,1078.47,2049.31,0.269618,49.86,0.935
2025-02-06 13:45:00,226.02,4.9288,1114.00,1658.05,0.278501,50.12,0.860
2025-02-06 14:00:00,226.00,4.7839,1081.15,1904.02,0.270288,50.04,0.969
2025-02-06 14:15:00,221.66,5.3134,1177.75,2222.65,0.294437,50.11,0.883
2025-02-06 14:30:00,227.61,4.8110,1095.03,1608.42,0.273758,50.05,0.956
2025-02-06 14:45:00,223.86,7.4375,1664.98,4021.86,0.416244,50.10,0.894
2025-02-06 15:00:00,219.77,4.2806,940.74,1490.47,0.235184,49.81,0.962
2025-02-06 15:15:00,219.78,4.4371,975.18,2085.37,0.243794,49.98,0.892
2025-02-06 15:30:00,223.98,4.5278,1014.14,3032.05,0.253535,50.07,0.951
2025-02-06 15:45:00,218.50,4.2033,918.43,1666.31,0.229608,50.09,0.952
2025-02-06 16:00:00,226.76,2.4763,561.52,887.77,0.140381,50.00,0.894
2025-02-06 16:15:00,226.87,2.6542,602.15,1050.66,0.150538,50.16,0.906
2025-02-06 16:30:00,223.76,2.3868,534.08,1019.96,0.133521,50.14,0.939
2025-02-06 16:45:00,222.84,2.2329,497.58,1091.23,0.124394,49.85,0.857
2025-02-06 17:00:00,224.31,1.4648,328.57,493.29,0.082142,50.05,0.974
2025-02-06 17:15:00,225.76,1.7018,384.19,841.61,0.096047,50.19,0.893
2025-02-06 17:30:00,218.27,1.4165,309.18,627.93,0.077294,49.96,0.855
2025-02-06 17:45:00,227.31,1.4224,323.32,550.33,0.080829,49.87,0.958
2025-02-06 18:00:00,224.33,1.2336,276.72,450.70,0.069181,50.00,0.823
2025-02-06 18:15:00,219.36,1.4017,307.48,510.13,0.076869,49.96,0.962
2025-02-06 18:30:00,220.51,1.4162,312.28,487.27,0.078069,50.20,0.925
2025-02-06 18:45:00,221.08,1.2603,278.62,608.69,0.069655,49.98,0.895
2025-02-06 19:00:00,225.87,1.1957,270.07,518.14,0.067517,49.88,0.897
2025-02-06 19:15:00,218.59,1.2128,265.10,450.02,0.066275,50.04,0.935
2025-02-06 19:30:00,219.76,2.4664,542.00,888.82,0.135501,50.04,0.976
2025-02-06 19:45:00,218.14,1.2637,275.67,584.36,0.068917,50.12,0.967
2025-02-06 20:00:00,226.38,1.1912,269.66,550.66,0.067416,49.85,0.963
2025-02-06 20:15:00,221.53,1.2863,284.97,562.55,0.071241,49.87,0.865
2025-02-06 20:30:00,226.05,1.1314,255.76,552.61,0.063941,49.95,0.924
2025-02-06 20:45:00,218.17,1.5559,339.46,546.16,0.084866,49.99,0.910
2025-02-06 21:00:00,222.42,1.3083,290.99,606.58,0.072748,50.07,0.837
2025-02-06 21:15:00,227.76,1.2044,274.31,433.04,0.068579,50.01,0.957
2025-02-06 21:30:00,217.90,1.3946,303.89,560.47,0.075972,50.17,0.969
2025-02-06 21:45:00,223.95,2.2982,514.68,1099.83,0.128669,50.05,0.916
2025-02-06 22:00:00,224.34,1.5480,347.29,654.12,0.086823,49.86,0.919
2025-02-06 22:15:00,224.28,1.7172,385.13,744.64,0.096284,50.10,0.927
2025-02-06 22:30:00,220.25,1.7396,383.15,782.90,0.095787,50.07,0.942
2025-02-06 22:45:00,220.64,2.0836,459.73,877.50,0.114933,50.20,0.890
2025-02-06 23:00:00,226.38,4.1818,946.69,1510.39,0.236674,49.83,0.864
2025-02-06 23:15:00,219.77,3.6839,809.62,1411.94,0.202405,50.18,0.916
2025-02-06 23:30:00,225.46,3.4432,776.31,1627.59,0.194077,50.08,0.900
2025-02-06 23:45:00,222.46,3.4393,765.13,1347.35,0.191282,49.99,0.839
2025-02-07 00:00:00,220.23,4.4115,971.54,1958.88,0.242885,49.87,0.863
2025-02-07 00:15:00,218.18,5.1773,1129.57,2106.85,0.282392,50.16,0.843
2025-02-07 00:30:00,222.46,3.8338,852.87,1670.50,0.213216,49.95,0.942
2025-02-07 00:45:00,224.65,4.0262,904.51,1893.76,0.226126,50.08,0.888
2025-02-07 01:00:00,223.99,3.0472,682.56,1286.78,0.170639,49.88,0.933
2025-02-07 01:15:00,222.82,3.3659,749.97,1601.90,0.187492,50.13,0.947
2025-02-07 01:30:00,221.34,4.0759,902.15,1489.96,0.225538,49.92,0.844
2025-02-07 01:45:00,224.56,3.0421,683.11,1038.32,0.170779,50.08,0.912
2025-02-07 02:00:00,220.09,2.2964,505.40,1089.92,0.126351,49.83,0.850
2025-02-07 02:15:00,225.29,2.2157,499.19,754.50,0.124797,50.16,0.853
2025-02-07 02:30:00,221.79,2.8595,634.22,1717.74,0.158555,49.92,0.948
2025-02-07 02:45:00,226.30,2.3324,527.82,1032.12,0.131955,50.07,0.851
2025-02-07 03:00:00,220.85,2.2870,505.09,1031.48,0.126274,49.92,0.910
2025-02-07 03:15:00,225.08,2.1650,487.30,1036.21,0.121824,49.94,0.858
2025-02-07 03:30:00,227.14,2.2431,509.50,999.36,0.127375,49.81,0.946
2025-02-07 03:45:00,227.43,2.2036,501.16,808.00,0.125291,49.97,0.972
2025-02-07 04:00:00,217.97,2.5382,553.26,901.53,0.138314,50.07,0.889
2025-02-07 04:15:00,220.77,3.5797,790.30,1884.34,0.197574,49.84,0.865
2025-02-07 04:30:00,218.39,2.0964,457.84,773.79,0.114460,49.88,0.978
2025-02-07 04:45:00,224.29,2.2677,508.64,911.12,0.127160,50.16,0.897
2025-02-07 05:00:00,217.95,2.6810,584.31,852.45,0.146078,50.20,0.832
2025-02-07 05:15:00,221.46,2.3908,529.47,884.16,0.132368,49.82,0.889
2025-02-07 05:30:00,227.57,2.9326,667.38,1328.37,0.166845,49.81,0.824
2025-02-07 05:45:00,227.74,2.5302,576.23,1007.09,0.144057,49.96,0.853
2025-02-07 06:00:00,219.69,2.7559,605.44,1234.72,0.151360,49.97,0.963
2025-02-07 06:15:00,220.68,2.5067,553.18,1213.39,0.138294,50.05,0.935
2025-02-07 06:30:00,218.65,2.6074,570.12,1106.57,0.142530,50.13,0.965
2025-02-07 06:45:00,224.57,2.6082,585.73,1040.91,0.146432,50.18,0.879
2025-02-07 07:00:00,223.07,2.2342,498.37,910.29,0.124592,49.80,0.878
2025-02-07 07:15:00,220.04,2.0585,452.96,646.06,0.113240,50.03,0.963
2025-02-07 07:30:00,223.76,2.1933,490.77,720.59,0.122692,49.87,0.921
2025-02-07 07:45:00,223.72,2.1329,477.19,730.44,0.119297,49.91,0.955
2025-02-07 08:00:00,222.68,2.4708,550.22,792.21,0.137555,49.81,0.888
2025-02-07 08:15:00,224.02,1.9327,432.96,684.75,0.108240,49.93,0.966
2025-02-07 08:30:00,223.71,2.1806,487.82,722.50,0.121956,50.03,0.834
2025-02-07 08:45:00,218.41,2.0761,453.44,967.37,0.113361,49.98,0.845
2025-02-07 09:00:00,221.45,2.5488,564.43,990.37,0.141109,50.18,0.920
2025-02-07 09:15:00,221.99,2.8811,639.59,1328.19,0.159898,50.18,0.945
2025-02-07 09:30:00,227.33,2.5027,568.93,956.18,0.142233,50.10,0.943
2025-02-07 09:45:00,224.98,2.7495,618.58,1241.59,0.154646,50.15,0.978
2025-02-07 10:00:00,227.59,3.6559,832.03,1363.32,0.208008,50.14,0.856
2025-02-07 10:15:00,226.14,3.6650,828.80,1227.89,0.207200,50.16,0.852
2025-02-07 10:30:00,222.94,4.0655,906.35,1651.57,0.226588,49.99,0.958
2025-02-07 10:45:00,220.07,3.6988,814.00,1745.67,0.203499,49.99,0.895
2025-02-07 11:00:00,218.19,4.8975,1068.56,1642.45,0.267140,49.87,0.928
2025-02-07 11:15:00,218.12,4.1219,899.04,1543.88,0.224760,49.83,0.828
2025-02-07 11:30:00,222.26,4.9276,1095.19,1780.33,0.273798,50.16,0.909
2025-02-07 11:45:00,217.53,4.4949,977.76,1595.89,0.244441,50.19,0.872
2025-02-07 12:00:00,226.80,4.8275,1094.86,1871.78,0.273716,49.90,0.878
2025-02-07 12:15:00,224.97,5.1605,1160.93,1978.54,0.290233,50.10,0.926
2025-02-07 12:30:00,218.41,4.9397,1078.87,1873.19,0.269718,50.09,0.939
2025-02-07 12:45:00,222.62,5.2124,1160.36,2116.50,0.290090,49.89,0.948
2025-02-07 13:00:00,219.06,5.4451,1192.80,1807.62,0.298200,49.94,0.933
2025-02-07 13:15:00,219.86,5.8940,1295.88,2670.75,0.323970,50.12,0.965
2025-02-07 13:30:00,225.91,5.5626,1256.64,2181.84,0.314159,50.00,0.977
2025-02-07 13:45:00,221.00,4.9289,1089.27,1704.58,0.272318,49.99,0.883
2025-02-07 14:00:00,218.34,4.3394,947.46,2036.71,0.236865,49.84,0.904
2025-02-07 14:15:00,225.61,4.2700,963.36,1591.49,0.240841,50.08,0.835
2025-02-07 14:30:00,226.03,6.5479,1480.02,2883.80,0.370004,50.08,0.913
2025-02-07 14:45:00,222.12,5.0447,1120.51,2081.77,0.280128,49.98,0.866
2025-02-07 15:00:00,225.38,3.7473,844.58,1305.51,0.211146,49.82,0.937
2025-02-07 15:15:00,224.88,3.8737,871.11,1513.37,0.217778,50.00,0.906
2025-02-07 15:30:00,221.10,4.3332,958.08,1912.09,0.239519,50.14,0.864
2025-02-07 15:45:00,222.48,4.2717,950.35,1490.43,0.237588,49.85,0.946
2025-02-07 16:00:00,222.08,2.3803,528.62,1090.41,0.132155,50.01,0.914
2025-02-07 16:15:00,226.99,2.3923,543.01,1028.72,0.135753,50.06,0.974
2025-02-07 16:30:00,219.45,2.3963,525.86,989.49,0.131466,50.14,0.937
2025-02-07 16:45:00,221.87,2.8043,622.20,928.20,0.155549,49.94,0.893
2025-02-07 17:00:00,218.42,1.9919,435.06,840.48,0.108766,49.90,0.838
2025-02-07 17:15:00,226.92,1.8111,410.97,898.36,0.102743,49.98,0.833
2025-02-07 17:30:00,224.66,1.6936,380.49,564.20,0.095122,49.97,0.902
2025-02-07 17:45:00,223.50,1.4778,330.30,519.60,0.082575,50.10,0.887
2025-02-07 18:00:00,220.64,1.5446,340.81,702.92,0.085202,50.12,0.858
2025-02-07 18:15:00,218.28,1.3954,304.59,527.77,0.076148,49.88,0.877
2025-02-07 18:30:00,222.20,1.3654,303.38,526.55,0.075845,49.85,0.878
2025-02-07 18:45:00,222.10,1.7148,380.86,540.27,0.095216,50.17,0.961
2025-02-07 19:00:00,224.90,1.4367,323.12,704.40,0.080779,50.17,0.867
2025-02-07 19:15:00,227.79,1.3310,303.18,550.75,0.075796,49.91,0.914
2025-02-07 19:30:00,219.92,1.6524,363.39,707.79,0.090848,49.99,0.842
2025-02-07 19:45:00,220.99,1.3726,303.34,532.90,0.075834,50.04,0.888
2025-02-07 20:00:00,220.04,1.6236,357.26,535.56,0.089315,49.82,0.918
2025-02-07 20:15:00,218.47,1.4013,306.15,510.05,0.076537,49.84,0.913
2025-02-07 20:30:00,218.37,1.5224,332.44,597.27,0.083111,49.84,0.901
2025-02-07 20:45:00,226.16,1.2444,281.44,605.13,0.070359,49.90,0.918
2025-02-07 21:00:00,225.14,1.4116,317.81,523.42,0.079452,50.11,0.959
2025-02-07 21:15:00,221.86,1.4563,323.11,546.78,0.080777,50.15,0.846
2025-02-07 21:30:00,226.32,1.7028,385.39,608.09,0.096348,49.84,0.898
2025-02-07 21:45:00,227.86,1.4005,319.13,687.79,0.079783,49.94,0.965
2025-02-07 22:00:00,225.34,1.8597,419.06,602.34,0.104765,49.96,0.867
2025-02-07 22:15:00,226.79,2.0984,475.89,1035.07,0.118971,50.17,0.905
2025-02-07 22:30:00,227.15,2.1352,485.01,729.39,0.121253,49.90,0.947
2025-02-07 22:45:00,222.23,2.1815,484.79,937.53,0.121198,49.84,0.968
2025-02-07 23:00:00,226.46,4.8187,1091.27,2066.16,0.272817,50.01,0.924
2025-02-07 23:15:00,226.67,7.6295,1729.35,4062.13,0.432336,49.83,0.870
2025-02-07 23:30:00,227.79,4.9557,1128.86,1962.44,0.282216,50.07,0.843
2025-02-07 23:45:00,227.40,4.4546,1012.96,1649.06,0.253240,49.97,0.844
2025-02-08 00:00:00,218.05,5.8922,1284.82,1889.05,0.321206,50.01,0.948
2025-02-08 00:15:00,220.84,6.2444,1379.05,2769.04,0.344764,50.02,0.893
2025-02-08 00:30:00,221.77,4.6273,1026.18,1898.09,0.256545,49.97,0.920
2025-02-08 00:45:00,225.82,4.5750,1033.16,2006.35,0.258289,49.92,0.907
2025-02-08 01:00:00,223.68,3.7312,834.59,1699.96,0.208649,49.93,0.899
2025-02-08 01:15:00,219.72,4.0777,895.95,1755.18,0.223989,49.95,0.878
2025-02-08 01:30:00,217.79,3.9800,866.80,1481.75,0.216701,49.85,0.868
2025-02-08 01:45:00,217.59,4.6870,1019.84,1782.80,0.254960,50.10,0.845
2025-02-08 02:00:00,225.45,2.7404,617.83,1247.52,0.154457,49.86,0.916
2025-02-08 02:15:00,224.64,2.6563,596.72,999.65,0.149181,50.08,0.879
2025-02-08 02:30:00,227.80,2.4923,567.75,1172.77,0.141938,49.88,0.865
2025-02-08 02:45:00,220.81,2.6071,575.67,941.24,0.143917,50.19,0.877
2025-02-08 03:00:00,225.01,2.5092,564.58,1114.00,0.141145,49.83,0.972
2025-02-08 03:15:00,223.05,2.5085,559.52,1133.37,0.139880,49.85,0.901
2025-02-08 03:30:00,227.88,2.1268,484.65,707.48,0.121162,50.09,0.970
2025-02-08 03:45:00,221.96,2.1852,485.02,695.05,0.121255,49.85,0.959
2025-02-08 04:00:00,221.03,2.9736,657.25,1435.98,0.164313,50.19,0.966
2025-02-08 04:15:00,222.06,2.9675,658.95,1195.23,0.164738,49.96,0.899
2025-02-08 04:30:00,223.54,2.8556,638.33,997.64,0.159583,49.86,0.910
2025-02-08 04:45:00,218.99,2.7356,599.08,1055.86,0.149770,50.12,0.965
2025-02-08 05:00:00,227.34,3.8203,868.51,2430.68,0.217127,50.07,0.910
2025-02-08 05:15:00,219.62,4.8718,1069.94,1945.70,0.267485,49.83,0.836
2025-02-08 05:30:00,217.92,3.3621,732.69,1187.14,0.183172,50.01,0.946
2025-02-08 05:45:00,227.91,3.1011,706.77,1073.04,0.176692,49.89,0.933
2025-02-08 06:00:00,221.20,3.2190,712.06,1245.51,0.178014,49.81,0.965
2025-02-08 06:15:00,220.04,2.4926,548.48,799.24,0.137121,49.83,0.915
2025-02-08 06:30:00,223.91,2.6374,590.54,983.76,0.147636,49.82,0.968
2025-02-08 06:45:00,217.66,2.6747,582.17,1060.96,0.145544,50.15,0.935
2025-02-08 07:00:00,222.14,2.3798,528.65,1131.26,0.132163,50.14,0.884
2025-02-08 07:15:00,220.58,2.5294,557.92,1207.24,0.139479,50.14,0.887
2025-02-08 07:30:00,224.22,2.0388,457.14,885.35,0.114284,49.96,0.886
2025-02-08 07:45:00,224.14,2.4691,553.43,1135.03,0.138358,50.03,0.934
2025-02-08 08:00:00,218.05,2.4343,530.80,963.12,0.132701,50.02,0.881
2025-02-08 08:15:00,217.92,2.9156,635.37,1372.65,0.158843,50.16,0.936
2025-02-08 08:30:00,222.32,2.8379,630.95,1293.18,0.157736,50.05,0.940
2025-02-08 08:45:00,227.02,2.7332,620.51,876.21,0.155127,50.10,0.902
2025-02-08 09:00:00,221.78,3.1170,691.31,1368.22,0.172827,50.14,0.959
2025-02-08 09:15:00,218.75,3.8663,845.76,1640.11,0.211440,49.92,0.940
2025-02-08 09:30:00,220.17,3.7309,821.43,1188.44,0.205357,49.89,0.942
2025-02-08 09:45:00,224.97,3.0065,676.38,1272.87,0.169096,49.82,0.830
2025-02-08 10:00:00,226.82,4.2585,965.91,1777.42,0.241476,49.98,0.904
2025-02-08 10:15:00,224.41,4.9498,1110.81,1988.92,0.277701,50.11,0.962
2025-02-08 10:30:00,226.65,4.7722,1081.65,1522.18,0.270411,50.16,0.912
2025-02-08 10:45:00,224.61,5.3490,1201.43,2195.01,0.300357,50.07,0.855
2025-02-08 11:00:00,227.93,6.2830,1432.11,3063.81,0.358027,50.04,0.825
2025-02-08 11:15:00,218.95,4.9453,1082.76,1679.26,0.270690,50.13,0.917
2025-02-08 11:30:00,222.18,5.8203,1293.15,2208.02,0.323288,49.99,0.964
2025-02-08 11:45:00,222.29,4.9578,1102.05,1629.37,0.275513,50.16,0.863
2025-02-08 12:00:00,218.89,6.9878,1529.56,2662.18,0.382389,49.92,0.952
2025-02-08 12:15:00,223.37,6.1361,1370.61,2469.47,0.342652,50.18,0.845
2025-02-08 12:30:00,226.24,6.6232,1498.43,2295.98,0.374607,50.06,0.926
2025-02-08 12:45:00,220.66,6.6516,1467.71,2722.79,0.366927,49.98,0.874
2025-02-08 13:00:00,219.63,6.7023,1472.03,2450.71,0.368009,50.16,0.832
2025-02-08 13:15:00,227.23,5.4671,1242.28,2133.71,0.310571,50.17,0.838
2025-02-08 13:30:00,226.50,5.8879,1333.62,1914.96,0.333405,49.88,0.965
2025-02-08 13:45:00,227.47,6.9509,1581.10,3062.43,0.395276,49.85,0.911
2025-02-08 14:00:00,217.54,6.5988,1435.54,3125.70,0.358885,49.99,0.826
2025-02-08 14:15:00,217.97,6.4597,1408.02,2203.05,0.352006,49.85,0.932
2025-02-08 14:30:00,221.47,5.0964,1128.69,1752.89,0.282173,50.10,0.825
2025-02-08 14:45:00,226.20,6.1960,1401.55,2926.96,0.350388,49.93,0.837
2025-02-08 15:00:00,222.23,5.2117,1158.21,1995.08,0.289552,49.99,0.929
2025-02-08 15:15:00,224.05,5.0225,1125.27,2080.89,0.281316,50.15,0.975
2025-02-08 15:30:00,219.12,4.9856,1092.42,1812.83,0.273106,49.86,0.873
2025-02-08 15:45:00,223.47,4.7833,1068.93,1851.60,0.267233,50.17,0.965
2025-02-08 16:00:00,223.81,2.7895,624.32,1067.81,0.156080,49.91,0.920
2025-02-08 16:15:00,224.83,3.1150,700.34,1061.88,0.175085,49.82,0.937
2025-02-08 16:30:00,226.67,3.9414,893.41,1446.98,0.223352,50.17,0.874
2025-02-08 16:45:00,221.44,2.6761,592.59,1221.02,0.148147,49.88,0.930
2025-02-08 17:00:00,220.09,2.4735,544.39,1053.89,0.136099,49.81,0.878
2025-02-08 17:15:00,226.24,1.6676,377.28,642.68,0.094321,49.94,0.973
2025-02-08 17:30:00,218.40,1.5775,344.51,657.85,0.086128,49.92,0.888
2025-02-08 17:45:00,226.28,2.8846,652.75,1386.36,0.163186,49.87,0.847
2025-02-08 18:00:00,226.07,1.7609,398.09,601.08,0.099523,49.94,0.890
2025-02-08 18:15:00,220.20,1.7270,380.29,673.77,0.095071,50.00,0.823
2025-02-08 18:30:00,225.94,1.4872,336.02,489.66,0.084006,50.19,0.916
2025-02-08 18:45:00,221.73,1.7408,385.98,623.71,0.096495,50.00,0.867
2025-02-08 19:00:00,225.02,1.4592,328.35,526.95,0.082087,49.96,0.979
2025-02-08 19:15:00,225.76,1.4001,316.08,680.20,0.079020,49.80,0.918
2025-02-08 19:30:00,225.81,1.2711,287.02,409.95,0.071755,49.83,0.878
2025-02-08 19:45:00,221.50,1.4163,313.71,467.80,0.078429,50.14,0.956
2025-02-08 20:00:00,226.43,1.2447,281.85,441.24,0.070463,49.83,0.965
2025-02-08 20:15:00,221.28,1.5101,334.15,685.84,0.083537,50.01,0.874
2025-02-08 20:30:00,224.49,1.2748,286.18,442.46,0.071545,50.13,0.940
2025-02-08 20:45:00,222.03,1.5460,343.25,531.63,0.085813,49.89,0.979
2025-02-08 21:00:00,218.79,1.7049,373.01,692.26,0.093252,50.03,0.954
2025-02-08 21:15:00,227.92,1.3062,297.71,469.32,0.074429,49.81,0.954
2025-02-08 21:30:00,223.34,1.6012,357.60,544.91,0.089400,50.10,0.846
2025-02-08 21:45:00,223.76,1.7682,395.66,750.31,0.098914,50.03,0.953
2025-02-08 22:00:00,226.35,2.0340,460.38,837.53,0.115096,50.02,0.834
2025-02-08 22:15:00,222.37,2.0947,465.80,696.19,0.116450,50.18,0.854
2025-02-08 22:30:00,218.94,1.7549,384.22,786.39,0.096056,49.94,0.860
2025-02-08 22:45:00,217.71,2.3425,509.98,1075.25,0.127496,49.86,0.904
2025-02-08 23:00:00,220.23,6.4580,1422.25,2487.63,0.355561,49.90,0.961
2025-02-08 23:15:00,218.49,5.2745,1152.43,2253.96,0.288108,50.10,0.949
2025-02-08 23:30:00,220.29,5.5589,1224.56,2678.54,0.306140,49.82,0.896
2025-02-08 23:45:00,221.09,4.3181,954.69,1918.41,0.238672,50.09,0.958
2025-02-09 00:00:00,219.50,6.0883,1336.39,2632.04,0.334098,50.20,0.968
2025-02-09 00:15:00,217.77,5.2219,1137.15,2464.76,0.284288,50.10,0.853
2025-02-09 00:30:00,224.39,5.3501,1200.52,2563.76,0.300129,50.08,0.932
2025-02-09 00:45:00,223.18,4.5880,1023.96,1861.51,0.255991,49.82,0.956
2025-02-09 01:00:00,219.75,4.4752,983.42,2048.16,0.245856,49.95,0.936
2025-02-09 01:15:00,225.55,3.7585,847.72,1751.12,0.211931,49.81,0.895
2025-02-09 01:30:00,224.55,3.6641,822.79,1726.83,0.205697,49.82,0.912
2025-02-09 01:45:00,227.32,4.5862,1042.52,1584.52,0.260630,50.06,0.891
2025-02-09 02:00:00,219.01,2.8261,618.95,978.57,0.154738,49.87,0.945
2025-02-09 02:15:00,225.80,2.5854,583.80,936.18,0.145949,49.93,0.911
2025-02-09 02:30:00,218.18,2.9251,638.18,1363.40,0.159545,49.88,0.828
2025-02-09 02:45:00,222.54,2.5684,571.58,1138.47,0.142895,49.98,0.877
2025-02-09 03:00:00,223.34,2.8190,629.60,1314.95,0.157399,49.81,0.913
2025-02-09 03:15:00,226.24,3.7777,854.67,1533.89,0.213669,49.93,0.893
2025-02-09 03:30:00,223.11,4.3961,980.81,2203.50,0.245202,50.19,0.825
2025-02-09 03:45:00,226.13,2.0065,453.73,906.75,0.113432,49.99,0.929
2025-02-09 04:00:00,226.72,2.8941,656.14,1230.46,0.164036,50.10,0.826
2025-02-09 04:15:00,221.61,2.4292,538.34,1045.06,0.134585,50.14,0.916
2025-02-09 04:30:00,219.21,2.5550,560.10,995.87,0.140025,49.98,0.844
2025-02-09 04:45:00,217.71,2.3706,516.09,1076.51,0.129023,50.05,0.860
2025-02-09 05:00:00,221.56,3.6180,801.61,1384.11,0.200403,50.06,0.980
2025-02-09 05:15:00,224.62,2.7069,608.03,1336.81,0.152007,50.09,0.842
2025-02-09 05:30:00,220.31,3.6267,798.99,1402.03,0.199749,49.99,0.884
2025-02-09 05:45:00,219.99,3.5012,770.24,1688.48,0.192560,49.95,0.953
2025-02-09 06:00:00,226.07,2.9139,658.75,1300.95,0.164688,50.15,0.825
2025-02-09 06:15:00,218.28,3.0055,656.04,1349.75,0.164009,50.01,0.950
2025-02-09 06:30:00,222.92,2.4352,542.85,1193.24,0.135713,49.81,0.916
2025-02-09 06:45:00,221.48,2.7877,617.42,952.47,0.154355,50.07,0.880
2025-02-09 07:00:00,218.44,2.4942,544.82,909.75,0.136206,50.17,0.958
2025-02-09 07:15:00,220.22,2.2371,492.67,870.91,0.123167,50.04,0.979
2025-02-09 07:30:00,218.49,2.1962,479.85,964.31,0.119963,49.93,0.838
2025-02-09 07:45:00,217.58,2.2776,495.57,773.82,0.123891,50.11,0.965
2025-02-09 08:00:00,226.18,2.4363,551.03,794.81,0.137757,49.87,0.973
2025-02-09 08:15:00,218.94,2.4620,539.03,813.21,0.134757,49.92,0.978
2025-02-09 08:30:00,220.30,2.9864,657.91,926.76,0.164478,49.82,0.911
2025-02-09 08:45:00,218.00,2.3927,521.62,884.10,0.130405,49.95,0.977
2025-02-09 09:00:00,218.12,3.3277,725.83,1481.19,0.181458,49.98,0.927
2025-02-09 09:15:00,222.08,3.4299,761.70,1322.95,0.190424,49.82,0.937
2025-02-09 09:30:00,225.34,3.0187,680.23,1083.82,0.170058,49.87,0.970
2025-02-09 09:45:00,225.86,3.4514,779.54,1157.36,0.194885,50.07,0.826
2025-02-09 10:00:00,225.49,4.2753,964.02,1461.04,0.241004,50.09,0.929
2025-02-09 10:15:00,224.17,4.3935,984.87,1758.02,0.246217,49.84,0.855
2025-02-09 10:30:00,226.78,5.1469,1167.22,1694.15,0.291806,49.99,0.956
2025-02-09 10:45:00,220.13,4.6950,1033.51,1748.24,0.258378,50.09,0.899
2025-02-09 11:00:00,219.47,6.0151,1320.16,1923.46,0.330039,50.05,0.946
2025-02-09 11:15:00,219.51,6.1346,1346.58,2033.91,0.336645,50.12,0.949
2025-02-09 11:30:00,220.68,9.4185,2078.47,3743.77,0.519618,49.87,0.954
2025-02-09 11:45:00,224.86,6.1474,1382.32,2761.05,0.345580,49.87,0.836
2025-02-09 12:00:00,227.51,7.0567,1605.50,2294.60,0.401376,49.91,0.939
2025-02-09 12:15:00,220.76,6.5055,1436.13,2111.97,0.359033,50.11,0.821
2025-02-09 12:30:00,223.95,6.2096,1390.64,2516.11,0.347659,49.84,0.977
2025-02-09 12:45:00,224.62,7.1723,1611.07,3429.49,0.402769,49.90,0.932
2025-02-09 13:00:00,224.97,6.3003,1417.37,2443.94,0.354342,49.89,0.957
2025-02-09 13:15:00,226.73,5.2778,1196.63,2337.70,0.299158,49.98,0.864
2025-02-09 13:30:00,225.18,6.7450,1518.86,3252.72,0.379714,50.06,0.960
2025-02-09 13:45:00,224.65,5.7547,1292.79,2763.80,0.323197,50.19,0.824
2025-02-09 14:00:00,226.50,5.0027,1133.09,2110.23,0.283273,49.83,0.941
2025-02-09 14:15:00,221.79,8.6176,1911.27,4145.14,0.477818,49.80,0.965
2025-02-09 14:30:00,226.47,5.3137,1203.38,2491.22,0.300846,50.18,0.834
2025-02-09 14:45:00,227.48,5.0415,1146.84,2128.15,0.286710,50.15,0.918
2025-02-09 15:00:00,225.33,4.5866,1033.50,1834.23,0.258375,49.87,0.936
2025-02-09 15:15:00,226.35,4.4305,1002.85,1983.74,0.250713,49.96,0.853
2025-02-09 15:30:00,227.91,3.9560,901.60,1455.72,0.225400,49.93,0.939
2025-02-09 15:45:00,222.23,4.3017,955.98,2102.03,0.238994,49.91,0.940
2025-02-09 16:00:00,220.29,2.6024,573.28,908.04,0.143321,50.06,0.963
2025-02-09 16:15:00,217.74,2.9316,638.33,1192.38,0.159582,49.92,0.882
2025-02-09 16:30:00,221.38,3.2932,729.05,1455.72,0.182262,50.17,0.888
2025-02-09 16:45:00,224.07,3.5248,789.81,1449.30,0.197452,50.08,0.831
2025-02-09 17:00:00,219.05,1.4614,320.11,664.25,0.080028,49.85,0.850
2025-02-09 17:15:00,224.74,1.3582,305.23,543.67,0.076307,50.03,0.968
2025-02-09 17:30:00,221.91,1.6317,362.10,558.18,0.090524,49.89,0.957
2025-02-09 17:45:00,220.65,1.6687,368.20,749.70,0.092051,49.84,0.838
2025-02-09 18:00:00,223.36,1.2646,282.46,584.37,0.070615,49.88,0.892
2025-02-09 18:15:00,225.27,1.5952,359.34,561.07,0.089836,50.15,0.860
2025-02-09 18:30:00,223.44,1.5184,339.28,640.26,0.084821,50.02,0.915
2025-02-09 18:45:00,218.60,1.3708,299.65,561.87,0.074912,50.06,0.971
2025-02-09 19:00:00,218.82,2.0835,455.92,1369.53,0.113979,49.98,0.879
2025-02-09 19:15:00,218.73,1.5680,342.98,486.07,0.085745,50.05,0.914
2025-02-09 19:30:00,223.38,1.3618,304.19,523.37,0.076048,50.01,0.944
2025-02-09 19:45:00,219.47,1.4676,322.08,525.72,0.080520,49.97,0.949
2025-02-09 20:00:00,221.82,1.3672,303.28,585.90,0.075820,50.15,0.875
2025-02-09 20:15:00,221.44,1.4216,314.81,491.22,0.078703,49.82,0.865
2025-02-09 20:30:00,223.67,1.4056,314.38,593.85,0.078595,49.92,0.826
2025-02-09 20:45:00,221.52,1.2404,274.78,494.26,0.068694,50.05,0.941
2025-02-09 21:00:00,221.00,1.4497,320.40,565.57,0.080099,49.86,0.977
2025-02-09 21:15:00,222.43,1.7389,386.79,897.89,0.096698,49.83,0.948
2025-02-09 21:30:00,226.52,1.2750,288.83,515.59,0.072207,50.19,0.826
2025-02-09 21:45:00,219.94,1.2826,282.09,441.09,0.070522,50.14,0.920
2025-02-09 22:00:00,220.85,1.8208,402.12,875.35,0.100531,50.01,0.877
2025-02-09 22:15:00,224.52,1.5844,355.73,702.86,0.088932,50.13,0.908
2025-02-09 22:30:00,218.27,2.0638,450.47,949.99,0.112618,49.91,0.977
2025-02-09 22:45:00,220.43,2.5633,565.04,1565.12,0.141259,49.83,0.898
2025-02-09 23:00:00,225.18,4.2892,965.85,1717.37,0.241463,49.95,0.886
2025-02-09 23:15:00,226.22,3.9923,903.15,1349.28,0.225787,50.10,0.976
2025-02-09 23:30:00,218.07,3.6066,786.50,1540.27,0.196625,50.02,0.889
2025-02-09 23:45:00,227.65,6.2276,1417.75,3250.09,0.354438,50.15,0.969
2025-02-10 00:00:00,226.62,5.0300,1139.90,1690.07,0.284975,50.13,0.908
2025-02-10 00:15:00,227.37,3.9197,891.20,1739.85,0.222799,50.14,0.839
2025-02-10 00:30:00,227.94,4.5440,1035.76,1764.77,0.258940,50.10,0.946
2025-02-10 00:45:00,218.31,4.1977,916.42,1449.16,0.229106,50.14,0.842
2025-02-10 01:00:00,220.70,3.3443,738.08,1109.42,0.184519,50.18,0.946
2025-02-10 01:15:00,220.82,3.4244,756.20,1219.00,0.189049,50.08,0.910
2025-02-10 01:30:00,218.40,4.0570,886.06,1935.01,0.221516,50.15,0.946
2025-02-10 01:45:00,223.05,3.4342,765.98,1478.13,0.191495,50.04,0.874
2025-02-10 02:00:00,226.37,2.4424,552.87,1025.89,0.138218,50.06,0.844
2025-02-10 02:15:00,218.49,1.9791,432.42,644.11,0.108105,50.03,0.966
2025-02-10 02:30:00,227.59,2.3172,527.38,794.11,0.131846,49.97,0.875
2025-02-10 02:45:00,221.22,2.2937,507.41,713.80,0.126853,49.82,0.954
2025-02-10 03:00:00,219.36,1.7670,387.61,632.23,0.096902,49.85,0.926
2025-02-10 03:15:00,224.39,2.1656,485.95,1009.01,0.121488,50.09,0.947
2025-02-10 03:30:00,225.60,2.2054,497.54,904.01,0.124385,50.04,0.979
2025-02-10 03:45:00,217.56,1.9573,425.83,855.52,0.106458,50.00,0.897
2025-02-10 04:00:00,218.33,3.9775,868.42,1577.71,0.217105,49.99,0.834
2025-02-10 04:15:00,227.94,1.9514,444.79,810.95,0.111196,50.02,0.853
2025-02-10 04:30:00,217.69,3.6788,800.85,1717.83,0.200213,50.05,0.861
2025-02-10 04:45:00,219.70,2.1768,478.26,850.85,0.119565,49.88,0.824
2025-02-10 05:00:00,225.24,2.9678,668.45,1337.61,0.167112,49.87,0.970
2025-02-10 05:15:00,221.61,2.3178,513.64,806.96,0.128411,50.04,0.967
2025-02-10 05:30:00,224.30,2.8517,639.63,1241.22,0.159907,49.97,0.966
2025-02-10 05:45:00,217.62,2.7699,602.77,1104.86,0.150692,50.12,0.847
2025-02-10 06:00:00,223.10,2.7182,606.43,972.58,0.151608,50.00,0.851
2025-02-10 06:15:00,217.89,2.1874,476.61,704.14,0.119153,50.07,0.835
2025-02-10 06:30:00,225.60,2.4876,561.21,789.26,0.140302,49.83,0.876
2025-02-10 06:45:00,227.72,2.1948,499.80,847.10,0.124950,49.98,0.960
2025-02-10 07:00:00,227.58,2.1386,486.70,1019.83,0.121675,50.01,0.957
2025-02-10 07:15:00,220.08,2.0075,441.80,827.44,0.110451,49.96,0.855
2025-02-10 07:30:00,223.40,1.8957,423.49,755.55,0.105873,50.08,0.958
2025-02-10 07:45:00,226.78,1.9220,435.86,737.96,0.108966,50.15,0.927
2025-02-10 08:00:00,222.07,2.3940,531.63,1108.05,0.132907,50.05,0.939
2025-02-10 08:15:00,222.59,2.2758,506.57,960.31,0.126642,49.98,0.820
2025-02-10 08:30:00,221.12,2.5531,564.54,860.24,0.141136,50.08,0.945
2025-02-10 08:45:00,224.66,2.4915,559.73,1117.90,0.139932,49.90,0.854
2025-02-10 09:00:00,226.21,3.1935,722.42,1326.91,0.180604,50.10,0.942
2025-02-10 09:15:00,223.99,2.5661,574.77,833.24,0.143694,50.06,0.830
2025-02-10 09:30:00,217.75,2.5935,564.72,967.92,0.141179,49.87,0.899
2025-02-10 09:45:00,219.45,4.4846,984.12,2399.01,0.246030,50.11,0.860
2025-02-10 10:00:00,222.62,3.8750,862.66,1410.36,0.215664,49.95,0.828
2025-02-10 10:15:00,219.67,4.1114,903.15,1803.61,0.225787,49.94,0.886
2025-02-10 10:30:00,219.47,4.3506,954.84,1954.99,0.238709,50.14,0.845
2025-02-10 10:45:00,227.73,5.4442,1239.78,2456.50,0.309946,50.14,0.883
2025-02-10 11:00:00,223.52,4.4045,984.51,1881.76,0.246127,49.86,0.958
2025-02-10 11:15:00,224.50,4.6411,1041.95,2280.22,0.260487,49.83,0.863
2025-02-10 11:30:00,224.58,4.8773,1095.36,1921.43,0.273841,50.06,0.850
2025-02-10 11:45:00,227.38,4.0982,931.87,1657.28,0.232967,49.88,0.910
2025-02-10 12:00:00,221.73,5.5001,1219.52,2006.33,0.304879,50.13,0.870
2025-02-10 12:15:00,217.75,5.5638,1211.49,2276.30,0.302873,49.98,0.928
2025-02-10 12:30:00,226.97,5.0755,1151.98,2214.06,0.287995,50.03,0.831
2025-02-10 12:45:00,227.42,4.9897,1134.73,1832.55,0.283682,50.01,0.958
2025-02-10 13:00:00,220.85,4.8986,1081.84,1529.33,0.270459,50.01,0.833
2025-02-10 13:15:00,224.66,8.1083,1821.63,2931.14,0.455408,49.95,0.857
2025-02-10 13:30:00,220.30,4.8150,1060.72,1600.66,0.265181,49.81,0.876
2025-02-10 13:45:00,218.29,4.7009,1026.18,1841.69,0.256546,50.12,0.917
2025-02-10 14:00:00,226.83,3.9814,903.10,1740.54,0.225775,50.00,0.957
2025-02-10 14:15:00,224.23,7.4467,1669.77,3329.54,0.417443,50.00,0.900
2025-02-10 14:30:00,219.91,4.1063,902.99,1615.27,0.225748,49.81,0.946
2025-02-10 14:45:00,227.09,4.7335,1074.92,1561.43,0.268731,49.97,0.848
2025-02-10 15:00:00,220.62,5.6360,1243.42,2304.96,0.310854,49.88,0.859
2025-02-10 15:15:00,219.55,4.2534,933.82,1487.45,0.233456,50.03,0.890
2025-02-10 15:30:00,222.53,3.2772,729.28,1097.77,0.182321,50.16,0.900
2025-02-10 15:45:00,219.64,3.4770,763.70,1226.74,0.190924,49.92,0.876
2025-02-10 16:00:00,218.42,2.4552,536.28,1137.06,0.134069,49.87,0.888
2025-02-10 16:15:00,218.47,2.8124,614.41,1319.87,0.153603,50.02,0.854
2025-02-10 16:30:00,220.60,2.7166,599.28,859.64,0.149821,49.88,0.958
2025-02-10 16:45:00,219.03,2.8438,622.86,1257.08,0.155714,50.01,0.865
2025-02-10 17:00:00,227.49,1.4873,338.35,680.62,0.084587,49.91,0.975
2025-02-10 17:15:00,223.87,1.4829,331.99,635.21,0.082997,50.02,0.899
2025-02-10 17:30:00,221.83,1.5091,334.77,486.42,0.083693,49.97,0.943
2025-02-10 17:45:00,220.26,1.7144,377.61,684.31,0.094401,49.93,0.928
2025-02-10 18:00:00,222.05,2.4613,546.53,1100.03,0.136632,50.03,0.912
2025-02-10 18:15:00,222.91,1.4893,331.96,705.15,0.082991,50.01,0.835
2025-02-10 18:30:00,223.84,1.6154,361.59,705.33,0.090396,50.02,0.885
2025-02-10 18:45:00,224.76,1.4344,322.39,654.25,0.080597,50.10,0.878
2025-02-10 19:00:00,220.89,1.5470,341.71,598.70,0.085428,50.10,0.872
2025-02-10 19:15:00,227.03,1.4605,331.59,575.60,0.082897,50.03,0.944
2025-02-10 19:30:00,227.72,1.9424,442.34,937.41,0.110585,49.90,0.874
2025-02-10 19:45:00,225.53,1.3469,303.78,633.34,0.075945,50.01,0.930
2025-02-10 20:00:00,225.70,1.4423,325.51,707.35,0.081378,50.19,0.928
2025-02-10 20:15:00,226.36,1.5144,342.80,562.95,0.085700,50.11,0.904
2025-02-10 20:30:00,227.18,1.2435,282.51,520.64,0.070627,50.15,0.925
2025-02-10 20:45:00,218.15,1.4056,306.64,626.40,0.076660,50.18,0.889
2025-02-10 21:00:00,226.29,1.5090,341.48,664.76,0.085370,49.99,0.887
2025-02-10 21:15:00,224.75,1.2809,287.89,580.57,0.071973,50.10,0.903
2025-02-10 21:30:00,224.33,2.4870,557.90,1219.57,0.139476,50.01,0.961
2025-02-10 21:45:00,224.58,1.5714,352.90,638.01,0.088225,49.99,0.862
2025-02-10 22:00:00,218.35,1.6293,355.74,759.82,0.088936,49.82,0.832
2025-02-10 22:15:00,224.34,1.6610,372.63,611.71,0.093158,49.88,0.874
2025-02-10 22:30:00,225.35,1.5298,344.76,668.32,0.086189,49.81,0.910
2025-02-10 22:45:00,222.67,1.6063,357.68,618.78,0.089420,50.18,0.943
2025-02-10 23:00:00,223.21,4.1668,930.09,1550.67,0.232523,50.00,0.935
2025-02-10 23:15:00,227.84,6.5624,1495.14,2899.55,0.373786,50.08,0.845
2025-02-10 23:30:00,224.29,3.4610,776.28,1442.33,0.194070,49.88,0.941
2025-02-10 23:45:00,224.12,3.9028,874.71,1914.45,0.218678,50.02,0.887
2025-02-11 00:00:00,226.33,3.7679,852.78,1331.83,0.213195,50.11,0.889
2025-02-11 00:15:00,221.33,3.9038,864.02,1305.10,0.216006,50.06,0.850
2025-02-11 00:30:00,220.62,4.8175,1062.86,2272.54,0.265714,49.89,0.845
2025-02-11 00:45:00,218.30,4.4099,962.71,1362.74,0.240678,49.87,0.900
2025-02-11 01:00:00,226.73,3.2517,737.26,1244.94,0.184314,50.04,0.905
2025-02-11 01:15:00,222.07,3.4150,758.36,1300.20,0.189591,49.86,0.847
2025-02-11 01:30:00,226.81,3.3723,764.85,1112.15,0.191213,49.84,0.841
2025-02-11 01:45:00,226.56,3.4823,788.93,1600.90,0.197233,50.03,0.932
2025-02-11 02:00:00,218.35,2.2228,485.35,1042.72,0.121337,50.05,0.916
2025-02-11 02:15:00,220.55,2.4534,541.10,851.47,0.135275,49.81,0.836
2025-02-11 02:30:00,224.27,2.3751,532.65,896.69,0.133162,50.14,0.928
2025-02-11 02:45:00,220.82,2.0368,449.77,694.68,0.112443,49.91,0.900
2025-02-11 03:00:00,225.98,1.9568,442.19,783.93,0.110548,49.99,0.869
2025-02-11 03:15:00,223.92,2.2756,509.56,871.57,0.127389,49.96,0.953
2025-02-11 03:30:00,218.85,2.2602,494.65,743.05,0.123662,50.07,0.842
2025-02-11 03:45:00,224.79,1.8634,418.88,915.34,0.104721,49.87,0.844
2025-02-11 04:00:00,224.45,2.1122,474.08,831.30,0.118521,49.93,0.823
2025-02-11 04:15:00,222.01,2.1549,478.42,753.23,0.119604,50.06,0.838
2025-02-11 04:30:00,222.76,2.5562,569.43,1235.91,0.142357,50.08,0.888
2025-02-11 04:45:00,226.46,2.2532,510.28,1062.50,0.127570,49.85,0.963
2025-02-11 05:00:00,221.93,3.0055,667.02,1436.12,0.166754,49.83,0.957
2025-02-11 05:15:00,219.63,3.0758,675.53,1327.54,0.168881,49.99,0.896
2025-02-11 05:30:00,224.04,3.0598,685.52,1075.26,0.171380,50.20,0.907
2025-02-11 05:45:00,219.94,2.7961,614.96,936.09,0.153740,50.10,0.821
2025-02-11 06:00:00,225.77,2.1576,487.12,908.98,0.121779,49.86,0.847
2025-02-11 06:15:00,219.65,2.4018,527.55,952.79,0.131887,50.15,0.965
2025-02-11 06:30:00,227.54,2.2224,505.69,1053.30,0.126422,49.99,0.881
2025-02-11 06:45:00,219.02,2.3558,515.95,952.46,0.128989,49.94,0.918
2025-02-11 07:00:00,227.40,1.8473,420.09,852.66,0.105021,50.07,0.856
2025-02-11 07:15:00,219.86,2.2153,487.06,958.29,0.121766,49.90,0.879
2025-02-11 07:30:00,220.45,1.7801,392.42,762.08,0.098106,49.86,0.960
2025-02-11 07:45:00,221.60,2.3005,509.79,916.14,0.127447,50.07,0.877
2025-02-11 08:00:00,227.26,2.0273,460.73,776.44,0.115181,49.96,0.863
2025-02-11 08:15:00,223.62,2.0172,451.09,785.11,0.112774,50.05,0.834
2025-02-11 08:30:00,219.89,2.5178,553.64,1108.51,0.138409,49.82,0.893
2025-02-11 08:45:00,219.32,2.5540,560.13,963.36,0.140033,50.19,0.958
2025-02-11 09:00:00,226.22,2.9850,675.28,1140.13,0.168820,49.86,0.961
2025-02-11 09:15:00,222.29,2.6331,585.30,913.05,0.146325,50.15,0.930
2025-02-11 09:30:00,223.94,2.9498,660.59,1046.39,0.165147,50.04,0.950
2025-02-11 09:45:00,220.99,3.0236,668.17,1341.85,0.167042,50.20,0.823
2025-02-11 10:00:00,225.59,3.9410,889.04,1485.16,0.222259,50.05,0.926
2025-02-11 10:15:00,222.90,4.2265,942.09,1487.05,0.235523,49.83,0.840
2025-02-11 10:30:00,223.82,4.5166,1010.89,1776.72,0.252724,50.07,0.974
2025-02-11 10:45:00,226.83,3.9565,897.46,1260.06,0.224365,49.82,0.831
2025-02-11 11:00:00,225.08,4.3884,987.75,2024.58,0.246938,49.87,0.849
2025-02-11 11:15:00,226.69,4.7704,1081.38,1826.69,0.270346,50.09,0.891
2025-02-11 11:30:00,224.49,4.2212,947.61,1590.91,0.236903,49.88,0.924
2025-02-11 11:45:00,226.99,4.1571,943.61,1458.23,0.235904,49.89,0.901
2025-02-11 12:00:00,218.92,4.7545,1040.84,1552.25,0.260210,50.09,0.868
2025-02-11 12:15:00,221.34,6.0073,1329.62,2924.97,0.332405,49.94,0.869
2025-02-11 12:30:00,221.37,5.2309,1157.97,1824.55,0.289494,49.87,0.825
2025-02-11 12:45:00,224.28,5.1751,1160.66,2048.76,0.290165,49.98,0.951
2025-02-11 13:00:00,221.35,4.8333,1069.88,1946.63,0.267470,49.99,0.944
2025-02-11 13:15:00,218.53,4.6188,1009.34,1973.98,0.252336,50.15,0.885
2025-02-11 13:30:00,227.55,4.6136,1049.82,2082.10,0.262455,50.00,0.934
2025-02-11 13:45:00,218.28,5.0309,1098.13,1910.30,0.274533,50.17,0.976
2025-02-11 14:00:00,227.31,5.3087,1206.69,2386.12,0.301673,49.87,0.846
2025-02-11 14:15:00,221.28,5.0368,1114.56,2132.51,0.278641,49.90,0.922
2025-02-11 14:30:00,225.50,4.4857,1011.54,1649.65,0.252885,49.85,0.829
2025-02-11 14:45:00,224.18,5.1673,1158.43,1837.74,0.289607,49.95,0.950
2025-02-11 15:00:00,223.47,3.5515,793.68,1459.40,0.198419,50.14,0.832
2025-02-11 15:15:00,218.25,7.4135,1618.03,4049.77,0.404506,50.05,0.935
2025-02-11 15:30:00,226.17,3.6430,823.92,1429.38,0.205980,50.05,0.903
2025-02-11 15:45:00,218.98,4.0238,881.12,1496.16,0.220281,49.85,0.834
2025-02-11 16:00:00,224.76,2.6340,592.01,874.68,0.148004,50.07,0.941
2025-02-11 16:15:00,225.98,2.4010,542.58,767.26,0.135644,49.92,0.859
2025-02-11 16:30:00,219.04,3.0423,666.37,1904.58,0.166593,49.84,0.874
2025-02-11 16:45:00,218.75,3.0286,662.50,1825.99,0.165626,50.02,0.926
2025-02-11 17:00:00,219.95,1.4014,308.25,453.70,0.077062,50.07,0.910
2025-02-11 17:15:00,220.96,1.5009,331.65,667.12,0.082913,50.13,0.935
2025-02-11 17:30:00,220.90,1.7550,387.67,787.36,0.096919,50.04,0.855
2025-02-11 17:45:00,222.88,1.4866,331.33,584.71,0.082834,49.85,0.857
2025-02-11 18:00:00,223.66,1.4122,315.85,598.77,0.078963,49.87,0.841
2025-02-11 18:15:00,224.80,1.2189,274.02,490.09,0.068505,50.00,0.900
2025-02-11 18:30:00,227.26,1.2321,280.01,454.60,0.070001,49.85,0.881
2025-02-11 18:45:00,225.23,1.4162,318.97,627.00,0.079742,49.92,0.940
2025-02-11 19:00:00,222.80,1.3369,297.87,459.31,0.074467,50.07,0.916
2025-02-11 19:15:00,220.19,1.2500,275.24,567.62,0.068811,50.17,0.898
2025-02-11 19:30:00,226.83,1.1732,266.12,544.86,0.066529,49.95,0.960
2025-02-11 19:45:00,227.61,1.4228,323.85,672.34,0.080962,49.86,0.894
2025-02-11 20:00:00,222.60,1.4403,320.62,473.40,0.080154,49.85,0.893
2025-02-11 20:15:00,226.44,1.1716,265.28,511.48,0.066320,50.00,0.974
2025-02-11 20:30:00,220.35,2.0251,446.22,1078.39,0.111554,50.12,0.856
2025-02-11 20:45:00,223.92,1.1935,267.26,375.00,0.066816,50.20,0.878
2025-02-11 21:00:00,221.84,1.3563,300.89,462.51,0.075224,50.02,0.955
2025-02-11 21:15:00,217.64,1.3687,297.87,652.10,0.074468,49.91,0.872
2025-02-11 21:30:00,219.03,1.4597,319.71,677.71,0.079927,49.82,0.895
2025-02-11 21:45:00,223.71,2.5720,575.37,905.86,0.143843,50.01,0.938
2025-02-11 22:00:00,218.54,2.0059,438.35,660.28,0.109588,50.02,0.938
2025-02-11 22:15:00,222.86,1.7724,395.00,660.94,0.098749,49.95,0.942
2025-02-11 22:30:00,224.87,1.5482,348.16,736.36,0.087039,50.13,0.869
2025-02-11 22:45:00,225.86,1.9615,443.03,625.45,0.110757,49.92,0.916
2025-02-11 23:00:00,219.13,3.6503,799.89,1566.38,0.199972,50.14,0.895
2025-02-11 23:15:00,219.54,3.6884,809.78,1402.01,0.202444,50.01,0.900
2025-02-11 23:30:00,219.28,3.7261,817.06,1404.39,0.204266,49.91,0.853
2025-02-11 23:45:00,227.85,3.1732,723.03,1066.53,0.180758,49.98,0.887
2025-02-12 00:00:00,220.17,4.5543,1002.74,2154.96,0.250684,49.80,0.879
2025-02-12 00:15:00,223.41,4.5264,1011.27,2150.47,0.252817,49.95,0.963
2025-02-12 00:30:00,218.47,4.7831,1044.97,1876.04,0.261243,49.81,0.943
2025-02-12 00:45:00,223.48,4.6226,1033.05,1992.24,0.258262,50.16,0.888
2025-02-12 01:00:00,227.32,3.6156,821.90,1506.10,0.205475,50.17,0.942
2025-02-12 01:15:00,220.98,3.8963,861.01,1533.29,0.215252,50.10,0.912
2025-02-12 01:30:00,226.76,3.4958,792.70,1265.59,0.198175,49.94,0.898
2025-02-12 01:45:00,223.48,3.9986,893.63,1612.15,0.223407,50.04,0.831
2025-02-12 02:00:00,218.98,2.0786,455.19,638.27,0.113797,49.80,0.869
2025-02-12 02:15:00,224.01,2.3910,535.60,1102.08,0.133901,49.87,0.912
2025-02-12 02:30:00,224.33,2.4400,547.36,784.24,0.136840,49.94,0.850
2025-02-12 02:45:00,224.38,2.3442,526.00,998.96,0.131500,50.11,0.975
2025-02-12 03:00:00,224.25,2.2188,497.57,841.22,0.124392,50.05,0.970
2025-02-12 03:15:00,224.19,2.2095,495.33,729.40,0.123833,50.12,0.852
2025-02-12 03:30:00,217.92,1.9053,415.20,745.49,0.103799,50.08,0.922
2025-02-12 03:45:00,227.80,1.9843,452.02,819.39,0.113005,49.82,0.846
2025-02-12 04:00:00,225.56,2.1152,477.12,962.40,0.119280,50.06,0.923
2025-02-12 04:15:00,219.37,2.0281,444.92,824.96,0.111229,50.16,0.844
2025-02-12 04:30:00,221.27,1.9748,436.95,669.15,0.109238,49.98,0.977
2025-02-12 04:45:00,226.35,2.1134,478.38,971.57,0.119596,50.10,0.933
2025-02-12 05:00:00,222.22,2.5131,558.46,1165.11,0.139615,50.18,0.830
2025-02-12 05:15:00,218.20,4.3378,946.53,2025.35,0.236633,50.08,0.833
2025-02-12 05:30:00,227.86,2.3519,535.91,764.73,0.133978,50.10,0.833
2025-02-12 05:45:00,223.04,2.8879,644.13,976.60,0.161031,50.01,0.967
2025-02-12 06:00:00,226.88,2.3306,528.77,985.58,0.132193,49.82,0.883
2025-02-12 06:15:00,220.45,2.1300,469.56,894.32,0.117389,50.15,0.835
2025-02-12 06:30:00,218.70,2.1835,477.52,810.58,0.119380,50.06,0.866
2025-02-12 06:45:00,224.56,2.4893,559.00,1085.70,0.139750,49.80,0.968
2025-02-12 07:00:00,218.59,2.0008,437.36,851.04,0.109340,50.02,0.933
2025-02-12 07:15:00,227.34,1.9075,433.66,928.88,0.108414,49.86,0.822
2025-02-12 07:30:00,221.48,2.2967,508.69,972.26,0.127172,50.09,0.838
2025-02-12 07:45:00,225.69,1.8436,416.10,652.59,0.104024,49.87,0.869
2025-02-12 08:00:00,227.60,2.3333,531.08,1123.04,0.132769,49.90,0.939
2025-02-12 08:15:00,221.87,2.3710,526.06,822.14,0.131515,49.92,0.915
2025-02-12 08:30:00,217.97,2.1329,464.91,817.45,0.116228,49.94,0.969
2025-02-12 08:45:00,227.27,2.4541,557.73,957.45,0.139431,50.15,0.917
2025-02-12 09:00:00,226.75,2.7555,624.81,1003.41,0.156203,50.01,0.973
2025-02-12 09:15:00,218.14,2.9515,643.82,952.49,0.160956,50.14,0.867
2025-02-12 09:30:00,218.73,3.2576,712.53,1258.51,0.178132,49.82,0.971
2025-02-12 09:45:00,225.61,2.9479,665.09,1190.02,0.166272,49.86,0.964
2025-02-12 10:00:00,218.22,4.6334,1011.11,1686.16,0.252776,49.85,0.933
2025-02-12 10:15:00,219.84,4.5792,1006.70,2128.59,0.251676,50.07,0.964
2025-02-12 10:30:00,224.38,3.7984,852.29,1459.31,0.213073,49.97,0.926
2025-02-12 10:45:00,227.82,4.2717,973.18,2035.38,0.243294,49.83,0.826
2025-02-12 11:00:00,227.98,4.5849,1045.28,1563.74,0.261319,49.88,0.843
2025-02-12 11:15:00,226.76,6.7926,1540.32,3432.40,0.385079,50.09,0.877
2025-02-12 11:30:00,225.11,5.2136,1173.65,2485.58,0.293414,50.03,0.881
2025-02-12 11:45:00,225.02,4.5594,1025.95,1456.41,0.256489,50.07,0.864
2025-02-12 12:00:00,222.09,5.2853,1173.81,2287.84,0.293452,49.94,0.885
2025-02-12 12:15:00,224.45,5.6555,1269.36,1795.83,0.317340,50.19,0.897
2025-02-12 12:30:00,227.76,4.8571,1106.26,1718.77,0.276564,49.86,0.903
2025-02-12 12:45:00,221.24,5.2627,1164.33,1838.95,0.291082,50.14,0.929
2025-02-12 13:00:00,220.18,5.2452,1154.88,2341.27,0.288720,50.10,0.916
2025-02-12 13:15:00,223.86,5.1083,1143.53,1769.61,0.285883,49.99,0.963
2025-02-12 13:30:00,227.01,4.9410,1121.66,2243.65,0.280416,49.88,0.875
2025-02-12 13:45:00,225.61,4.4371,1001.03,1531.50,0.250259,49.82,0.864
2025-02-12 14:00:00,223.94,4.2241,945.95,1689.30,0.236489,50.17,0.834
2025-02-12 14:15:00,226.76,4.7385,1074.50,1686.15,0.268626,50.18,0.969
2025-02-12 14:30:00,221.38,4.4120,976.70,1526.47,0.244176,49.98,0.867
2025-02-12 14:45:00,220.17,7.5229,1656.33,3010.96,0.414082,50.12,0.856
2025-02-12 15:00:00,221.31,4.3490,962.47,1352.41,0.240617,50.03,0.838
2025-02-12 15:15:00,227.76,6.8250,1554.51,2726.96,0.388626,50.07,0.923
2025-02-12 15:30:00,221.25,3.5226,779.37,1578.41,0.194842,50.01,0.820
2025-02-12 15:45:00,220.15,4.0237,885.83,1607.39,0.221457,49.83,0.957
2025-02-12 16:00:00,225.27,2.2711,511.61,1072.84,0.127901,49.96,0.955
2025-02-12 16:15:00,222.52,2.3108,514.20,841.15,0.128550,49.84,0.943
2025-02-12 16:30:00,227.05,2.1872,496.62,924.01,0.124155,49.82,0.821
2025-02-12 16:45:00,227.13,2.5428,577.54,1037.45,0.144386,50.04,0.866
2025-02-12 17:00:00,217.73,1.7458,380.12,547.77,0.095029,49.91,0.950
2025-02-12 17:15:00,218.43,1.7269,377.19,611.81,0.094298,50.15,0.858
2025-02-12 17:30:00,219.71,2.9993,658.98,938.38,0.164746,50.11,0.858
2025-02-12 17:45:00,219.38,1.6863,369.94,772.96,0.092484,50.06,0.854
2025-02-12 18:00:00,218.03,1.3225,288.34,520.33,0.072086,49.93,0.968
2025-02-12 18:15:00,227.72,1.2802,291.53,636.69,0.072884,50.10,0.840
2025-02-12 18:30:00,219.26,1.4254,312.54,566.88,0.078135,50.14,0.954
2025-02-12 18:45:00,223.65,1.5500,346.66,756.10,0.086664,49.97,0.857
2025-02-12 19:00:00,225.82,1.2318,278.16,437.05,0.069541,49.95,0.931
2025-02-12 19:15:00,223.85,1.4000,313.39,623.41,0.078347,50.07,0.864
2025-02-12 19:30:00,227.98,1.1482,261.78,563.64,0.065445,50.09,0.847
2025-02-12 19:45:00,221.85,1.3966,309.84,477.91,0.077459,50.02,0.824
2025-02-12 20:00:00,219.36,1.3472,295.52,606.68,0.073880,49.84,0.886
2025-02-12 20:15:00,218.53,1.3842,302.48,614.25,0.075620,49.84,0.823
2025-02-12 20:30:00,225.64,1.5275,344.67,624.30,0.086167,49.83,0.969
2025-02-12 20:45:00,222.18,1.3539,300.81,421.95,0.075203,50.02,0.963
2025-02-12 21:00:00,225.75,1.3878,313.30,466.28,0.078326,49.96,0.941
2025-02-12 21:15:00,224.48,1.5842,355.63,685.83,0.088907,50.15,0.895
2025-02-12 21:30:00,224.94,1.4765,332.13,552.55,0.083032,50.13,0.978
2025-02-12 21:45:00,224.45,1.3630,305.93,431.41,0.076482,49.92,0.918
2025-02-12 22:00:00,227.87,1.8671,425.44,874.11,0.106361,49.94,0.821
2025-02-12 22:15:00,227.98,1.6150,368.18,525.51,0.092045,49.93,0.914
2025-02-12 22:30:00,218.98,1.8268,400.03,654.50,0.100008,49.84,0.832
2025-02-12 22:45:00,226.77,1.6476,373.64,525.16,0.093409,49.92,0.884
2025-02-12 23:00:00,218.39,4.2487,927.87,1813.17,0.231968,49.87,0.837
2025-02-12 23:15:00,226.05,3.9724,897.98,1701.46,0.224495,49.93,0.868
2025-02-12 23:30:00,221.29,3.7721,834.73,1599.55,0.208683,50.11,0.938
2025-02-12 23:45:00,225.06,3.7319,839.89,1213.99,0.209973,50.18,0.919
2025-02-13 00:00:00,220.51,5.1333,1131.94,2433.59,0.282986,50.13,0.831
2025-02-13 00:15:00,225.01,4.9343,1110.28,2297.99,0.277571,49.98,0.879
2025-02-13 00:30:00,219.85,4.2906,943.31,1899.82,0.235827,50.03,0.926
2025-02-13 00:45:00,226.28,4.9906,1129.28,1892.30,0.282321,49.87,0.884
2025-02-13 01:00:00,222.61,3.4340,764.42,1644.84,0.191105,49.84,0.929
2025-02-13 01:15:00,221.21,3.1737,702.04,1166.06,0.175511,49.86,0.840
2025-02-13 01:30:00,223.69,3.4041,761.46,1273.85,0.190365,50.09,0.863
2025-02-13 01:45:00,223.02,3.5792,798.25,1640.33,0.199562,50.10,0.972
2025-02-13 02:00:00,226.45,1.9657,445.13,735.36,0.111281,49.96,0.901
2025-02-13 02:15:00,227.11,2.2276,505.92,807.11,0.126480,49.84,0.821
2025-02-13 02:30:00,223.45,2.5692,574.10,1165.89,0.143525,49.88,0.919
2025-02-13 02:45:00,223.81,2.3470,525.27,1012.72,0.131318,50.16,0.947
2025-02-13 03:00:00,219.94,2.1373,470.06,757.65,0.117516,50.15,0.854
2025-02-13 03:15:00,227.16,1.9746,448.54,769.89,0.112136,49.97,0.961
2025-02-13 03:30:00,224.65,3.1159,699.97,1097.79,0.174993,50.09,0.910
2025-02-13 03:45:00,225.14,1.7749,399.58,748.53,0.099896,50.00,0.859
2025-02-13 04:00:00,219.66,2.6101,573.34,973.37,0.143335,50.05,0.847
2025-02-13 04:15:00,219.86,2.2024,484.21,802.53,0.121053,50.00,0.917
2025-02-13 04:30:00,226.26,2.3590,533.73,846.19,0.133433,50.10,0.951
2025-02-13 04:45:00,224.41,2.3543,528.32,851.05,0.132080,49.83,0.973
2025-02-13 05:00:00,223.82,2.4482,547.95,1180.54,0.136987,49.96,0.863
2025-02-13 05:15:00,218.13,3.0515,665.65,1428.61,0.166412,49.91,0.975
2025-02-13 05:30:00,225.47,2.6455,596.49,836.83,0.149123,50.13,0.859
2025-02-13 05:45:00,219.73,2.3480,515.93,904.21,0.128983,50.05,0.918
2025-02-13 06:00:00,222.42,2.2581,502.25,857.53,0.125562,49.97,0.871
2025-02-13 06:15:00,225.46,2.2363,504.18,768.36,0.126046,49.92,0.865
2025-02-13 06:30:00,223.72,2.8158,629.95,1254.90,0.157488,49.88,0.957
2025-02-13 06:45:00,219.38,2.8167,617.95,936.87,0.154487,50.20,0.916
2025-02-13 07:00:00,219.27,3.2450,711.53,1348.77,0.177882,49.99,0.824
2025-02-13 07:15:00,221.65,1.7944,397.71,752.94,0.099428,50.02,0.975
2025-02-13 07:30:00,222.16,1.8642,414.13,715.76,0.103534,50.14,0.828
2025-02-13 07:45:00,221.04,2.0784,459.41,920.20,0.114852,49.90,0.854
2025-02-13 08:00:00,219.03,2.0225,442.97,783.03,0.110744,50.18,0.911
2025-02-13 08:15:00,219.16,2.3116,506.61,820.04,0.126652,49.96,0.821
2025-02-13 08:30:00,226.83,2.0287,460.17,654.34,0.115041,50.04,0.857
2025-02-13 08:45:00,223.25,2.0803,464.42,872.64,0.116106,50.08,0.863
2025-02-13 09:00:00,217.61,3.1176,678.41,1095.39,0.169602,49.88,0.897
2025-02-13 09:15:00,227.28,3.8009,863.85,2696.90,0.215962,50.17,0.836
2025-02-13 09:30:00,220.40,2.9326,646.34,1070.80,0.161586,50.03,0.935
2025-02-13 09:45:00,226.96,3.0115,683.49,1389.25,0.170872,50.14,0.921
2025-02-13 10:00:00,218.51,3.9755,868.71,1760.52,0.217178,49.88,0.872
2025-02-13 10:15:00,223.27,6.4278,1435.17,3005.85,0.358792,49.81,0.834
2025-02-13 10:30:00,219.02,3.6794,805.87,1531.55,0.201468,50.12,0.871
2025-02-13 10:45:00,221.34,6.1683,1365.27,2634.08,0.341317,50.03,0.930
2025-02-13 11:00:00,224.75,4.6228,1038.97,2021.03,0.259743,50.06,0.927
2025-02-13 11:15:00,223.08,4.2975,958.67,1566.33,0.239669,49.96,0.870
2025-02-13 11:30:00,220.22,4.8198,1061.44,1853.58,0.265360,50.10,0.846
2025-02-13 11:45:00,218.23,7.5035,1637.50,2742.50,0.409376,49.93,0.863
2025-02-13 12:00:00,218.46,4.8295,1055.02,2128.78,0.263756,50.09,0.866
2025-02-13 12:15:00,227.57,4.9899,1135.55,2121.97,0.283887,50.07,0.976
2025-02-13 12:30:00,224.28,4.5709,1025.16,1493.86,0.256290,50.19,0.922
2025-02-13 12:45:00,223.14,5.0632,1129.81,1930.30,0.282452,49.84,0.966
2025-02-13 13:00:00,219.38,5.6913,1248.56,2005.59,0.312139,49.83,0.961
2025-02-13 13:15:00,218.62,5.9679,1304.71,2009.39,0.326178,50.15,0.839
2025-02-13 13:30:00,220.63,5.9587,1314.69,2226.56,0.328671,50.04,0.891
2025-02-13 13:45:00,218.28,6.0325,1316.79,1852.53,0.329198,49.98,0.859
2025-02-13 14:00:00,219.12,4.1673,913.12,1590.25,0.228280,49.93,0.902
2025-02-13 14:15:00,226.47,4.1926,949.51,1658.32,0.237377,50.10,0.837
2025-02-13 14:30:00,221.83,5.1358,1139.30,1599.84,0.284824,50.01,0.936
2025-02-13 14:45:00,227.07,4.0405,917.47,1830.04,0.229367,49.96,0.953
2025-02-13 15:00:00,224.35,3.9596,888.33,1673.26,0.222082,49.94,0.923
2025-02-13 15:15:00,226.00,3.9139,884.55,1756.59,0.221138,49.88,0.952
2025-02-13 15:30:00,219.13,4.1416,907.57,1644.77,0.226893,50.07,0.884
2025-02-13 15:45:00,221.48,3.8056,842.88,1635.02,0.210720,50.03,0.829
2025-02-13 16:00:00,221.14,2.7786,614.45,1345.76,0.153614,49.81,0.836
2025-02-13 16:15:00,221.20,2.5905,573.01,1043.12,0.143252,50.16,0.878
2025-02-13 16:30:00,226.69,3.2503,736.81,1752.10,0.184202,49.83,0.911
2025-02-13 16:45:00,226.24,2.4752,559.98,820.63,0.139994,49.84,0.945
2025-02-13 17:00:00,224.37,1.3898,311.83,532.18,0.077958,49.85,0.820
2025-02-13 17:15:00,221.53,1.4587,323.13,506.50,0.080783,50.02,0.872
2025-02-13 17:30:00,218.04,1.3936,303.87,437.37,0.075967,50.19,0.849
2025-02-13 17:45:00,219.07,1.7847,390.96,664.74,0.097739,49.96,0.926
2025-02-13 18:00:00,227.47,1.5017,341.58,649.42,0.085396,50.04,0.907
2025-02-13 18:15:00,220.74,1.5546,343.17,575.75,0.085792,49.99,0.849
2025-02-13 18:30:00,224.40,1.5626,350.65,764.88,0.087662,50.10,0.882
2025-02-13 18:45:00,221.69,1.4659,324.97,497.92,0.081244,49.89,0.903
2025-02-13 19:00:00,225.25,1.2395,279.20,552.19,0.069801,49.86,0.825
2025-02-13 19:15:00,220.89,1.3149,290.43,445.88,0.072608,49.81,0.830
2025-02-13 19:30:00,226.78,1.3447,304.95,599.42,0.076238,50.07,0.837
2025-02-13 19:45:00,223.16,1.2832,286.36,403.86,0.071591,49.91,0.908
2025-02-13 20:00:00,221.93,1.1642,258.38,562.17,0.064595,50.01,0.964
2025-02-13 20:15:00,219.37,1.5229,334.09,475.82,0.083522,49.84,0.832
2025-02-13 20:30:00,221.05,1.4387,318.03,626.73,0.079508,49.88,0.829
2025-02-13 20:45:00,218.08,1.5521,338.48,624.35,0.084620,49.85,0.923
2025-02-13 21:00:00,227.04,1.6172,367.17,516.24,0.091793,49.92,0.831
2025-02-13 21:15:00,226.12,1.2207,276.04,400.72,0.069009,50.05,0.834
2025-02-13 21:30:00,220.71,1.5279,337.21,527.48,0.084302,49.90,0.872
2025-02-13 21:45:00,218.25,2.1327,465.46,733.16,0.116366,50.16,0.870
2025-02-13 22:00:00,224.39,1.9641,440.72,894.02,0.110179,49.89,0.872
2025-02-13 22:15:00,220.96,1.5866,350.56,722.21,0.087641,50.12,0.945
2025-02-13 22:30:00,224.95,2.0238,455.26,755.62,0.113815,50.01,0.878
2025-02-13 22:45:00,222.80,2.6161,582.87,1072.32,0.145718,50.10,0.948
2025-02-13 23:00:00,219.83,4.2291,929.71,1667.93,0.232427,49.86,0.922
2025-02-13 23:15:00,227.02,4.2335,961.09,1576.02,0.240271,49.90,0.833
2025-02-13 23:30:00,222.09,3.7270,827.73,1786.61,0.206933,50.14,0.935
2025-02-13 23:45:00,222.56,3.8069,847.27,1464.65,0.211817,50.04,0.924
2025-02-14 00:00:00,220.80,5.1749,1142.61,2038.58,0.285652,49.88,0.925
2025-02-14 00:15:00,219.28,4.0706,892.59,1261.01,0.223147,50.06,0.915
2025-02-14 00:30:00,226.44,4.9064,1111.00,2160.08,0.277750,49.82,0.905
2025-02-14 00:45:00,221.11,4.5967,1016.37,1844.77,0.254091,49.80,0.836
2025-02-14 01:00:00,221.24,3.2388,716.55,1426.72,0.179137,49.91,0.830
2025-02-14 01:15:00,225.50,5.7311,1292.35,2604.80,0.323089,50.12,0.864
2025-02-14 01:30:00,225.94,3.8413,867.92,1812.28,0.216981,49.91,0.972
2025-02-14 01:45:00,221.67,3.4680,768.76,1165.26,0.192190,49.96,0.912
2025-02-14 02:00:00,223.35,2.4072,537.64,1054.63,0.134409,50.09,0.962
2025-02-14 02:15:00,222.25,3.1372,697.24,1609.20,0.174310,49.81,0.960
2025-02-14 02:30:00,221.73,2.2752,504.47,710.25,0.126117,50.10,0.893
2025-02-14 02:45:00,220.19,2.4102,530.71,744.02,0.132677,49.86,0.821
2025-02-14 03:00:00,218.53,1.9661,429.64,885.11,0.107411,50.12,0.888
2025-02-14 03:15:00,224.98,2.1231,477.66,722.95,0.119415,49.88,0.832
2025-02-14 03:30:00,225.06,1.7232,387.81,747.66,0.096954,50.19,0.937
2025-02-14 03:45:00,223.95,1.9096,427.66,815.79,0.106915,49.98,0.856
2025-02-14 04:00:00,226.09,2.1191,479.09,998.66,0.119772,50.13,0.854
2025-02-14 04:15:00,223.71,1.9652,439.63,762.25,0.109908,49.94,0.870
2025-02-14 04:30:00,225.95,2.1740,491.22,994.86,0.122805,50.17,0.902
2025-02-14 04:45:00,222.07,2.2377,496.92,946.39,0.124229,50.03,0.975
2025-02-14 05:00:00,217.96,3.0751,670.26,973.43,0.167566,49.98,0.953
2025-02-14 05:15:00,225.03,2.5028,563.19,1093.64,0.140799,49.85,0.881
2025-02-14 05:30:00,226.00,2.4197,546.86,851.40,0.136715,50.00,0.883
2025-02-14 05:45:00,224.71,2.7836,625.52,1183.50,0.156380,50.08,0.838
2025-02-14 06:00:00,220.05,2.2374,492.32,781.32,0.123081,50.17,0.828
2025-02-14 06:15:00,224.68,2.6280,590.46,1176.87,0.147614,49.88,0.903
2025-02-14 06:30:00,224.33,2.1076,472.78,892.39,0.118195,49.88,0.957
2025-02-14 06:45:00,223.21,2.2869,510.46,910.99,0.127614,50.07,0.941
2025-02-14 07:00:00,225.56,1.7121,386.17,618.10,0.096542,49.87,0.900
2025-02-14 07:15:00,225.25,2.1830,491.72,1054.96,0.122929,49.90,0.866
2025-02-14 07:30:00,226.25,1.6944,383.34,695.20,0.095836,50.19,0.965
2025-02-14 07:45:00,219.90,2.2368,491.87,958.43,0.122967,50.19,0.899
2025-02-14 08:00:00,223.73,2.2408,501.34,973.63,0.125334,49.99,0.889
2025-02-14 08:15:00,220.38,2.5386,559.45,1129.90,0.139863,49.93,0.939
2025-02-14 08:30:00,223.74,2.4359,545.00,1164.21,0.136250,50.18,0.893
2025-02-14 08:45:00,224.52,2.2033,494.68,1032.43,0.123670,49.85,0.979
2025-02-14 09:00:00,221.30,2.6520,586.90,877.91,0.146726,50.17,0.867
2025-02-14 09:15:00,219.07,2.6617,583.10,822.55,0.145774,50.17,0.965
2025-02-14 09:30:00,221.18,3.3327,737.11,1536.89,0.184278,49.92,0.923
2025-02-14 09:45:00,227.58,2.7017,614.85,1215.53,0.153713,50.17,0.960
2025-02-14 10:00:00,225.24,4.3020,969.00,1676.48,0.242250,49.87,0.847
2025-02-14 10:15:00,225.92,4.2664,963.85,2070.78,0.240963,50.04,0.912
2025-02-14 10:30:00,222.34,3.6528,812.17,1617.48,0.203042,49.89,0.952
2025-02-14 10:45:00,224.33,3.6292,814.16,1346.70,0.203539,50.16,0.966
2025-02-14 11:00:00,218.30,5.1453,1123.23,2128.95,0.280807,49.85,0.975
2025-02-14 11:15:00,219.50,4.9206,1080.07,1521.72,0.270017,49.85,0.887
2025-02-14 11:30:00,220.75,5.1899,1145.64,2076.41,0.286409,50.15,0.900
2025-02-14 11:45:00,226.19,5.2232,1181.46,2185.30,0.295366,50.06,0.908
2025-02-14 12:00:00,221.83,4.6490,1031.28,2137.72,0.257821,50.06,0.895
2025-02-14 12:15:00,223.17,6.0055,1340.23,2780.77,0.335058,49.88,0.883
2025-02-14 12:30:00,224.67,4.8660,1093.26,2080.53,0.273314,49.99,0.974
2025-02-14 12:45:00,217.76,5.2845,1150.78,1698.32,0.287694,49.99,0.936
2025-02-14 13:00:00,225.36,5.4928,1237.86,2566.00,0.309465,49.98,0.844
2025-02-14 13:15:00,226.98,5.6946,1292.55,2257.89,0.323136,50.12,0.898
2025-02-14 13:30:00,222.58,4.8819,1086.59,2217.56,0.271648,49.96,0.952
2025-02-14 13:45:00,227.35,5.5193,1254.81,2210.71,0.313702,50.13,0.825
2025-02-14 14:00:00,224.50,5.3589,1203.07,2145.70,0.300768,50.19,0.956
2025-02-14 14:15:00,223.08,4.8556,1083.21,2171.09,0.270802,50.17,0.944
2025-02-14 14:30:00,225.21,4.2979,967.93,1837.94,0.241983,49.91,0.868
2025-02-14 14:45:00,227.52,3.9315,894.51,1645.75,0.223627,49.81,0.840
2025-02-14 15:00:00,220.08,4.0418,889.51,1928.99,0.222377,49.94,0.857
2025-02-14 15:15:00,218.19,4.0339,880.16,1686.63,0.220040,49.81,0.937
2025-02-14 15:30:00,227.05,4.1629,945.18,2050.17,0.236294,49.96,0.877
2025-02-14 15:45:00,222.94,6.4710,1442.62,3215.76,0.360655,49.99,0.963
2025-02-14 16:00:00,218.26,2.3080,503.75,824.11,0.125938,50.18,0.820
2025-02-14 16:15:00,227.61,2.6954,613.48,1118.25,0.153370,50.05,0.847
2025-02-14 16:30:00,224.09,2.4564,550.46,1022.38,0.137614,49.94,0.916
2025-02-14 16:45:00,224.43,2.4333,546.11,839.04,0.136527,50.15,0.848
2025-02-14 17:00:00,221.08,1.7650,390.20,827.18,0.097551,49.85,0.869
2025-02-14 17:15:00,218.88,1.6884,369.54,557.88,0.092386,49.88,0.840
2025-02-14 17:30:00,227.97,2.6540,605.04,1316.50,0.151261,50.16,0.939
2025-02-14 17:45:00,224.30,1.6029,359.54,591.75,0.089886,49.97,0.864
2025-02-14 18:00:00,222.03,1.4863,330.00,490.74,0.082500,50.04,0.968
2025-02-14 18:15:00,218.17,1.4484,315.98,515.58,0.078995,49.95,0.831
2025-02-14 18:30:00,227.04,1.8274,414.90,753.93,0.103726,49.89,0.857
2025-02-14 18:45:00,227.45,1.5965,363.13,692.44,0.090781,49.96,0.862
2025-02-14 19:00:00,219.47,1.6795,368.60,752.86,0.092150,49.80,0.895
2025-02-14 19:15:00,223.79,1.2551,280.88,446.71,0.070221,50.16,0.921
2025-02-14 19:30:00,226.87,1.6275,369.24,544.85,0.092309,50.02,0.859
2025-02-14 19:45:00,219.77,1.4740,323.94,510.40,0.080984,49.94,0.828
2025-02-14 20:00:00,224.93,1.6428,369.51,764.15,0.092378,49.99,0.918
2025-02-14 20:15:00,222.36,1.6561,368.25,628.85,0.092063,50.03,0.962
2025-02-14 20:30:00,226.40,1.3686,309.84,581.79,0.077460,49.95,0.899
2025-02-14 20:45:00,221.58,2.5911,574.14,845.94,0.143535,50.15,0.932
2025-02-14 21:00:00,225.82,1.6102,363.62,753.21,0.090904,50.15,0.820
2025-02-14 21:15:00,220.47,1.7948,395.71,612.82,0.098927,50.06,0.980
2025-02-14 21:30:00,219.01,1.3671,299.42,436.66,0.074854,50.16,0.974
2025-02-14 21:45:00,218.08,1.4567,317.69,640.89,0.079422,50.00,0.883
2025-02-14 22:00:00,225.49,1.9671,443.57,752.16,0.110891,50.09,0.890
2025-02-14 22:15:00,224.44,2.1918,491.93,993.55,0.122982,49.93,0.838
2025-02-14 22:30:00,220.60,1.9555,431.38,619.51,0.107844,49.85,0.872
2025-02-14 22:45:00,224.14,2.2858,512.33,844.66,0.128081,49.87,0.845
2025-02-14 23:00:00,226.06,4.6612,1053.70,1648.40,0.263426,50.02,0.949
2025-02-14 23:15:00,226.17,4.2579,963.02,1768.55,0.240755,49.80,0.906
2025-02-14 23:30:00,220.20,5.2118,1147.64,1843.48,0.286910,50.17,0.823
2025-02-14 23:45:00,220.57,4.6763,1031.44,1529.06,0.257859,50.13,0.840
2025-02-15 00:00:00,227.56,5.6832,1293.25,2713.07,0.323314,50.16,0.931
2025-02-15 00:15:00,227.96,5.2303,1192.32,1920.10,0.298081,49.83,0.860
2025-02-15 00:30:00,218.85,5.4319,1188.78,2498.59,0.297194,49.82,0.834
2025-02-15 00:45:00,221.60,5.1556,1142.46,2103.92,0.285615,50.10,0.882
2025-02-15 01:00:00,221.54,4.0221,891.03,1835.32,0.222758,49.81,0.929
2025-02-15 01:15:00,218.00,3.9951,870.93,1630.63,0.217731,50.16,0.909
2025-02-15 01:30:00,224.65,4.7227,1060.94,1662.11,0.265235,50.08,0.866
2025-02-15 01:45:00,226.61,3.8034,861.90,1415.68,0.215474,50.14,0.866
2025-02-15 02:00:00,220.38,2.8751,633.62,1175.62,0.158405,49.86,0.933
2025-02-15 02:15:00,223.50,2.2045,492.69,1026.46,0.123172,50.10,0.866
2025-02-15 02:30:00,223.39,2.5250,564.08,1229.38,0.141020,49.89,0.828
2025-02-15 02:45:00,222.42,2.6120,580.98,1238.26,0.145245,49.95,0.833
2025-02-15 03:00:00,219.69,4.0073,880.37,1886.35,0.220092,50.12,0.839
2025-02-15 03:15:00,221.40,2.2469,497.46,995.60,0.124364,50.08,0.885
2025-02-15 03:30:00,220.92,2.2917,506.28,1035.86,0.126569,50.14,0.954
2025-02-15 03:45:00,226.52,2.1464,486.22,980.34,0.121555,50.17,0.844
2025-02-15 04:00:00,218.41,2.4772,541.05,782.79,0.135263,50.02,0.913
2025-02-15 04:15:00,224.68,2.4565,551.92,794.95,0.137981,50.11,0.845
2025-02-15 04:30:00,219.62,2.2713,498.83,966.53,0.124707,50.12,0.934
2025-02-15 04:45:00,226.38,2.1808,493.67,700.07,0.123418,49.94,0.938
2025-02-15 05:00:00,222.65,2.9261,651.49,1315.10,0.162872,49.95,0.862
2025-02-15 05:15:00,219.69,2.8179,619.08,1214.59,0.154769,49.99,0.821
2025-02-15 05:30:00,220.88,3.3262,734.69,1476.37,0.183673,50.12,0.977
2025-02-15 05:45:00,227.43,3.4702,789.23,1613.18,0.197308,50.00,0.910
2025-02-15 06:00:00,221.75,3.0513,676.64,1148.88,0.169160,49.92,0.823
2025-02-15 06:15:00,223.08,3.0820,687.52,978.26,0.171881,50.03,0.882
2025-02-15 06:30:00,219.02,3.1943,699.61,1253.55,0.174902,49.97,0.947
2025-02-15 06:45:00,224.33,2.9551,662.92,1188.91,0.165730,49.97,0.929
2025-02-15 07:00:00,218.14,2.6695,582.33,1201.33,0.145584,49.97,0.963
2025-02-15 07:15:00,225.27,3.4883,785.82,1449.06,0.196455,49.83,0.954
2025-02-15 07:30:00,220.14,2.6694,587.65,824.98,0.146912,49.93,0.905
2025-02-15 07:45:00,222.05,4.4896,996.89,1727.04,0.249223,49.90,0.844
2025-02-15 08:00:00,227.73,4.9926,1136.95,2078.70,0.284238,49.89,0.927
2025-02-15 08:15:00,227.83,2.8858,657.47,1147.47,0.164368,49.82,0.973
2025-02-15 08:30:00,220.18,2.8523,628.03,1150.88,0.157007,50.17,0.828
2025-02-15 08:45:00,226.31,2.6067,589.94,1192.66,0.147486,50.19,0.839
2025-02-15 09:00:00,227.65,3.6543,831.91,1703.65,0.207978,50.04,0.963
2025-02-15 09:15:00,223.76,3.5488,794.09,1704.88,0.198523,49.88,0.958
2025-02-15 09:30:00,221.83,3.6258,804.30,1257.13,0.201074,50.12,0.935
2025-02-15 09:45:00,224.29,3.0396,681.76,980.53,0.170439,49.96,0.930
2025-02-15 10:00:00,217.94,7.6773,1673.20,2334.32,0.418299,50.15,0.938
2025-02-15 10:15:00,221.99,4.1339,917.67,1496.15,0.229416,50.02,0.979
2025-02-15 10:30:00,223.56,5.1903,1160.33,2229.09,0.290083,50.06,0.922
2025-02-15 10:45:00,224.35,4.2327,949.59,1375.13,0.237398,49.82,0.935
2025-02-15 11:00:00,219.88,6.0519,1330.68,2695.85,0.332669,50.17,0.979
2025-02-15 11:15:00,218.90,6.5715,1438.53,2871.60,0.359633,49.90,0.932
2025-02-15 11:30:00,219.22,6.2273,1365.13,2604.29,0.341283,49.87,0.828
2025-02-15 11:45:00,225.10,5.8102,1307.90,1856.33,0.326974,49.92,0.897
2025-02-15 12:00:00,227.15,8.3711,1901.51,3443.78,0.475377,50.11,0.823
2025-02-15 12:15:00,225.66,5.5025,1241.71,1988.35,0.310428,50.12,0.900
2025-02-15 12:30:00,219.25,6.2645,1373.51,1983.37,0.343378,50.09,0.854
2025-02-15 12:45:00,220.22,6.9039,1520.39,2490.18,0.380097,50.17,0.865
2025-02-15 13:00:00,222.18,5.3113,1180.09,2498.03,0.295022,49.95,0.894
2025-02-15 13:15:00,227.30,8.8191,2004.56,4979.25,0.501141,50.09,0.937
2025-02-15 13:30:00,218.80,6.4618,1413.83,2825.44,0.353457,50.07,0.975
2025-02-15 13:45:00,221.81,6.9968,1551.97,3088.76,0.387994,49.98,0.947
2025-02-15 14:00:00,222.50,5.4092,1203.52,1853.12,0.300881,50.03,0.942
2025-02-15 14:15:00,223.44,5.6503,1262.49,2624.96,0.315623,50.20,0.861
2025-02-15 14:30:00,227.79,6.2694,1428.11,2366.23,0.357028,50.05,0.879
2025-02-15 14:45:00,225.56,4.9774,1122.69,1609.54,0.280672,50.04,0.887
2025-02-15 15:00:00,219.85,6.1286,1347.37,3614.21,0.336842,50.01,0.898
2025-02-15 15:15:00,225.83,4.3130,973.99,1883.11,0.243497,50.12,0.874
2025-02-15 15:30:00,219.34,6.7876,1488.81,2889.34,0.372201,50.17,0.851
2025-02-15 15:45:00,226.42,4.7707,1080.17,2101.47,0.270042,50.02,0.856
2025-02-15 16:00:00,219.01,3.2593,713.81,1004.20,0.178453,49.97,0.846
2025-02-15 16:15:00,224.51,3.2425,727.97,1536.74,0.181993,49.88,0.848
2025-02-15 16:30:00,220.31,2.5195,555.08,833.36,0.138769,49.91,0.830
2025-02-15 16:45:00,220.15,2.7180,598.37,1122.28,0.149593,50.15,0.837
2025-02-15 17:00:00,218.80,1.9108,418.09,667.15,0.104523,49.80,0.973
2025-02-15 17:15:00,221.42,1.9977,442.33,838.34,0.110584,49.88,0.837
2025-02-15 17:30:00,224.17,1.9618,439.78,858.80,0.109944,50.16,0.901
2025-02-15 17:45:00,226.54,1.8944,429.16,791.87,0.107291,50.07,0.826
2025-02-15 18:00:00,222.81,1.6669,371.39,576.31,0.092849,49.89,0.913
2025-02-15 18:15:00,226.29,1.7425,394.32,714.32,0.098579,49.85,0.928
2025-02-15 18:30:00,224.38,1.7769,398.71,630.28,0.099677,49.86,0.975
2025-02-15 18:45:00,225.93,1.3940,314.95,553.49,0.078737,50.08,0.870
2025-02-15 19:00:00,218.85,1.8907,413.78,839.48,0.103444,49.85,0.870
2025-02-15 19:15:00,225.21,1.5677,353.07,543.06,0.088267,49.81,0.953
2025-02-15 19:30:00,217.95,1.2796,278.89,490.59,0.069722,49.93,0.904
2025-02-15 19:45:00,226.26,1.4311,323.79,489.54,0.080948,49.85,0.836
2025-02-15 20:00:00,223.10,1.6560,369.46,702.92,0.092365,49.98,0.901
2025-02-15 20:15:00,221.32,1.3783,305.03,660.56,0.076259,50.14,0.843
2025-02-15 20:30:00,224.57,1.5402,345.87,589.83,0.086467,50.20,0.846
2025-02-15 20:45:00,223.09,1.5587,347.74,489.14,0.086934,49.82,0.922
2025-02-15 21:00:00,218.95,1.5770,345.29,679.31,0.086323,50.12,0.938
2025-02-15 21:15:00,222.17,1.8091,401.92,651.86,0.100481,50.02,0.880
2025-02-15 21:30:00,223.91,1.7304,387.46,658.09,0.096864,50.06,0.874
2025-02-15 21:45:00,223.31,2.6964,602.14,1051.77,0.150534,49.84,0.979
2025-02-15 22:00:00,227.64,2.2473,511.58,956.56,0.127895,50.03,0.834
2025-02-15 22:15:00,217.71,2.9737,647.39,1102.28,0.161847,49.90,0.855
2025-02-15 22:30:00,220.28,2.3378,514.96,728.59,0.128741,50.06,0.926
2025-02-15 22:45:00,218.56,1.9411,424.24,849.44,0.106061,49.94,0.824
2025-02-15 23:00:00,226.75,3.8926,882.62,1572.74,0.220656,50.18,0.942
2025-02-15 23:15:00,223.07,4.6819,1044.38,1867.11,0.261095,49.86,0.913
2025-02-15 23:30:00,227.08,4.0277,914.59,1495.10,0.228648,49.97,0.888
2025-02-15 23:45:00,225.89,4.3645,985.90,2044.59,0.246476,50.14,0.917
2025-02-16 00:00:00,224.48,5.2334,1174.81,2288.59,0.293704,49.86,0.900
2025-02-16 00:15:00,222.48,5.6551,1258.17,1843.50,0.314543,50.02,0.968
2025-02-16 00:30:00,218.27,5.4653,1192.90,1995.26,0.298225,50.06,0.913
2025-02-16 00:45:00,226.79,5.1412,1165.96,1634.50,0.291490,50.10,0.873
2025-02-16 01:00:00,223.42,5.4634,1220.64,3113.17,0.305161,49.94,0.859
2025-02-16 01:15:00,220.98,4.4925,992.72,1663.00,0.248181,50.07,0.854
2025-02-16 01:30:00,219.79,4.0763,895.93,1445.80,0.223982,49.87,0.845
2025-02-16 01:45:00,219.38,4.0100,879.70,1875.12,0.219925,49.81,0.830
2025-02-16 02:00:00,218.78,3.5702,781.08,1909.99,0.195269,50.05,0.968
2025-02-16 02:15:00,221.91,2.6683,592.13,1215.22,0.148032,49.82,0.897
2025-02-16 02:30:00,222.10,2.7335,607.10,904.56,0.151775,50.12,0.937
2025-02-16 02:45:00,221.59,2.7910,618.44,1142.08,0.154610,49.83,0.859
2025-02-16 03:00:00,218.34,2.3427,511.52,718.17,0.127880,50.00,0.896
2025-02-16 03:15:00,222.64,3.7327,831.04,1710.20,0.207760,50.18,0.962
2025-02-16 03:30:00,225.91,2.4307,549.12,776.04,0.137281,50.02,0.831
2025-02-16 03:45:00,221.45,2.5208,558.24,801.12,0.139559,49.82,0.882
2025-02-16 04:00:00,225.36,2.3197,522.78,1102.63,0.130696,49.83,0.833
2025-02-16 04:15:00,222.85,2.2393,499.04,882.59,0.124761,49.80,0.968
2025-02-16 04:30:00,221.46,2.8124,622.84,958.74,0.155711,50.01,0.915
2025-02-16 04:45:00,222.43,4.2636,948.34,1944.86,0.237086,50.08,0.857
2025-02-16 05:00:00,220.01,2.8320,623.06,1255.91,0.155765,49.83,0.874
2025-02-16 05:15:00,218.92,3.3158,725.91,1095.08,0.181477,50.20,0.938
2025-02-16 05:30:00,224.35,3.0739,689.63,1218.15,0.172407,49.96,0.832
2025-02-16 05:45:00,223.18,4.7355,1056.89,2363.80,0.264223,49.99,0.897
2025-02-16 06:00:00,222.91,2.4378,543.41,977.55,0.135852,50.04,0.918
2025-02-16 06:15:00,226.14,3.0176,682.38,1227.96,0.170595,50.08,0.911
2025-02-16 06:30:00,222.39,3.1008,689.59,1044.72,0.172397,50.08,0.901
2025-02-16 06:45:00,219.04,3.1779,696.07,1253.66,0.174016,49.96,0.848
2025-02-16 07:00:00,221.70,3.0635,679.17,1318.52,0.169793,50.14,0.892
2025-02-16 07:15:00,221.26,2.2094,488.85,1016.50,0.122213,50.07,0.873
2025-02-16 07:30:00,224.08,2.3087,517.33,732.89,0.129334,50.12,0.963
2025-02-16 07:45:00,225.21,2.0382,459.03,900.12,0.114757,49.82,0.959
2025-02-16 08:00:00,218.37,2.9545,645.19,1121.80,0.161298,50.07,0.828
2025-02-16 08:15:00,227.93,2.8440,648.22,1389.33,0.162055,50.18,0.850
2025-02-16 08:30:00,227.91,2.4159,550.59,1158.89,0.137647,50.15,0.939
2025-02-16 08:45:00,224.85,2.5644,576.60,1251.87,0.144150,49.99,0.957
2025-02-16 09:00:00,217.65,5.5121,1199.72,3035.18,0.299930,50.17,0.903
2025-02-16 09:15:00,218.69,4.1007,896.77,2162.10,0.224192,50.08,0.914
2025-02-16 09:30:00,226.63,3.8401,870.27,1889.89,0.217567,49.83,0.842
2025-02-16 09:45:00,225.34,3.4491,777.24,1378.26,0.194309,49.82,0.904
2025-02-16 10:00:00,221.83,5.4107,1200.24,2141.52,0.300061,50.19,0.854
2025-02-16 10:15:00,222.29,4.7842,1063.49,1822.81,0.265873,49.90,0.876
2025-02-16 10:30:00,227.13,4.9718,1129.23,2371.24,0.282308,50.15,0.874
2025-02-16 10:45:00,219.44,4.7993,1053.16,1929.19,0.263290,49.99,0.880
2025-02-16 11:00:00,217.73,5.6888,1238.61,2394.05,0.309652,50.10,0.943
2025-02-16 11:15:00,226.79,5.4974,1246.74,2233.27,0.311684,50.09,0.965
2025-02-16 11:30:00,226.67,5.7594,1305.47,2847.61,0.326368,50.14,0.866
2025-02-16 11:45:00,224.96,6.3321,1424.45,2520.21,0.356113,50.19,0.862
2025-02-16 12:00:00,228.00,6.4027,1459.80,2382.34,0.364950,49.93,0.918
2025-02-16 12:15:00,227.76,6.9958,1593.37,2964.01,0.398341,50.15,0.917
2025-02-16 12:30:00,225.74,5.7485,1297.68,2385.30,0.324420,49.99,0.822
2025-02-16 12:45:00,221.34,6.8742,1521.56,2926.39,0.380389,50.17,0.916
2025-02-16 13:00:00,219.08,5.7835,1267.06,2606.68,0.316766,50.12,0.826
2025-02-16 13:15:00,218.63,6.9980,1529.95,3301.33,0.382487,49.89,0.961
2025-02-16 13:30:00,220.70,7.1426,1576.34,2264.60,0.394085,50.13,0.927
2025-02-16 13:45:00,218.92,6.5688,1438.04,2438.26,0.359510,50.17,0.947
2025-02-16 14:00:00,224.49,5.4079,1214.05,2226.43,0.303512,49.98,0.874
2025-02-16 14:15:00,222.09,6.3422,1408.57,2108.23,0.352142,49.83,0.968
2025-02-16 14:30:00,220.96,6.1318,1354.86,2249.69,0.338714,50.15,0.901
2025-02-16 14:45:00,218.49,5.4373,1187.97,2420.47,0.296994,50.09,0.875
2025-02-16 15:00:00,224.52,4.7435,1065.03,1847.76,0.266258,50.17,0.967
2025-02-16 15:15:00,225.18,4.7227,1063.43,1782.53,0.265859,50.19,0.926
2025-02-16 15:30:00,227.51,3.8540,876.82,1695.94,0.219205,50.16,0.916
2025-02-16 15:45:00,221.49,4.5244,1002.13,1790.14,0.250533,50.14,0.855
2025-02-16 16:00:00,218.25,3.0329,661.92,1343.55,0.165481,49.95,0.853
2025-02-16 16:15:00,227.75,3.1942,727.46,1267.96,0.181865,50.14,0.830
2025-02-16 16:30:00,225.17,2.4601,553.93,1050.62,0.138482,50.12,0.886
2025-02-16 16:45:00,227.70,2.7185,619.02,898.26,0.154754,50.09,0.909
2025-02-16 17:00:00,220.96,2.8175,622.57,1380.00,0.155642,50.19,0.960
2025-02-16 17:15:00,225.11,1.7613,396.50,814.82,0.099126,50.00,0.925
2025-02-16 17:30:00,219.31,1.4339,314.47,502.93,0.078619,50.12,0.870
2025-02-16 17:45:00,224.71,1.5981,359.11,582.67,0.089777,50.02,0.820
2025-02-16 18:00:00,224.71,1.4564,327.26,718.89,0.081814,49.84,0.876
2025-02-16 18:15:00,226.05,1.5624,353.19,724.60,0.088299,50.04,0.921
2025-02-16 18:30:00,218.07,1.6547,360.85,512.18,0.090213,49.85,0.898
2025-02-16 18:45:00,222.19,1.3808,306.80,563.33,0.076701,49.86,0.967
2025-02-16 19:00:00,220.28,1.2732,280.47,477.58,0.070118,50.02,0.885
2025-02-16 19:15:00,220.50,1.5434,340.32,608.65,0.085081,49.83,0.832
2025-02-16 19:30:00,219.42,1.4709,322.74,631.37,0.080685,50.06,0.822
2025-02-16 19:45:00,226.18,1.2132,274.40,399.90,0.068600,49.87,0.904
2025-02-16 20:00:00,225.95,1.5173,342.83,694.39,0.085707,49.88,0.919
2025-02-16 20:15:00,222.05,1.2358,274.41,427.18,0.068603,49.94,0.865
2025-02-16 20:30:00,222.08,1.2758,283.33,519.49,0.070833,50.18,0.894
2025-02-16 20:45:00,227.16,1.3183,299.47,476.56,0.074867,49.94,0.937
2025-02-16 21:00:00,225.52,1.5316,345.40,721.47,0.086349,49.89,0.965
2025-02-16 21:15:00,225.33,1.3111,295.44,611.17,0.073860,50.01,0.851
2025-02-16 21:30:00,218.29,1.6370,357.35,588.55,0.089338,50.19,0.955
2025-02-16 21:45:00,219.44,1.4477,317.68,534.46,0.079421,50.17,0.980
2025-02-16 22:00:00,218.49,1.7367,379.46,764.06,0.094866,49.89,0.868
2025-02-16 22:15:00,218.31,1.7628,384.84,637.49,0.096209,50.06,0.844
2025-02-16 22:30:00,219.35,1.9202,421.19,705.97,0.105296,50.12,0.854
2025-02-16 22:45:00,217.74,1.7071,371.70,608.64,0.092925,49.83,0.932
2025-02-16 23:00:00,226.31,4.0575,918.24,1425.97,0.229560,50.17,0.963
2025-02-16 23:15:00,218.85,4.3111,943.51,2000.77,0.235877,49.83,0.883
2025-02-16 23:30:00,226.71,3.9551,896.68,1295.52,0.224169,50.11,0.914
2025-02-16 23:45:00,224.49,4.0671,913.03,2008.55,0.228257,49.98,0.869
2025-02-17 00:00:00,223.07,3.8249,853.21,1688.55,0.213304,49.95,0.854
2025-02-17 00:15:00,220.07,4.0650,894.57,1456.21,0.223643,50.07,0.887
2025-02-17 00:30:00,222.16,4.0456,898.75,1736.44,0.224687,49.93,0.851
2025-02-17 00:45:00,221.46,4.6769,1035.73,2043.02,0.258933,50.18,0.886
2025-02-17 01:00:00,226.44,5.7904,1311.19,3095.77,0.327798,49.84,0.912
2025-02-17 01:15:00,218.93,3.2142,703.69,1276.78,0.175923,50.05,0.867
2025-02-17 01:30:00,227.86,3.5361,805.74,1215.55,0.201434,49.99,0.838
2025-02-17 01:45:00,222.85,3.8558,859.25,1866.95,0.214812,49.88,0.868
2025-02-17 02:00:00,221.64,2.2546,499.70,886.36,0.124926,49.99,0.823
2025-02-17 02:15:00,226.05,2.0663,467.08,733.31,0.116770,49.96,0.874
2025-02-17 02:30:00,223.18,2.0977,468.16,991.84,0.117040,50.16,0.850
2025-02-17 02:45:00,224.10,2.3936,536.39,1014.81,0.134098,50.09,0.916
2025-02-17 03:00:00,223.35,3.7631,840.49,1312.15,0.210122,49.95,0.899
2025-02-17 03:15:00,219.55,2.2025,483.55,1018.69,0.120888,49.85,0.957
2025-02-17 03:30:00,227.57,1.8779,427.33,663.86,0.106833,49.94,0.822
2025-02-17 03:45:00,223.57,3.4994,782.35,1726.31,0.195587,49.95,0.900
2025-02-17 04:00:00,222.48,1.9543,434.78,684.52,0.108695,50.02,0.903
2025-02-17 04:15:00,224.07,2.3321,522.55,835.32,0.130636,49.92,0.905
2025-02-17 04:30:00,226.13,2.2466,508.01,722.25,0.127004,50.16,0.848
2025-02-17 04:45:00,227.26,1.9149,435.17,678.52,0.108792,50.13,0.856
2025-02-17 05:00:00,223.49,2.3256,519.75,845.22,0.129938,50.03,0.826
2025-02-17 05:15:00,222.11,3.0234,671.53,1052.73,0.167882,49.88,0.851
2025-02-17 05:30:00,221.83,2.6084,578.63,1224.21,0.144657,49.81,0.873
2025-02-17 05:45:00,225.79,2.9631,669.06,1396.16,0.167264,50.03,0.863
2025-02-17 06:00:00,219.34,2.2272,488.52,798.90,0.122129,50.06,0.842
2025-02-17 06:15:00,218.30,2.1826,476.47,955.03,0.119117,49.82,0.977
2025-02-17 06:30:00,227.67,2.6133,594.97,893.42,0.148743,49.97,0.964
2025-02-17 06:45:00,224.97,2.0977,471.92,870.41,0.117979,50.09,0.895
2025-02-17 07:00:00,224.17,2.2032,493.90,1033.11,0.123474,49.90,0.963
2025-02-17 07:15:00,223.99,2.1754,487.26,867.99,0.121815,49.86,0.862
2025-02-17 07:30:00,226.54,2.2347,506.25,838.30,0.126562,49.93,0.882
2025-02-17 07:45:00,219.84,1.9929,438.11,765.28,0.109527,49.82,0.972
2025-02-17 08:00:00,223.30,1.9184,428.38,702.24,0.107095,49.95,0.919
2025-02-17 08:15:00,217.51,2.4794,539.30,816.55,0.134825,49.98,0.935
2025-02-17 08:30:00,221.20,2.0780,459.65,966.24,0.114913,49.93,0.920
2025-02-17 08:45:00,223.23,2.4458,545.97,1119.46,0.136493,49.91,0.858
2025-02-17 09:00:00,221.55,3.1378,695.17,990.29,0.173793,49.95,0.906
2025-02-17 09:15:00,221.67,2.7238,603.78,979.16,0.150945,49.94,0.882
2025-02-17 09:30:00,223.91,3.2907,736.81,1388.43,0.184202,49.98,0.834
2025-02-17 09:45:00,218.82,3.2980,721.67,1399.94,0.180418,49.82,0.940
2025-02-17 10:00:00,221.41,4.6346,1026.16,2149.83,0.256539,50.17,0.853
2025-02-17 10:15:00,221.62,3.6330,805.14,1157.93,0.201286,49.90,0.820
2025-02-17 10:30:00,217.85,4.4377,966.75,1441.26,0.241687,50.00,0.827
2025-02-17 10:45:00,227.72,4.2387,965.21,1702.29,0.241303,49.92,0.900
2025-02-17 11:00:00,225.52,4.8993,1104.90,1599.71,0.276225,49.85,0.954
2025-02-17 11:15:00,227.89,4.6614,1062.26,1883.39,0.265566,49.91,0.931
2025-02-17 11:30:00,226.84,4.6187,1047.72,1495.13,0.261930,49.90,0.890
2025-02-17 11:45:00,220.12,7.4793,1646.33,2406.03,0.411582,50.09,0.846
2025-02-17 12:00:00,221.29,6.0193,1332.04,2254.97,0.333009,50.20,0.964
2025-02-17 12:15:00,218.02,10.9347,2383.94,4619.62,0.595986,49.85,0.863
2025-02-17 12:30:00,225.29,6.0121,1354.44,2652.50,0.338611,49.82,0.831
2025-02-17 12:45:00,225.07,4.7145,1061.08,2187.14,0.265269,50.12,0.884
2025-02-17 13:00:00,227.08,4.6008,1044.74,1749.07,0.261184,49.98,0.940
2025-02-17 13:15:00,225.23,5.4234,1221.48,2616.90,0.305370,50.14,0.876
2025-02-17 13:30:00,227.20,5.0962,1157.87,1847.99,0.289467,50.04,0.919
2025-02-17 13:45:00,225.76,5.7767,1304.15,2733.90,0.326038,50.07,0.927
2025-02-17 14:00:00,221.40,4.1929,928.33,1819.44,0.232083,49.83,0.877
2025-02-17 14:15:00,219.77,4.7511,1044.16,1480.41,0.261039,49.94,0.974
2025-02-17 14:30:00,219.09,4.6066,1009.27,2138.74,0.252318,50.16,0.882
2025-02-17 14:45:00,219.68,4.9810,1094.24,2257.32,0.273560,49.97,0.827
2025-02-17 15:00:00,227.30,3.4977,795.04,1258.46,0.198759,49.99,0.840
2025-02-17 15:15:00,224.10,3.2798,735.00,1520.76,0.183751,49.96,0.899
2025-02-17 15:30:00,227.96,3.9126,891.91,1284.64,0.222978,50.16,0.946
2025-02-17 15:45:00,225.48,3.2242,726.99,1184.47,0.181746,50.00,0.860
2025-02-17 16:00:00,225.76,2.1698,489.86,1056.43,0.122465,49.86,0.907
2025-02-17 16:15:00,221.72,2.2963,509.14,869.53,0.127284,50.02,0.832
2025-02-17 16:30:00,226.06,2.1224,479.80,925.87,0.119949,49.81,0.963
2025-02-17 16:45:00,218.36,2.6579,580.38,1093.80,0.145094,50.20,0.980
2025-02-17 17:00:00,225.23,1.7431,392.58,626.06,0.098146,49.90,0.912
2025-02-17 17:15:00,221.20,1.5643,346.03,663.02,0.086506,49.93,0.839
2025-02-17 17:30:00,225.24,1.5207,342.51,501.11,0.085628,50.14,0.897
2025-02-17 17:45:00,221.94,1.5344,340.54,715.15,0.085136,49.98,0.880
2025-02-17 18:00:00,223.66,1.2600,281.82,587.50,0.070455,50.07,0.869
2025-02-17 18:15:00,223.64,1.4264,319.01,552.45,0.079753,50.20,0.837
2025-02-17 18:30:00,227.51,1.3860,315.33,605.51,0.078834,49.81,0.962
2025-02-17 18:45:00,219.63,1.2702,278.97,429.43,0.069743,49.84,0.913
2025-02-17 19:00:00,226.43,1.1357,257.16,491.42,0.064291,49.90,0.902
2025-02-17 19:15:00,219.71,1.1858,260.53,465.01,0.065132,50.14,0.942
2025-02-17 19:30:00,220.94,1.3851,306.03,469.35,0.076508,49.88,0.924
2025-02-17 19:45:00,221.57,1.2170,269.66,409.94,0.067415,50.08,0.980
2025-02-17 20:00:00,225.43,1.2684,285.93,437.07,0.071483,50.12,0.963
2025-02-17 20:15:00,226.68,1.4647,332.03,492.55,0.083007,49.85,0.897
2025-02-17 20:30:00,220.82,1.4665,323.83,481.52,0.080959,50.16,0.976
2025-02-17 20:45:00,224.55,1.4776,331.79,705.06,0.082949,50.19,0.904
2025-02-17 21:00:00,223.50,1.5413,344.50,512.15,0.086124,49.98,0.861
2025-02-17 21:15:00,218.73,1.7413,380.87,991.66,0.095219,50.01,0.933
2025-02-17 21:30:00,217.69,1.6100,350.49,545.95,0.087621,50.05,0.852
2025-02-17 21:45:00,220.19,1.4429,317.71,566.12,0.079428,50.07,0.900
2025-02-17 22:00:00,221.85,1.9039,422.39,677.69,0.105598,50.10,0.901
2025-02-17 22:15:00,217.81,2.0920,455.64,800.88,0.113911,50.13,0.949
2025-02-17 22:30:00,227.74,1.7278,393.49,745.79,0.098372,49.99,0.975
2025-02-17 22:45:00,222.25,1.8053,401.24,807.48,0.100309,49.82,0.936
2025-02-17 23:00:00,227.53,3.8746,881.57,1511.85,0.220393,49.87,0.961
2025-02-17 23:15:00,223.45,5.9177,1322.31,2376.84,0.330577,50.16,0.893
2025-02-17 23:30:00,218.90,4.2373,927.53,2032.56,0.231883,50.13,0.925
2025-02-17 23:45:00,221.39,4.2221,934.73,1948.17,0.233684,49.87,0.895
2025-02-18 00:00:00,219.26,4.2786,938.13,1905.13,0.234533,50.09,0.897
2025-02-18 00:15:00,227.56,4.1908,953.67,1636.34,0.238419,49.84,0.977
2025-02-18 00:30:00,226.70,6.3926,1449.19,3421.00,0.362299,49.83,0.865
2025-02-18 00:45:00,222.20,4.3501,966.59,2036.54,0.241648,49.89,0.904
2025-02-18 01:00:00,219.67,3.5048,769.90,1174.18,0.192475,49.95,0.859
2025-02-18 01:15:00,223.83,4.9545,1108.99,1638.91,0.277247,50.12,0.899
2025-02-18 01:30:00,223.16,3.1972,713.49,1559.34,0.178371,50.01,0.827
2025-02-18 01:45:00,224.53,3.8256,858.98,1644.48,0.214745,50.00,0.912
2025-02-18 02:00:00,222.65,2.5627,570.58,847.96,0.142645,49.87,0.851
2025-02-18 02:15:00,225.17,2.0205,454.95,768.70,0.113739,49.90,0.875
2025-02-18 02:30:00,224.61,2.4763,556.20,977.24,0.139051,49.98,0.856
2025-02-18 02:45:00,223.79,2.4132,540.05,1162.75,0.135011,50.00,0.940
2025-02-18 03:00:00,219.50,2.3052,505.99,972.14,0.126499,50.08,0.956
2025-02-18 03:15:00,222.40,2.2447,499.21,956.95,0.124803,49.99,0.937
2025-02-18 03:30:00,222.91,1.8727,417.44,757.25,0.104360,49.94,0.903
2025-02-18 03:45:00,221.60,1.8506,410.10,673.74,0.102526,50.01,0.913
2025-02-18 04:00:00,227.24,2.3986,545.06,903.96,0.136265,50.20,0.894
2025-02-18 04:15:00,224.68,2.4046,540.26,1188.40,0.135066,49.81,0.964
2025-02-18 04:30:00,222.77,2.4961,556.05,1182.66,0.139014,50.14,0.915
2025-02-18 04:45:00,222.13,2.4577,545.92,1023.67,0.136481,49.91,0.958
2025-02-18 05:00:00,218.47,3.1461,687.32,1219.93,0.171829,49.96,0.967
2025-02-18 05:15:00,224.75,2.5941,583.02,891.36,0.145755,49.86,0.917
2025-02-18 05:30:00,226.89,2.8296,642.00,1049.96,0.160499,49.89,0.893
2025-02-18 05:45:00,226.92,2.5896,587.63,1160.33,0.146908,50.11,0.956
2025-02-18 06:00:00,222.28,2.3555,523.57,1131.18,0.130893,50.16,0.977
2025-02-18 06:15:00,226.08,2.7079,612.20,1272.29,0.153051,49.92,0.842
2025-02-18 06:30:00,219.91,2.4721,543.66,1031.84,0.135915,50.09,0.973
2025-02-18 06:45:00,227.05,2.7359,621.18,907.15,0.155295,49.99,0.857
2025-02-18 07:00:00,218.06,1.8827,410.55,776.45,0.102637,50.07,0.893
2025-02-18 07:15:00,226.18,1.8712,423.24,630.62,0.105810,50.02,0.923
2025-02-18 07:30:00,218.85,2.0763,454.39,722.10,0.113599,50.11,0.839
2025-02-18 07:45:00,224.72,2.0587,462.64,766.54,0.115659,49.85,0.868
2025-02-18 08:00:00,221.67,2.2054,488.87,905.82,0.122217,50.09,0.850
2025-02-18 08:15:00,218.86,2.4851,543.90,767.42,0.135974,49.94,0.942
2025-02-18 08:30:00,221.67,2.3051,510.98,1046.98,0.127745,50.02,0.875
2025-02-18 08:45:00,221.48,2.0182,446.98,784.39,0.111744,49.84,0.909
2025-02-18 09:00:00,227.74,2.7757,632.15,1020.38,0.158038,50.03,0.959
2025-02-18 09:15:00,226.01,3.3009,746.04,1401.44,0.186510,50.15,0.912
2025-02-18 09:30:00,222.21,3.1257,694.58,1028.55,0.173644,49.89,0.869
2025-02-18 09:45:00,225.36,2.7359,616.57,938.54,0.154142,49.93,0.904
2025-02-18 10:00:00,218.45,3.8661,844.55,1478.12,0.211137,50.19,0.926
2025-02-18 10:15:00,222.47,3.6502,812.05,1263.81,0.203012,49.82,0.962
2025-02-18 10:30:00,217.89,3.6221,789.22,1420.70,0.197305,50.09,0.948
2025-02-18 10:45:00,224.67,3.4276,770.08,1436.12,0.192521,50.08,0.971
2025-02-18 11:00:00,227.89,4.1321,941.69,1898.67,0.235422,50.08,0.923
2025-02-18 11:15:00,226.87,5.1876,1176.89,1671.73,0.294221,50.17,0.944
2025-02-18 11:30:00,220.66,4.3068,950.32,1646.59,0.237580,49.83,0.865
2025-02-18 11:45:00,222.69,5.3240,1185.60,1942.08,0.296401,49.87,0.859
2025-02-18 12:00:00,220.88,5.0573,1117.07,1978.14,0.279268,49.98,0.829
2025-02-18 12:15:00,222.56,5.0032,1113.52,1665.07,0.278380,50.16,0.898
2025-02-18 12:30:00,218.74,5.5287,1209.37,2132.20,0.302342,49.92,0.869
2025-02-18 12:45:00,218.03,6.1093,1331.98,2539.82,0.332994,49.95,0.874
2025-02-18 13:00:00,226.93,4.9921,1132.87,2094.96,0.283217,50.11,0.875
2025-02-18 13:15:00,223.55,5.3458,1195.03,2198.21,0.298757,49.91,0.927
2025-02-18 13:30:00,225.72,4.6929,1059.29,1835.99,0.264822,50.15,0.936
2025-02-18 13:45:00,224.88,5.1729,1163.28,1927.78,0.290820,50.09,0.938
2025-02-18 14:00:00,225.56,4.5832,1033.80,1537.40,0.258449,49.81,0.828
2025-02-18 14:15:00,222.92,4.0796,909.44,1984.09,0.227360,49.96,0.954
2025-02-18 14:30:00,227.80,4.9114,1118.80,1667.89,0.279699,50.08,0.937
2025-02-18 14:45:00,217.95,5.4632,1190.68,2092.22,0.297670,49.85,0.973
2025-02-18 15:00:00,223.89,3.6927,826.73,1234.92,0.206684,49.98,0.900
2025-02-18 15:15:00,223.38,3.3871,756.62,1367.04,0.189154,50.02,0.856
2025-02-18 15:30:00,218.41,3.7678,822.92,1800.13,0.205731,50.12,0.928
2025-02-18 15:45:00,222.27,3.6221,805.09,1584.00,0.201272,49.96,0.864
2025-02-18 16:00:00,221.98,2.3967,532.01,891.33,0.133003,49.93,0.866
2025-02-18 16:15:00,223.76,2.4689,552.46,1155.58,0.138115,49.84,0.968
2025-02-18 16:30:00,225.62,2.4464,551.95,1008.81,0.137989,49.93,0.939
2025-02-18 16:45:00,222.67,2.5749,573.36,804.24,0.143340,50.17,0.939
2025-02-18 17:00:00,223.70,2.8195,630.72,1676.25,0.157681,50.17,0.958
2025-02-18 17:15:00,221.05,1.7485,386.50,749.32,0.096624,49.80,0.913
2025-02-18 17:30:00,222.06,1.4645,325.21,697.22,0.081303,50.07,0.868
2025-02-18 17:45:00,223.48,1.3674,305.57,444.32,0.076393,50.12,0.913
2025-02-18 18:00:00,220.63,1.4147,312.12,452.24,0.078029,50.10,0.855
2025-02-18 18:15:00,227.24,1.3039,296.29,495.89,0.074072,49.98,0.872
2025-02-18 18:30:00,225.85,1.5798,356.80,754.61,0.089199,50.06,0.958
2025-02-18 18:45:00,225.71,1.5214,343.40,601.92,0.085850,50.00,0.857
2025-02-18 19:00:00,227.40,1.3707,311.69,491.48,0.077924,49.89,0.922
2025-02-18 19:15:00,220.70,1.3041,287.82,589.46,0.071955,50.19,0.852
2025-02-18 19:30:00,223.29,1.5121,337.64,741.97,0.084411,49.96,0.938
2025-02-18 19:45:00,219.65,1.4381,315.89,452.06,0.078972,49.90,0.918
2025-02-18 20:00:00,222.21,1.5421,342.66,653.75,0.085665,49.87,0.860
2025-02-18 20:15:00,223.97,1.4344,321.26,683.16,0.080315,49.98,0.913
2025-02-18 20:30:00,217.51,1.2433,270.42,470.00,0.067605,49.86,0.915
2025-02-18 20:45:00,225.49,1.3200,297.65,434.14,0.074412,50.06,0.877
2025-02-18 21:00:00,224.77,1.4330,322.10,556.32,0.080525,49.89,0.875
2025-02-18 21:15:00,220.36,1.8270,402.60,1022.51,0.100650,50.01,0.880
2025-02-18 21:30:00,226.71,1.2066,273.54,541.49,0.068386,49.94,0.977
2025-02-18 21:45:00,223.32,1.2223,272.97,398.17,0.068242,50.05,0.940
2025-02-18 22:00:00,221.67,1.9755,437.91,920.28,0.109477,49.82,0.968
2025-02-18 22:15:00,226.15,1.6920,382.65,783.98,0.095662,50.17,0.910
2025-02-18 22:30:00,224.41,2.6296,590.11,1236.43,0.147528,50.05,0.882
2025-02-18 22:45:00,226.36,1.9659,445.00,715.99,0.111249,50.16,0.934
2025-02-18 23:00:00,224.81,3.4163,768.01,1346.06,0.192003,50.09,0.905
2025-02-18 23:15:00,227.93,3.6433,830.44,1590.27,0.207610,49.85,0.940
2025-02-18 23:30:00,223.25,3.5714,797.31,1282.29,0.199328,50.11,0.950
2025-02-18 23:45:00,218.30,4.0747,889.51,1787.76,0.222377,50.03,0.888
2025-02-19 00:00:00,222.01,3.9607,879.30,1748.86,0.219826,50.16,0.950
2025-02-19 00:15:00,218.33,4.4486,971.27,2093.09,0.242817,50.19,0.897
2025-02-19 00:30:00,222.60,4.0005,890.51,1715.02,0.222627,49.93,0.955
2025-02-19 00:45:00,223.04,4.0545,904.34,1746.06,0.226084,50.01,0.909
2025-02-19 01:00:00,217.61,3.8633,840.70,1680.26,0.210175,50.19,0.859
2025-02-19 01:15:00,218.12,3.7424,816.29,1458.23,0.204073,50.06,0.895
2025-02-19 01:30:00,220.08,5.9215,1303.23,3030.42,0.325807,49.84,0.948
2025-02-19 01:45:00,222.17,5.3696,1192.95,2901.22,0.298238,49.82,0.950
2025-02-19 02:00:00,218.86,2.2089,483.43,1000.90,0.120858,49.85,0.937
2025-02-19 02:15:00,218.86,2.0036,438.49,934.44,0.109622,50.02,0.948
2025-02-19 02:30:00,227.40,2.4220,550.76,861.41,0.137691,50.18,0.851
2025-02-19 02:45:00,226.97,2.3657,536.95,919.57,0.134237,50.10,0.876
2025-02-19 03:00:00,219.94,1.9511,429.13,809.62,0.107281,50.17,0.899
2025-02-19 03:15:00,226.61,1.8621,421.98,820.94,0.105495,50.19,0.837
2025-02-19 03:30:00,221.16,1.8017,398.45,819.05,0.099612,49.82,0.833
2025-02-19 03:45:00,219.86,2.0987,461.43,809.70,0.115358,49.85,0.940
2025-02-19 04:00:00,225.99,2.4929,563.37,998.36,0.140844,50.16,0.934
2025-02-19 04:15:00,224.18,2.5473,571.06,1113.03,0.142764,49.96,0.940
2025-02-19 04:30:00,225.36,2.6561,598.58,1549.50,0.149645,50.06,0.968
2025-02-19 04:45:00,217.68,2.0616,448.77,909.10,0.112192,50.08,0.886
2025-02-19 05:00:00,221.41,2.3510,520.54,954.24,0.130134,49.91,0.838
2025-02-19 05:15:00,218.77,2.8010,612.77,1076.35,0.153192,49.92,0.826
2025-02-19 05:30:00,221.97,2.2980,510.10,782.37,0.127526,49.87,0.912
2025-02-19 05:45:00,218.97,3.0992,678.64,1355.34,0.169659,50.18,0.830
2025-02-19 06:00:00,218.41,2.4033,524.90,981.79,0.131226,49.99,0.892
2025-02-19 06:15:00,220.76,2.8318,625.13,1063.84,0.156283,50.04,0.837
2025-02-19 06:30:00,224.82,2.5266,568.04,1060.79,0.142009,50.07,0.880
2025-02-19 06:45:00,227.91,2.3972,546.34,1182.46,0.136586,49.96,0.894
2025-02-19 07:00:00,221.33,2.2708,502.59,786.33,0.125647,50.18,0.873
2025-02-19 07:15:00,226.99,3.4297,778.52,1964.01,0.194630,50.00,0.822
2025-02-19 07:30:00,217.93,2.0270,441.73,685.40,0.110432,50.05,0.833
2025-02-19 07:45:00,219.94,1.8527,407.49,583.91,0.101873,49.92,0.850
2025-02-19 08:00:00,219.41,2.2549,494.76,785.76,0.123689,49.94,0.850
2025-02-19 08:15:00,220.20,2.3947,527.33,832.37,0.131832,50.06,0.892
2025-02-19 08:30:00,221.28,2.4066,532.53,998.56,0.133132,49.94,0.837
2025-02-19 08:45:00,217.66,2.4366,530.35,1120.55,0.132588,49.89,0.837
2025-02-19 09:00:00,224.77,3.2257,725.04,1109.59,0.181260,50.16,0.903
2025-02-19 09:15:00,221.21,3.0789,681.09,1370.21,0.170271,49.81,0.915
2025-02-19 09:30:00,220.51,3.0453,671.53,1470.63,0.167881,49.98,0.842
2025-02-19 09:45:00,220.06,3.3292,732.60,1384.45,0.183151,49.92,0.880
2025-02-19 10:00:00,227.71,6.0467,1376.92,2810.33,0.344231,50.00,0.971
2025-02-19 10:15:00,218.27,3.7306,814.26,1412.56,0.203566,50.17,0.896
2025-02-19 10:30:00,222.65,3.6233,806.71,1702.48,0.201678,49.84,0.964
2025-02-19 10:45:00,227.26,4.6043,1046.36,2018.03,0.261589,49.86,0.863
2025-02-19 11:00:00,217.92,4.1520,904.79,1406.07,0.226198,50.14,0.931
2025-02-19 11:15:00,218.91,4.8925,1071.01,1911.54,0.267754,49.88,0.835
2025-02-19 11:30:00,222.46,5.8409,1299.38,2797.49,0.324845,49.83,0.966
2025-02-19 11:45:00,224.00,4.7051,1053.93,1920.08,0.263483,49.83,0.846
2025-02-19 12:00:00,225.34,5.9096,1331.68,2479.56,0.332919,49.92,0.853
2025-02-19 12:15:00,220.17,4.9030,1079.48,1762.32,0.269871,50.07,0.875
2025-02-19 12:30:00,223.01,5.4603,1217.71,2397.64,0.304426,49.82,0.844
2025-02-19 12:45:00,225.99,6.0690,1371.52,2718.78,0.342879,50.19,0.874
2025-02-19 13:00:00,218.03,5.3887,1174.89,2376.46,0.293724,49.85,0.833
2025-02-19 13:15:00,222.89,4.5540,1015.04,1487.87,0.253759,50.17,0.967
2025-02-19 13:30:00,226.32,4.4229,1001.01,1814.33,0.250251,50.18,0.899
2025-02-19 13:45:00,220.54,5.2347,1154.47,2455.26,0.288618,50.00,0.840
2025-02-19 14:00:00,226.68,7.4600,1691.06,3779.91,0.422764,49.86,0.877
2025-02-19 14:15:00,221.16,5.0773,1122.86,2466.69,0.280716,49.93,0.892
2025-02-19 14:30:00,227.07,4.2266,959.75,1483.80,0.239937,50.08,0.974
2025-02-19 14:45:00,223.76,5.0008,1118.99,2141.33,0.279748,49.96,0.949
2025-02-19 15:00:00,223.23,3.2501,725.50,1468.96,0.181376,49.88,0.957
2025-02-19 15:15:00,223.79,3.5064,784.72,1603.56,0.196180,49.80,0.835
2025-02-19 15:30:00,224.42,3.4938,784.07,1253.44,0.196019,49.81,0.886
2025-02-19 15:45:00,224.00,3.2369,725.06,1435.56,0.181266,50.01,0.951
2025-02-19 16:00:00,221.12,2.2836,504.96,957.35,0.126239,50.20,0.943
2025-02-19 16:15:00,218.07,2.2659,494.13,1019.46,0.123533,50.03,0.922
2025-02-19 16:30:00,226.10,4.8892,1105.46,2191.25,0.276366,49.96,0.923
2025-02-19 16:45:00,222.10,2.4944,554.00,867.36,0.138499,49.92,0.970
2025-02-19 17:00:00,222.79,1.6558,368.88,729.12,0.092219,50.11,0.879
2025-02-19 17:15:00,217.68,2.3659,515.01,1145.74,0.128752,49.90,0.943
2025-02-19 17:30:00,223.20,1.3708,305.96,557.06,0.076491,49.92,0.858
2025-02-19 17:45:00,217.85,2.4050,523.93,797.54,0.130982,49.99,0.959
2025-02-19 18:00:00,220.90,1.2890,284.73,531.13,0.071183,50.18,0.834
2025-02-19 18:15:00,225.55,1.2729,287.11,608.45,0.071778,50.20,0.931
2025-02-19 18:30:00,221.87,2.1947,486.95,882.42,0.121739,50.00,0.931
2025-02-19 18:45:00,222.82,1.6484,367.31,538.71,0.091826,50.14,0.932
2025-02-19 19:00:00,218.42,1.2227,267.06,427.61,0.066764,50.15,0.872
2025-02-19 19:15:00,224.53,1.2797,287.33,613.00,0.071833,50.02,0.869
2025-02-19 19:30:00,220.56,1.4006,308.92,635.96,0.077229,49.99,0.914
2025-02-19 19:45:00,224.43,1.2870,288.83,509.92,0.072208,49.82,0.842
2025-02-19 20:00:00,226.92,1.2179,276.36,555.59,0.069089,49.86,0.847
2025-02-19 20:15:00,224.25,1.3735,308.01,500.67,0.077003,50.14,0.975
2025-02-19 20:30:00,226.41,1.4224,322.04,481.82,0.080509,50.14,0.945
2025-02-19 20:45:00,220.09,1.3194,290.39,563.71,0.072597,49.97,0.869
2025-02-19 21:00:00,224.34,1.2899,289.37,415.41,0.072342,50.04,0.923
2025-02-19 21:15:00,224.19,1.3405,300.54,629.66,0.075134,50.06,0.892
2025-02-19 21:30:00,219.46,1.6160,354.65,759.86,0.088662,49.88,0.971
2025-02-19 21:45:00,220.15,1.2984,285.83,439.07,0.071458,49.89,0.877
2025-02-19 22:00:00,221.02,1.6787,371.03,568.36,0.092757,50.19,0.835
2025-02-19 22:15:00,225.96,1.7472,394.79,632.43,0.098697,49.84,0.845
2025-02-19 22:30:00,218.98,1.9437,425.61,895.47,0.106403,49.84,0.968
2025-02-19 22:45:00,221.98,1.7108,379.75,546.53,0.094938,49.92,0.924
2025-02-19 23:00:00,222.80,4.3776,975.32,1557.15,0.243831,49.92,0.847
2025-02-19 23:15:00,217.83,3.9628,863.23,1215.48,0.215807,49.83,0.859
2025-02-19 23:30:00,224.30,4.3515,976.06,1552.08,0.244015,50.19,0.951
2025-02-19 23:45:00,220.66,4.2501,937.81,1838.37,0.234454,49.99,0.828
2025-02-20 00:00:00,226.01,3.9807,899.70,1938.65,0.224925,50.18,0.863
2025-02-20 00:15:00,226.48,4.3432,983.65,2141.12,0.245913,49.88,0.839
2025-02-20 00:30:00,227.38,4.2526,966.96,1958.77,0.241739,50.03,0.867
2025-02-20 00:45:00,222.87,4.3613,972.00,1509.61,0.243000,50.05,0.834
2025-02-20 01:00:00,221.13,3.5434,783.55,1250.29,0.195888,50.15,0.866
2025-02-20 01:15:00,224.87,3.3495,753.22,1220.61,0.188304,50.13,0.931
2025-02-20 01:30:00,223.19,3.2738,730.68,1030.85,0.182670,50.12,0.864
2025-02-20 01:45:00,222.13,3.3680,748.14,1338.31,0.187036,50.19,0.959
2025-02-20 02:00:00,225.85,2.1910,494.84,919.51,0.123711,50.11,0.932
2025-02-20 02:15:00,222.01,2.3154,514.05,822.51,0.128513,49.86,0.897
2025-02-20 02:30:00,218.28,2.3511,513.20,991.58,0.128299,49.95,0.967
2025-02-20 02:45:00,219.26,1.9766,433.40,771.25,0.108349,50.05,0.952
2025-02-20 03:00:00,221.78,2.1483,476.45,746.64,0.119112,50.04,0.973
2025-02-20 03:15:00,219.43,1.8186,399.05,587.49,0.099762,49.93,0.900
2025-02-20 03:30:00,226.78,1.8201,412.77,752.91,0.103192,50.18,0.970
2025-02-20 03:45:00,225.16,1.9690,443.33,909.53,0.110833,50.11,0.865
2025-02-20 04:00:00,225.57,2.2754,513.24,728.23,0.128311,50.08,0.851
2025-02-20 04:15:00,223.48,2.0135,449.98,759.87,0.112494,50.08,0.822
2025-02-20 04:30:00,222.52,2.3929,532.46,1000.58,0.133116,50.07,0.844
2025-02-20 04:45:00,224.85,2.0504,461.02,861.66,0.115256,49.95,0.951
2025-02-20 05:00:00,221.67,2.7039,599.36,1089.42,0.149840,50.00,0.855
2025-02-20 05:15:00,218.89,2.8574,625.45,1028.44,0.156361,49.83,0.822
2025-02-20 05:30:00,225.58,2.6077,588.25,1064.47,0.147063,49.97,0.895
2025-02-20 05:45:00,218.31,2.5014,546.07,1096.06,0.136518,50.03,0.897
2025-02-20 06:00:00,219.06,2.1897,479.69,748.90,0.119923,50.10,0.956
2025-02-20 06:15:00,219.13,2.3928,524.34,1140.79,0.131084,49.82,0.916
2025-02-20 06:30:00,218.99,2.8627,626.90,1039.19,0.156724,50.08,0.832
2025-02-20 06:45:00,222.60,2.1981,489.30,868.95,0.122324,49.95,0.940
2025-02-20 07:00:00,222.04,1.8738,416.07,656.07,0.104018,49.95,0.910
2025-02-20 07:15:00,225.52,1.8501,417.23,629.75,0.104308,49.96,0.839
2025-02-20 07:30:00,220.83,1.8054,398.70,740.46,0.099676,50.15,0.820
2025-02-20 07:45:00,224.74,2.2696,510.07,761.64,0.127518,49.95,0.877
2025-02-20 08:00:00,220.00,2.4503,539.07,920.33,0.134767,50.14,0.890
2025-02-20 08:15:00,221.15,2.5393,561.59,820.22,0.140396,50.01,0.844
2025-02-20 08:30:00,227.70,2.9033,661.08,1517.87,0.165271,50.12,0.862
2025-02-20 08:45:00,227.26,1.8950,430.65,746.61,0.107663,49.90,0.889
2025-02-20 09:00:00,221.89,2.5092,556.77,1216.61,0.139192,50.12,0.836
2025-02-20 09:15:00,220.02,2.9114,640.55,1046.55,0.160138,50.05,0.923
2025-02-20 09:30:00,223.49,3.2867,734.55,1382.70,0.183638,49.94,0.875
2025-02-20 09:45:00,221.68,3.3436,741.22,1335.96,0.185304,50.19,0.925
2025-02-20 10:00:00,227.46,6.1231,1392.79,2396.40,0.348198,49.87,0.824
2025-02-20 10:15:00,218.14,3.7342,814.59,1497.82,0.203647,49.86,0.836
2025-02-20 10:30:00,219.85,3.6501,802.46,1596.64,0.200615,49.98,0.874
2025-02-20 10:45:00,226.06,4.4085,996.58,1605.20,0.249145,50.08,0.947
2025-02-20 11:00:00,227.55,4.9431,1124.78,2079.90,0.281195,50.08,0.878
2025-02-20 11:15:00,222.08,5.1491,1143.50,1799.67,0.285875,50.15,0.915
2025-02-20 11:30:00,222.77,4.6261,1030.56,1894.55,0.257639,49.86,0.920
2025-02-20 11:45:00,221.27,5.3166,1176.38,2256.76,0.294096,49.98,0.943
2025-02-20 12:00:00,218.21,5.9806,1305.01,2547.04,0.326252,49.96,0.854
2025-02-20 12:15:00,218.18,9.9415,2168.98,3934.78,0.542245,50.07,0.873
2025-02-20 12:30:00,222.45,5.2322,1163.93,2273.65,0.290983,50.18,0.848
2025-02-20 12:45:00,226.47,5.8900,1333.89,2922.05,0.333472,50.11,0.911
2025-02-20 13:00:00,222.76,5.1081,1137.88,2171.85,0.284469,50.01,0.865
2025-02-20 13:15:00,218.59,5.8519,1279.15,2651.99,0.319786,49.99,0.834
2025-02-20 13:30:00,225.54,4.3900,990.11,1528.10,0.247528,49.98,0.923
2025-02-20 13:45:00,224.31,5.6064,1257.59,2267.69,0.314398,50.16,0.877
2025-02-20 14:00:00,223.04,4.3453,969.16,1398.88,0.242289,50.11,0.971
2025-02-20 14:15:00,222.96,5.2334,1166.85,2377.69,0.291713,50.03,0.854
2025-02-20 14:30:00,226.73,4.1484,940.58,1318.57,0.235144,50.17,0.906
2025-02-20 14:45:00,220.57,4.3786,965.78,2107.49,0.241445,49.93,0.858
2025-02-20 15:00:00,223.07,3.9996,892.18,1382.06,0.223045,49.97,0.978
2025-02-20 15:15:00,224.82,3.5692,802.42,1380.71,0.200605,50.06,0.908
2025-02-20 15:30:00,221.06,5.4657,1208.24,1990.05,0.302060,49.88,0.858
2025-02-20 15:45:00,226.35,3.7938,858.73,1880.47,0.214682,49.92,0.919
2025-02-20 16:00:00,217.71,2.7673,602.47,1144.35,0.150617,49.84,0.914
2025-02-20 16:15:00,225.49,2.6862,605.73,1224.23,0.151432,50.09,0.890
2025-02-20 16:30:00,224.32,3.5166,788.84,1919.49,0.197210,50.01,0.876
2025-02-20 16:45:00,224.93,2.2281,501.17,718.81,0.125292,49.96,0.825
2025-02-20 17:00:00,225.14,1.7826,401.33,603.67,0.100333,49.98,0.926
2025-02-20 17:15:00,225.62,1.4838,334.79,727.50,0.083697,50.16,0.918
2025-02-20 17:30:00,223.24,2.3929,534.19,999.48,0.133549,50.00,0.980
2025-02-20 17:45:00,223.96,1.6899,378.46,675.08,0.094616,50.17,0.977
2025-02-20 18:00:00,225.36,2.4329,548.29,877.44,0.137072,50.19,0.844
2025-02-20 18:15:00,218.26,1.6594,362.16,645.60,0.090541,50.20,0.844
2025-02-20 18:30:00,223.47,1.5238,340.53,556.27,0.085133,49.81,0.866
2025-02-20 18:45:00,224.92,1.2847,288.96,579.94,0.072240,49.94,0.971
2025-02-20 19:00:00,222.15,1.2128,269.43,575.85,0.067358,50.05,0.979
2025-02-20 19:15:00,222.22,1.3004,288.97,570.54,0.072242,50.12,0.860
2025-02-20 19:30:00,227.96,1.1636,265.25,497.71,0.066312,49.99,0.873
2025-02-20 19:45:00,224.24,1.4994,336.23,609.53,0.084058,49.81,0.844
2025-02-20 20:00:00,225.30,1.2209,275.06,441.35,0.068765,50.14,0.840
2025-02-20 20:15:00,225.15,1.2852,289.37,600.23,0.072342,50.03,0.873
2025-02-20 20:30:00,227.32,1.3785,313.36,532.07,0.078341,50.00,0.971
2025-02-20 20:45:00,226.33,1.3234,299.52,443.74,0.074881,49.83,0.842
2025-02-20 21:00:00,224.03,1.2175,272.74,598.23,0.068186,50.16,0.855
2025-02-20 21:15:00,221.24,1.3354,295.44,532.89,0.073860,50.11,0.879
2025-02-20 21:30:00,225.35,2.0708,466.64,1054.81,0.116661,50.11,0.930
2025-02-20 21:45:00,222.00,1.5142,336.15,584.33,0.084038,50.10,0.858
2025-02-20 22:00:00,218.45,1.9222,419.91,777.01,0.104977,49.80,0.932
2025-02-20 22:15:00,219.79,1.9015,417.92,816.61,0.104481,50.09,0.939
2025-02-20 22:30:00,222.76,2.6260,584.97,1097.08,0.146244,50.16,0.936
2025-02-20 22:45:00,226.98,1.7826,404.61,811.21,0.101152,49.94,0.837
2025-02-20 23:00:00,220.47,4.4142,973.18,1972.16,0.243295,49.83,0.952
2025-02-20 23:15:00,221.45,4.2369,938.27,1766.99,0.234566,49.82,0.892
2025-02-20 23:30:00,220.25,4.1034,903.77,1370.64,0.225941,50.20,0.864
2025-02-20 23:45:00,221.74,4.0274,893.02,1564.13,0.223254,50.04,0.934
2025-02-21 00:00:00,225.81,4.0931,924.29,1643.24,0.231072,50.18,0.851
2025-02-21 00:15:00,221.90,4.2093,934.02,1611.95,0.233504,49.95,0.825
2025-02-21 00:30:00,223.36,8.7415,1952.51,3511.75,0.488128,49.93,0.836
2025-02-21 00:45:00,227.08,4.9222,1117.75,1692.87,0.279437,49.88,0.849
2025-02-21 01:00:00,217.71,3.5149,765.25,1432.47,0.191313,49.80,0.864
2025-02-21 01:15:00,226.05,3.0801,696.27,1311.89,0.174068,50.09,0.933
2025-02-21 01:30:00,224.04,3.6167,810.29,1519.84,0.202572,50.11,0.927
2025-02-21 01:45:00,226.06,3.5300,797.99,1646.98,0.199496,50.16,0.872
2025-02-21 02:00:00,223.32,2.3825,532.07,878.00,0.133017,49.95,0.905
2025-02-21 02:15:00,224.50,2.2425,503.44,778.32,0.125861,50.10,0.837
2025-02-21 02:30:00,222.51,2.5775,573.52,877.18,0.143380,50.11,0.935
2025-02-21 02:45:00,226.79,2.2465,509.48,957.50,0.127371,49.94,0.823
2025-02-21 03:00:00,219.02,2.2928,502.17,957.94,0.125543,49.96,0.890
2025-02-21 03:15:00,224.94,1.9797,445.32,691.22,0.111330,49.95,0.872
2025-02-21 03:30:00,220.70,1.8924,417.66,815.56,0.104416,49.94,0.834
2025-02-21 03:45:00,218.09,2.3190,505.76,1092.09,0.126439,50.12,0.863
2025-02-21 04:00:00,218.60,2.0563,449.51,752.78,0.112377,49.84,0.931
2025-02-21 04:15:00,226.17,2.3376,528.70,974.16,0.132175,50.10,0.911
2025-02-21 04:30:00,222.76,1.9997,445.47,817.40,0.111367,49.88,0.958
2025-02-21 04:45:00,227.12,2.5953,589.44,1269.04,0.147360,50.10,0.937
2025-02-21 05:00:00,221.07,2.9485,651.83,1120.61,0.162958,49.95,0.978
2025-02-21 05:15:00,223.18,3.0659,684.24,1227.89,0.171061,49.97,0.923
2025-02-21 05:30:00,223.71,2.6504,592.94,1070.51,0.148235,49.99,0.900
2025-02-21 05:45:00,222.01,2.4860,551.91,1046.01,0.137977,50.16,0.866
2025-02-21 06:00:00,226.88,2.4234,549.84,831.98,0.137459,49.92,0.933
2025-02-21 06:15:00,218.53,4.4700,976.82,2192.84,0.244204,50.12,0.895
2025-02-21 06:30:00,220.65,2.1253,468.95,1000.80,0.117239,49.89,0.910
2025-02-21 06:45:00,225.22,2.6629,599.73,1072.22,0.149932,49.84,0.965
2025-02-21 07:00:00,222.52,3.3938,755.21,1714.26,0.188802,49.98,0.895
2025-02-21 07:15:00,224.85,1.8826,423.28,622.02,0.105821,50.19,0.888
2025-02-21 07:30:00,218.75,1.8908,413.60,728.01,0.103401,50.09,0.881
2025-02-21 07:45:00,226.46,2.2041,499.14,827.19,0.124786,50.00,0.895
2025-02-21 08:00:00,221.18,3.5176,778.03,1491.95,0.194506,49.98,0.840
2025-02-21 08:15:00,226.49,2.4058,544.88,1184.70,0.136221,50.18,0.937
2025-02-21 08:30:00,222.63,3.1605,703.61,1280.03,0.175903,50.13,0.925
2025-02-21 08:45:00,221.31,3.2999,730.29,2131.33,0.182573,50.09,0.940
2025-02-21 09:00:00,223.58,2.7790,621.34,1169.13,0.155334,49.90,0.920
2025-02-21 09:15:00,217.96,2.6126,569.45,1234.40,0.142362,50.05,0.830
2025-02-21 09:30:00,220.28,2.8840,635.27,1299.56,0.158818,50.11,0.908
2025-02-21 09:45:00,225.82,2.5500,575.84,808.95,0.143961,49.86,0.930
2025-02-21 10:00:00,220.50,3.6795,811.32,1538.14,0.202831,49.86,0.924
2025-02-21 10:15:00,221.57,3.8912,862.17,1635.24,0.215543,49.93,0.908
2025-02-21 10:30:00,222.16,4.4986,999.40,1597.36,0.249849,49.87,0.963
2025-02-21 10:45:00,224.53,4.3623,979.46,1957.38,0.244865,50.05,0.898
2025-02-21 11:00:00,217.52,4.8858,1062.73,1645.95,0.265682,50.15,0.896
2025-02-21 11:15:00,219.53,4.6950,1030.68,1683.91,0.257671,50.09,0.940
2025-02-21 11:30:00,219.26,4.9080,1076.12,2155.29,0.269031,49.89,0.894
2025-02-21 11:45:00,227.85,4.2614,970.98,1551.06,0.242744,49.97,0.835
2025-02-21 12:00:00,221.01,5.5449,1225.46,2386.86,0.306365,50.06,0.937
2025-02-21 12:15:00,217.59,6.0888,1324.84,2806.09,0.331210,49.80,0.909
2025-02-21 12:30:00,225.83,4.6197,1043.27,1568.29,0.260817,50.09,0.854
2025-02-21 12:45:00,219.44,5.4324,1192.07,2227.77,0.298017,49.98,0.848
2025-02-21 13:00:00,227.18,4.9963,1135.09,2200.67,0.283771,49.83,0.966
2025-02-21 13:15:00,218.67,5.8613,1281.67,2579.94,0.320419,49.85,0.974
2025-02-21 13:30:00,218.17,4.7221,1030.21,1642.45,0.257553,49.81,0.853
2025-02-21 13:45:00,225.87,5.8335,1317.62,2203.17,0.329406,49.94,0.836
2025-02-21 14:00:00,223.74,4.8872,1093.47,2397.89,0.273367,49.88,0.886
2025-02-21 14:15:00,218.08,4.9664,1083.10,1954.73,0.270774,50.13,0.844
2025-02-21 14:30:00,227.10,4.2409,963.10,1764.61,0.240775,49.96,0.913
2025-02-21 14:45:00,221.65,4.8234,1069.09,2012.59,0.267274,49.85,0.922
2025-02-21 15:00:00,221.00,3.8735,856.03,1319.96,0.214007,50.20,0.976
2025-02-21 15:15:00,221.81,6.7041,1487.04,3510.02,0.371760,50.18,0.959
2025-02-21 15:30:00,226.50,3.9145,886.63,1312.08,0.221658,49.84,0.953
2025-02-21 15:45:00,223.35,4.2413,947.28,1972.01,0.236821,50.11,0.853
2025-02-21 16:00:00,221.06,2.8147,622.22,897.71,0.155556,50.03,0.876
2025-02-21 16:15:00,226.47,2.1165,479.34,869.00,0.119834,50.04,0.919
2025-02-21 16:30:00,223.12,2.2871,510.30,970.59,0.127576,50.02,0.899
2025-02-21 16:45:00,227.74,2.0585,468.80,1002.81,0.117201,49.87,0.904
2025-02-21 17:00:00,220.36,1.6027,353.19,550.42,0.088296,50.01,0.867
2025-02-21 17:15:00,227.36,1.7582,399.73,813.75,0.099933,50.19,0.849
2025-02-21 17:30:00,217.75,1.9245,419.05,588.68,0.104763,50.10,0.908
2025-02-21 17:45:00,223.30,1.9880,443.93,668.63,0.110983,49.81,0.889
2025-02-21 18:00:00,219.89,2.7178,597.61,790.04,0.149403,50.07,0.935
2025-02-21 18:15:00,224.66,1.3384,300.69,615.78,0.075172,50.00,0.869
2025-02-21 18:30:00,224.99,1.3870,312.07,652.71,0.078017,50.03,0.975
2025-02-21 18:45:00,221.64,2.9363,650.79,1094.93,0.162696,50.09,0.879
2025-02-21 19:00:00,220.90,1.2946,285.97,556.47,0.071494,49.94,0.893
2025-02-21 19:15:00,217.84,1.5386,335.18,497.05,0.083794,50.18,0.865
2025-02-21 19:30:00,221.85,1.3055,289.64,533.81,0.072409,49.82,0.875
2025-02-21 19:45:00,224.41,1.2970,291.07,554.95,0.072768,49.83,0.936
2025-02-21 20:00:00,225.51,1.4698,331.44,668.84,0.082861,50.20,0.930
2025-02-21 20:15:00,226.02,1.5160,342.65,654.50,0.085662,50.03,0.826
2025-02-21 20:30:00,225.36,1.4205,320.11,550.68,0.080029,49.83,0.923
2025-02-21 20:45:00,224.27,1.3260,297.39,483.23,0.074348,49.97,0.861
2025-02-21 21:00:00,217.74,1.7790,387.36,775.23,0.096841,50.15,0.962
2025-02-21 21:15:00,226.82,1.6754,380.02,653.96,0.095004,50.06,0.918
2025-02-21 21:30:00,224.90,1.4122,317.60,458.97,0.079401,49.83,0.870
2025-02-21 21:45:00,225.26,1.7854,402.18,595.84,0.100545,50.12,0.825
2025-02-21 22:00:00,227.74,1.8532,422.04,721.36,0.105509,50.05,0.920
2025-02-21 22:15:00,222.05,1.7554,389.79,685.17,0.097448,49.91,0.925
2025-02-21 22:30:00,227.13,2.0915,475.04,790.25,0.118761,50.02,0.973
2025-02-21 22:45:00,222.36,1.8694,415.69,868.07,0.103922,50.20,0.946
2025-02-21 23:00:00,218.29,8.1743,1784.39,2619.96,0.446097,49.88,0.835
2025-02-21 23:15:00,226.20,4.1391,936.26,1816.58,0.234066,49.92,0.880
2025-02-21 23:30:00,226.78,4.9127,1114.10,2166.28,0.278525,50.01,0.958
2025-02-21 23:45:00,218.99,4.6614,1020.80,2049.30,0.255200,50.19,0.849
2025-02-22 00:00:00,219.50,5.8241,1278.41,2125.10,0.319604,49.96,0.908
2025-02-22 00:15:00,226.61,5.4887,1243.82,2562.60,0.310955,50.13,0.955
2025-02-22 00:30:00,227.95,5.4740,1247.80,1775.45,0.311949,50.01,0.901
2025-02-22 00:45:00,218.57,6.1117,1335.86,1956.73,0.333965,50.13,0.847
2025-02-22 01:00:00,225.57,4.1880,944.71,1832.87,0.236177,50.00,0.963
2025-02-22 01:15:00,217.84,3.7335,813.30,1680.22,0.203326,50.18,0.957
2025-02-22 01:30:00,222.45,3.7306,829.88,1243.90,0.207470,49.82,0.841
2025-02-22 01:45:00,226.83,4.0023,907.85,1484.37,0.226964,49.98,0.966
2025-02-22 02:00:00,220.43,2.4959,550.18,1160.47,0.137545,49.89,0.870
2025-02-22 02:15:00,226.15,2.2384,506.22,1089.94,0.126556,50.11,0.945
2025-02-22 02:30:00,220.30,2.3402,515.55,1116.30,0.128887,49.96,0.851
2025-02-22 02:45:00,218.31,2.9139,636.15,1091.94,0.159038,49.98,0.943
2025-02-22 03:00:00,222.96,2.0585,458.98,961.51,0.114745,49.98,0.928
2025-02-22 03:15:00,217.88,2.1675,472.26,686.19,0.118064,49.97,0.952
2025-02-22 03:30:00,221.92,2.4563,545.12,920.59,0.136279,49.99,0.940
2025-02-22 03:45:00,218.02,2.1909,477.67,685.73,0.119417,50.00,0.967
2025-02-22 04:00:00,218.39,2.8120,614.12,979.91,0.153529,49.94,0.891
2025-02-22 04:15:00,218.66,2.2944,501.69,1094.09,0.125423,50.06,0.890
2025-02-22 04:30:00,219.41,2.7928,612.77,1024.12,0.153192,49.94,0.857
2025-02-22 04:45:00,221.84,4.7636,1056.78,2340.11,0.264196,50.11,0.914
2025-02-22 05:00:00,220.57,6.3035,1390.35,2414.71,0.347588,49.85,0.949
2025-02-22 05:15:00,224.86,3.1465,707.52,1284.63,0.176881,50.00,0.971
2025-02-22 05:30:00,225.71,3.0294,683.75,1286.02,0.170938,50.11,0.947
2025-02-22 05:45:00,227.59,2.9738,676.82,978.92,0.169204,50.20,0.823
2025-02-22 06:00:00,220.65,3.2418,715.31,1261.76,0.178827,49.91,0.849
2025-02-22 06:15:00,227.81,3.4843,793.76,2058.58,0.198441,49.87,0.934
2025-02-22 06:30:00,225.77,2.5342,572.13,1087.97,0.143032,49.92,0.833
2025-02-22 06:45:00,218.86,3.2543,712.26,1444.83,0.178065,50.20,0.963
2025-02-22 07:00:00,226.95,2.3470,532.64,989.19,0.133160,49.90,0.824
2025-02-22 07:15:00,217.92,2.0557,447.99,938.92,0.111997,49.96,0.834
2025-02-22 07:30:00,218.63,2.5919,566.65,920.30,0.141664,50.04,0.924
2025-02-22 07:45:00,224.44,2.2706,509.62,1120.76,0.127404,50.07,0.834
2025-02-22 08:00:00,226.03,2.8892,653.04,1122.88,0.163261,49.93,0.961
2025-02-22 08:15:00,224.62,2.5337,569.13,1004.88,0.142283,49.87,0.970
2025-02-22 08:30:00,226.59,2.5930,587.54,859.33,0.146886,49.87,0.847
2025-02-22 08:45:00,224.04,2.2550,505.22,927.15,0.126305,49.97,0.928
2025-02-22 09:00:00,226.98,3.8276,868.78,1249.32,0.217196,49.97,0.853
2025-02-22 09:15:00,222.41,3.2218,716.58,1262.25,0.179145,49.84,0.905
2025-02-22 09:30:00,220.13,3.2821,722.51,1160.34,0.180627,50.02,0.886
2025-02-22 09:45:00,224.66,2.9825,670.05,1024.70,0.167514,49.89,0.942
2025-02-22 10:00:00,222.84,4.1573,926.42,1897.43,0.231606,49.90,0.963
2025-02-22 10:15:00,227.91,4.2219,962.20,1515.47,0.240551,49.96,0.958
2025-02-22 10:30:00,222.16,7.1964,1598.73,2909.02,0.399683,49.89,0.900
2025-02-22 10:45:00,227.95,5.1946,1184.09,1960.03,0.296022,49.97,0.962
2025-02-22 11:00:00,224.43,5.6012,1257.09,2631.47,0.314273,49.90,0.872
2025-02-22 11:15:00,224.18,5.2290,1172.26,2250.53,0.293066,50.16,0.870
2025-02-22 11:30:00,221.54,5.9907,1327.16,2046.78,0.331791,49.91,0.905
2025-02-22 11:45:00,218.12,9.1006,1985.02,3792.01,0.496254,49.99,0.975
2025-02-22 12:00:00,221.31,6.8385,1513.41,3266.38,0.378352,49.96,0.866
2025-02-22 12:15:00,225.72,9.5479,2155.11,5338.13,0.538778,49.88,0.974
2025-02-22 12:30:00,227.19,6.3804,1449.55,2362.25,0.362387,50.02,0.973
2025-02-22 12:45:00,225.33,5.6095,1264.01,1978.24,0.316003,50.16,0.923
2025-02-22 13:00:00,224.07,6.2666,1404.13,2073.25,0.351033,50.13,0.966
2025-02-22 13:15:00,227.80,6.4063,1459.35,3041.57,0.364836,49.82,0.962
2025-02-22 13:30:00,226.03,9.4973,2146.68,5340.16,0.536671,49.83,0.916
2025-02-22 13:45:00,223.85,7.1231,1594.47,2898.02,0.398618,49.85,0.964
2025-02-22 14:00:00,223.40,5.2046,1162.70,2105.56,0.290675,49.90,0.918
2025-02-22 14:15:00,217.84,5.1239,1116.19,1711.09,0.279047,50.12,0.976
2025-02-22 14:30:00,222.00,6.5132,1445.94,2696.33,0.361485,49.92,0.825
2025-02-22 14:45:00,217.57,6.0043,1306.35,2703.23,0.326589,49.82,0.907
2025-02-22 15:00:00,218.62,3.9673,867.32,1898.99,0.216830,49.98,0.830
2025-02-22 15:15:00,222.14,4.4923,997.92,1658.63,0.249481,50.07,0.857
2025-02-22 15:30:00,220.64,5.1283,1131.49,2425.70,0.282874,50.02,0.940
2025-02-22 15:45:00,222.67,4.4246,985.25,1804.62,0.246313,49.99,0.858
2025-02-22 16:00:00,222.24,2.9363,652.56,986.87,0.163141,49.84,0.866
2025-02-22 16:15:00,218.90,2.5484,557.84,1031.58,0.139461,50.12,0.901
2025-02-22 16:30:00,222.64,2.5203,561.11,1153.99,0.140277,50.07,0.853
2025-02-22 16:45:00,218.99,2.5290,553.82,869.47,0.138454,49.86,0.829
2025-02-22 17:00:00,224.52,1.8246,409.66,840.55,0.102415,49.97,0.946
2025-02-22 17:15:00,225.08,1.8009,405.34,859.04,0.101335,49.91,0.829
2025-02-22 17:30:00,226.96,1.7067,387.35,850.32,0.096838,49.87,0.920
2025-02-22 17:45:00,220.10,1.8488,406.92,863.22,0.101730,50.04,0.916
2025-02-22 18:00:00,219.22,1.8265,400.40,590.75,0.100099,49.87,0.841
2025-02-22 18:15:00,226.53,1.3480,305.37,536.11,0.076342,49.85,0.842
2025-02-22 18:30:00,226.39,1.4967,338.84,606.28,0.084711,50.01,0.877
2025-02-22 18:45:00,227.06,1.5792,358.59,548.85,0.089647,50.13,0.829
2025-02-22 19:00:00,223.04,1.7597,392.48,1052.99,0.098120,49.96,0.952
2025-02-22 19:15:00,227.46,1.4914,339.23,605.02,0.084808,49.99,0.836
2025-02-22 19:30:00,218.37,1.2856,280.74,603.52,0.070185,50.14,0.887
2025-02-22 19:45:00,222.48,1.3789,306.77,538.64,0.076694,50.16,0.932
2025-02-22 20:00:00,219.21,1.5028,329.43,589.26,0.082356,49.92,0.974
2025-02-22 20:15:00,226.50,1.4447,327.22,682.71,0.081804,50.13,0.928
2025-02-22 20:30:00,225.99,1.6497,372.81,607.09,0.093203,49.85,0.921
2025-02-22 20:45:00,222.24,1.4196,315.49,590.39,0.078872,50.15,0.862
2025-02-22 21:00:00,221.09,1.5318,338.65,663.24,0.084664,49.81,0.840
2025-02-22 21:15:00,227.39,1.6011,364.08,651.88,0.091021,49.80,0.852
2025-02-22 21:30:00,220.43,2.3287,513.30,733.14,0.128325,49.85,0.907
2025-02-22 21:45:00,223.87,1.4483,324.24,467.02,0.081059,50.06,0.898
2025-02-22 22:00:00,221.28,2.2752,503.46,890.77,0.125865,50.14,0.942
2025-02-22 22:15:00,224.70,1.9267,432.91,901.51,0.108228,50.08,0.837
2025-02-22 22:30:00,224.36,1.7344,389.12,712.95,0.097279,50.00,0.948
2025-02-22 22:45:00,227.30,1.9391,440.76,644.39,0.110189,50.12,0.885
2025-02-22 23:00:00,219.03,4.0604,889.37,1809.24,0.222341,50.06,0.897
2025-02-22 23:15:00,227.04,4.9988,1134.94,2477.18,0.283735,50.02,0.898
2025-02-22 23:30:00,222.44,5.1911,1154.72,2092.90,0.288679,49.87,0.950
2025-02-22 23:45:00,225.35,4.9822,1122.74,2161.33,0.280685,50.04,0.971
2025-02-23 00:00:00,222.11,5.4730,1215.63,1768.23,0.303908,49.92,0.842
2025-02-23 00:15:00,223.28,8.6498,1931.29,3889.90,0.482822,50.01,0.837
2025-02-23 00:30:00,222.24,5.7086,1268.67,2576.10,0.317167,49.94,0.839
2025-02-23 00:45:00,226.31,5.0103,1133.90,1618.57,0.283475,49.80,0.962
2025-02-23 01:00:00,218.36,4.4728,976.69,2139.98,0.244173,50.01,0.874
2025-02-23 01:15:00,226.53,4.0900,926.49,1623.24,0.231624,50.04,0.874
2025-02-23 01:30:00,220.50,3.8601,851.15,1352.71,0.212787,50.11,0.851
2025-02-23 01:45:00,225.83,4.2972,970.42,1556.00,0.242606,50.09,0.970
2025-02-23 02:00:00,221.83,2.4908,552.53,1204.54,0.138132,50.02,0.972
2025-02-23 02:15:00,220.22,2.2471,494.85,1050.86,0.123713,49.97,0.915
2025-02-23 02:30:00,223.24,4.6306,1033.74,1895.32,0.258435,49.91,0.845
2025-02-23 02:45:00,217.64,2.8695,624.51,1084.75,0.156129,49.89,0.974
2025-02-23 03:00:00,218.28,2.5240,550.95,1104.03,0.137737,50.06,0.907
2025-02-23 03:15:00,220.87,2.5456,562.23,899.60,0.140558,49.99,0.900
2025-02-23 03:30:00,223.58,2.4565,549.23,1068.95,0.137306,50.02,0.885
2025-02-23 03:45:00,219.21,3.5987,788.87,1265.44,0.197217,49.95,0.950
2025-02-23 04:00:00,218.53,2.8435,621.39,1009.13,0.155349,49.97,0.931
2025-02-23 04:15:00,227.13,2.4358,553.23,1007.83,0.138309,49.97,0.943
2025-02-23 04:30:00,217.58,2.4140,525.24,978.89,0.131310,50.01,0.962
2025-02-23 04:45:00,217.62,2.8242,614.60,1289.29,0.153649,50.13,0.937
2025-02-23 05:00:00,222.10,2.7056,600.92,1065.58,0.150229,49.97,0.952
2025-02-23 05:15:00,220.78,3.4412,759.75,1113.50,0.189938,49.94,0.877
2025-02-23 05:30:00,223.44,3.4631,773.81,1192.10,0.193452,50.14,0.949
2025-02-23 05:45:00,218.08,3.5419,772.42,1364.44,0.193105,49.96,0.868
2025-02-23 06:00:00,227.47,2.6996,614.08,963.50,0.153520,50.02,0.912
2025-02-23 06:15:00,223.95,3.1645,708.67,1471.49,0.177168,49.97,0.840
2025-02-23 06:30:00,221.07,2.5827,570.94,842.21,0.142735,49.80,0.935
2025-02-23 06:45:00,219.13,3.1977,700.70,1218.46,0.175176,49.88,0.971
2025-02-23 07:00:00,225.50,2.5850,582.92,1021.62,0.145729,49.84,0.855
2025-02-23 07:15:00,220.40,1.9785,436.07,820.79,0.109018,50.09,0.855
2025-02-23 07:30:00,218.73,2.0650,451.68,718.22,0.112919,49.87,0.908
2025-02-23 07:45:00,227.98,2.0455,466.32,657.37,0.116580,50.12,0.904
2025-02-23 08:00:00,225.63,2.2882,516.27,893.58,0.129067,49.93,0.872
2025-02-23 08:15:00,224.93,2.1958,493.90,1012.43,0.123475,50.16,0.848
2025-02-23 08:30:00,226.94,2.8595,648.93,947.75,0.162233,50.14,0.915
2025-02-23 08:45:00,227.21,2.6510,602.34,1237.68,0.150586,50.18,0.977
2025-02-23 09:00:00,222.71,3.6506,813.02,1147.99,0.203255,49.96,0.821
2025-02-23 09:15:00,227.97,3.5663,813.00,1246.26,0.203249,50.08,0.933
2025-02-23 09:30:00,221.70,3.1337,694.76,1163.19,0.173689,49.87,0.933
2025-02-23 09:45:00,218.22,3.3003,720.22,1300.08,0.180054,49.97,0.940
2025-02-23 10:00:00,224.90,4.6242,1039.99,1759.35,0.259997,50.19,0.902
2025-02-23 10:15:00,227.62,4.3660,993.77,2156.96,0.248442,50.03,0.870
2025-02-23 10:30:00,221.25,4.9496,1095.09,1580.82,0.273773,49.87,0.945
2025-02-23 10:45:00,217.65,9.5457,2077.68,3977.56,0.519419,49.86,0.938
2025-02-23 11:00:00,218.61,6.4486,1409.70,2998.72,0.352424,50.10,0.867
2025-02-23 11:15:00,224.52,5.8781,1319.78,2388.20,0.329945,50.18,0.953
2025-02-23 11:30:00,223.23,6.3163,1409.97,2710.01,0.352494,49.94,0.902
2025-02-23 11:45:00,225.67,5.1769,1168.30,2116.68,0.292076,49.81,0.946
2025-02-23 12:00:00,220.33,7.2959,1607.49,3060.90,0.401871,50.16,0.827
2025-02-23 12:15:00,226.46,6.6438,1504.57,2470.05,0.376142,49.97,0.907
2025-02-23 12:30:00,224.32,7.2996,1637.43,2620.20,0.409358,50.09,0.873
2025-02-23 12:45:00,225.12,6.7104,1510.67,2917.05,0.377668,49.95,0.839
2025-02-23 13:00:00,219.85,6.1028,1341.67,2407.72,0.335419,50.08,0.930
2025-02-23 13:15:00,221.31,5.8852,1302.47,2586.49,0.325616,50.02,0.859
2025-02-23 13:30:00,218.66,6.4755,1415.95,3051.20,0.353987,49.84,0.843
2025-02-23 13:45:00,227.09,6.2090,1409.98,2186.26,0.352495,50.15,0.836
2025-02-23 14:00:00,225.32,5.9080,1331.18,2003.32,0.332795,49.82,0.970
2025-02-23 14:15:00,227.63,6.2828,1430.19,2269.60,0.357547,49.96,0.895
2025-02-23 14:30:00,217.86,5.5135,1201.15,2561.77,0.300288,50.18,0.843
2025-02-23 14:45:00,220.26,5.3136,1170.39,1823.27,0.292596,50.17,0.831
2025-02-23 15:00:00,220.74,4.7638,1051.55,2231.02,0.262888,50.08,0.845
2025-02-23 15:15:00,221.16,5.1127,1130.74,2377.12,0.282684,50.16,0.942
2025-02-23 15:30:00,224.42,5.1372,1152.92,1718.85,0.288229,50.06,0.976
2025-02-23 15:45:00,226.73,4.5913,1041.00,2278.89,0.260249,50.11,0.951
2025-02-23 16:00:00,223.16,2.4955,556.89,965.92,0.139222,49.83,0.919
2025-02-23 16:15:00,223.73,3.0415,680.47,1114.28,0.170118,49.84,0.919
2025-02-23 16:30:00,225.04,3.1747,714.44,1246.75,0.178610,49.89,0.834
2025-02-23 16:45:00,221.26,3.6886,816.13,1504.47,0.204033,49.87,0.962
2025-02-23 17:00:00,223.46,1.7135,382.89,834.26,0.095723,49.84,0.966
2025-02-23 17:15:00,224.21,1.7191,385.45,676.68,0.096361,50.19,0.934
2025-02-23 17:30:00,220.52,2.3542,519.16,1057.54,0.129789,49.88,0.943
2025-02-23 17:45:00,220.32,1.7488,385.31,553.92,0.096328,50.14,0.842
2025-02-23 18:00:00,221.80,2.1676,480.77,812.86,0.120192,49.84,0.832
2025-02-23 18:15:00,220.86,2.1437,473.46,896.60,0.118364,50.18,0.951
2025-02-23 18:30:00,217.61,1.5525,337.84,557.50,0.084460,50.07,0.858
2025-02-23 18:45:00,225.65,1.6127,363.92,782.99,0.090980,50.17,0.980
2025-02-23 19:00:00,224.21,1.3391,300.24,578.85,0.075059,50.07,0.969
2025-02-23 19:15:00,223.45,1.3111,292.98,514.74,0.073244,50.09,0.882
2025-02-23 19:30:00,226.62,1.2403,281.07,612.38,0.070267,50.08,0.975
2025-02-23 19:45:00,220.44,1.3942,307.33,518.26,0.076833,50.16,0.938
2025-02-23 20:00:00,224.32,1.4642,328.45,656.31,0.082113,49.84,0.922
2025-02-23 20:15:00,226.36,1.2839,290.63,500.80,0.072657,50.11,0.878
2025-02-23 20:30:00,225.70,1.4416,325.36,675.37,0.081340,50.07,0.934
2025-02-23 20:45:00,223.41,1.2547,280.32,497.88,0.070081,50.18,0.963
2025-02-23 21:00:00,222.53,1.6198,360.46,543.78,0.090115,50.19,0.907
2025-02-23 21:15:00,220.65,1.5347,338.63,533.09,0.084657,50.00,0.971
2025-02-23 21:30:00,225.97,1.3968,315.63,473.46,0.078907,49.93,0.858
2025-02-23 21:45:00,218.06,1.6824,366.86,739.76,0.091715,49.99,0.864
2025-02-23 22:00:00,220.88,1.9743,436.09,798.60,0.109023,49.90,0.920
2025-02-23 22:15:00,221.76,1.5848,351.44,654.30,0.087860,50.00,0.879
2025-02-23 22:30:00,223.50,1.9160,428.23,639.23,0.107057,49.84,0.979
2025-02-23 22:45:00,223.51,1.9627,438.68,898.83,0.109670,50.00,0.891
2025-02-23 23:00:00,220.28,3.7460,825.18,1207.65,0.206296,49.93,0.957
2025-02-23 23:15:00,218.03,4.2650,929.91,1982.94,0.232477,50.11,0.885
2025-02-23 23:30:00,220.18,4.2829,943.00,1344.38,0.235751,50.08,0.849
2025-02-23 23:45:00,218.38,3.8629,843.58,1283.88,0.210894,49.91,0.841
2025-02-24 00:00:00,224.65,3.9187,880.33,1409.66,0.220084,50.18,0.965
2025-02-24 00:15:00,222.16,4.3775,972.52,1569.65,0.243130,49.96,0.853
2025-02-24 00:30:00,226.73,4.5915,1041.04,1977.75,0.260259,49.85,0.914
2025-02-24 00:45:00,220.15,4.0656,895.06,1702.14,0.223764,50.10,0.976
2025-02-24 01:00:00,227.22,3.2217,732.05,1436.79,0.183012,49.98,0.918
2025-02-24 01:15:00,226.24,3.2837,742.90,1301.15,0.185725,50.19,0.891
2025-02-24 01:30:00,227.15,3.2063,728.32,1379.26,0.182081,49.98,0.857
2025-02-24 01:45:00,226.12,3.0844,697.44,1487.80,0.174360,49.91,0.909
2025-02-24 02:00:00,221.25,2.3287,515.23,1062.11,0.128807,50.11,0.871
2025-02-24 02:15:00,217.81,2.3744,517.18,927.08,0.129294,49.96,0.936
2025-02-24 02:30:00,219.87,2.5672,564.44,1220.37,0.141109,50.12,0.951
2025-02-24 02:45:00,225.79,2.2506,508.16,889.89,0.127040,49.83,0.940
2025-02-24 03:00:00,224.37,1.8756,420.84,643.94,0.105209,50.17,0.976
2025-02-24 03:15:00,225.45,1.7948,404.62,738.09,0.101155,49.94,0.886
2025-02-24 03:30:00,220.13,1.9471,428.62,893.21,0.107154,49.96,0.828
2025-02-24 03:45:00,221.92,2.1046,467.06,859.82,0.116765,49.89,0.889
2025-02-24 04:00:00,222.37,2.0323,451.92,855.88,0.112979,49.81,0.832
2025-02-24 04:15:00,225.89,2.0332,459.27,945.10,0.114818,49.93,0.923
2025-02-24 04:30:00,223.80,1.9639,439.52,861.98,0.109881,50.07,0.933
2025-02-24 04:45:00,217.99,2.1091,459.75,666.33,0.114938,49.85,0.886
2025-02-24 05:00:00,221.10,3.0075,664.96,1192.69,0.166240,50.18,0.887
2025-02-24 05:15:00,227.70,2.6126,594.87,931.55,0.148718,49.85,0.942
2025-02-24 05:30:00,226.79,2.2857,518.38,1019.73,0.129594,49.93,0.904
2025-02-24 05:45:00,224.73,3.0555,686.67,992.79,0.171668,50.07,0.941
2025-02-24 06:00:00,217.83,2.4439,532.35,883.51,0.133088,49.99,0.927
2025-02-24 06:15:00,226.90,2.1971,498.52,1030.80,0.124630,49.83,0.821
2025-02-24 06:30:00,226.90,2.3144,525.13,916.33,0.131282,50.04,0.971
2025-02-24 06:45:00,222.75,2.4494,545.61,781.98,0.136403,50.19,0.884
2025-02-24 07:00:00,217.73,1.8987,413.40,758.55,0.103351,49.81,0.933
2025-02-24 07:15:00,223.76,1.8026,403.35,631.21,0.100838,50.06,0.900
2025-02-24 07:30:00,218.34,2.1528,470.04,684.31,0.117509,50.01,0.922
2025-02-24 07:45:00,217.60,1.8647,405.75,693.34,0.101437,49.95,0.827
2025-02-24 08:00:00,222.22,2.0263,450.30,967.51,0.112575,49.81,0.954
2025-02-24 08:15:00,226.98,1.8996,431.16,788.13,0.107790,50.11,0.919
2025-02-24 08:30:00,221.11,2.1342,471.90,886.13,0.117974,49.93,0.953
2025-02-24 08:45:00,219.40,2.5205,552.99,815.73,0.138249,49.97,0.886
2025-02-24 09:00:00,225.80,4.0203,907.78,2429.54,0.226945,49.95,0.886
2025-02-24 09:15:00,223.76,3.1233,698.88,1350.38,0.174720,50.10,0.931
2025-02-24 09:30:00,222.41,2.8628,636.72,969.39,0.159181,50.04,0.960
2025-02-24 09:45:00,225.65,2.8967,653.63,1066.45,0.163407,50.00,0.926
2025-02-24 10:00:00,222.82,3.7358,832.42,1764.87,0.208104,49.85,0.948
2025-02-24 10:15:00,222.62,5.7328,1276.26,3108.64,0.319065,49.96,0.973
2025-02-24 10:30:00,223.18,3.6881,823.10,1274.39,0.205774,50.18,0.917
2025-02-24 10:45:00,227.31,3.5660,810.57,1670.10,0.202643,50.11,0.946
2025-02-24 11:00:00,220.78,5.3138,1173.19,2378.60,0.293297,50.14,0.829
2025-02-24 11:15:00,218.89,4.5570,997.50,1759.33,0.249374,50.10,0.967
2025-02-24 11:30:00,224.77,4.2853,963.20,1411.61,0.240799,49.90,0.963
2025-02-24 11:45:00,225.86,8.4039,1898.12,4196.27,0.474530,50.10,0.933
2025-02-24 12:00:00,226.17,5.7780,1306.82,2692.32,0.326704,49.81,0.865
2025-02-24 12:15:00,227.62,4.6009,1047.24,1602.31,0.261810,50.19,0.870
2025-02-24 12:30:00,225.07,5.9045,1328.96,2654.84,0.332240,50.15,0.842
2025-02-24 12:45:00,223.33,5.6895,1270.65,2288.62,0.317663,49.92,0.960
2025-02-24 13:00:00,222.16,4.9212,1093.27,1886.23,0.273319,50.08,0.873
2025-02-24 13:15:00,218.85,4.7283,1034.79,2017.49,0.258697,49.99,0.899
2025-02-24 13:30:00,223.62,5.7033,1275.37,2050.78,0.318842,50.07,0.971
2025-02-24 13:45:00,219.82,4.5891,1008.76,1450.31,0.252191,50.04,0.902
2025-02-24 14:00:00,223.38,4.7492,1060.89,1943.40,0.265223,50.10,0.933
2025-02-24 14:15:00,220.05,4.6136,1015.20,1736.14,0.253800,49.90,0.968
2025-02-24 14:30:00,221.85,8.6905,1928.03,3613.91,0.482007,50.04,0.840
2025-02-24 14:45:00,220.46,4.9014,1080.58,2000.57,0.270145,49.84,0.927
2025-02-24 15:00:00,225.60,3.2860,741.30,1162.74,0.185325,49.87,0.872
2025-02-24 15:15:00,223.83,3.6042,806.74,1711.11,0.201686,49.83,0.933
2025-02-24 15:30:00,218.66,3.7147,812.24,1429.08,0.203060,50.12,0.929
2025-02-24 15:45:00,217.59,3.9166,852.22,1439.81,0.213054,49.88,0.831
2025-02-24 16:00:00,227.93,2.5425,579.51,1144.16,0.144877,50.13,0.912
2025-02-24 16:15:00,218.36,2.5706,561.31,1129.74,0.140327,50.04,0.940
2025-02-24 16:30:00,224.93,2.6991,607.11,1122.74,0.151777,49.85,0.948
2025-02-24 16:45:00,219.25,2.6996,591.89,872.50,0.147973,50.17,0.977
2025-02-24 17:00:00,218.12,1.4671,320.00,553.47,0.080001,49.94,0.923
2025-02-24 17:15:00,218.71,1.4403,315.00,483.48,0.078750,50.07,0.868
2025-02-24 17:30:00,218.05,1.6147,352.07,734.24,0.088019,49.92,0.863
2025-02-24 17:45:00,219.50,1.7132,376.04,813.22,0.094009,49.90,0.844
2025-02-24 18:00:00,221.04,1.3844,306.00,467.04,0.076501,49.95,0.936
2025-02-24 18:15:00,218.86,1.3466,294.72,420.49,0.073679,49.91,0.889
2025-02-24 18:30:00,222.86,1.6466,366.97,733.44,0.091743,49.85,0.977
2025-02-24 18:45:00,223.76,1.3882,310.63,480.71,0.077658,50.10,0.909
2025-02-24 19:00:00,224.25,1.3247,297.07,581.77,0.074268,50.18,0.943
2025-02-24 19:15:00,222.74,1.1853,264.03,392.55,0.066007,50.11,0.960
2025-02-24 19:30:00,224.25,1.1899,266.83,454.08,0.066709,49.85,0.850
2025-02-24 19:45:00,227.18,1.4961,339.88,668.63,0.084971,50.11,0.913
2025-02-24 20:00:00,220.75,1.1610,256.29,524.12,0.064073,50.04,0.875
2025-02-24 20:15:00,224.22,1.3938,312.53,565.23,0.078132,50.19,0.904
2025-02-24 20:30:00,219.45,1.4742,323.51,562.44,0.080877,49.93,0.897
2025-02-24 20:45:00,222.42,1.2644,281.24,412.59,0.070310,50.19,0.883
2025-02-24 21:00:00,223.59,1.2189,272.53,437.18,0.068133,50.00,0.873
2025-02-24 21:15:00,227.09,1.2851,291.83,544.79,0.072958,50.19,0.865
2025-02-24 21:30:00,221.13,1.3913,307.66,609.78,0.076916,49.83,0.929
2025-02-24 21:45:00,226.62,1.2035,272.74,548.21,0.068185,50.15,0.928
2025-02-24 22:00:00,220.73,1.8250,402.83,755.57,0.100707,49.92,0.886
2025-02-24 22:15:00,221.11,1.5931,352.25,511.90,0.088062,49.98,0.849
2025-02-24 22:30:00,221.78,2.0398,452.38,896.78,0.113096,50.19,0.892
2025-02-24 22:45:00,222.25,1.9598,435.56,844.12,0.108889,49.97,0.932
2025-02-24 23:00:00,227.67,3.5169,800.71,1597.54,0.200177,50.06,0.883
2025-02-24 23:15:00,219.04,4.0072,877.73,1634.87,0.219433,50.03,0.953
2025-02-24 23:30:00,224.36,4.1031,920.55,1810.02,0.230138,50.10,0.945
2025-02-24 23:45:00,224.40,5.8802,1319.52,2391.64,0.329879,49.96,0.883
2025-02-25 00:00:00,220.67,5.0909,1123.42,2464.43,0.280855,50.04,0.886
2025-02-25 00:15:00,219.73,4.4052,967.98,1410.31,0.241995,49.99,0.957
2025-02-25 00:30:00,220.44,3.8745,854.10,1602.51,0.213526,49.84,0.965
2025-02-25 00:45:00,221.10,4.0740,900.78,1926.16,0.225194,50.14,0.858
2025-02-25 01:00:00,221.31,3.6611,810.22,1388.66,0.202556,50.07,0.922
2025-02-25 01:15:00,224.99,3.6708,825.87,1522.72,0.206468,50.17,0.842
2025-02-25 01:30:00,220.01,3.5720,785.87,1428.44,0.196469,49.87,0.822
2025-02-25 01:45:00,218.90,3.3462,732.49,1439.91,0.183121,49.99,0.974
2025-02-25 02:00:00,224.96,2.3596,530.81,1051.19,0.132702,50.16,0.905
2025-02-25 02:15:00,223.23,2.0837,465.15,907.50,0.116287,49.91,0.978
2025-02-25 02:30:00,223.37,2.2629,505.48,850.79,0.126370,49.96,0.861
2025-02-25 02:45:00,220.43,2.1814,480.84,1020.53,0.120211,50.11,0.844
2025-02-25 03:00:00,227.66,1.8573,422.82,710.49,0.105705,49.86,0.868
2025-02-25 03:15:00,222.09,2.1148,469.68,1032.86,0.117419,49.85,0.948
2025-02-25 03:30:00,222.33,1.9202,426.91,875.66,0.106728,49.99,0.902
2025-02-25 03:45:00,226.66,2.6876,609.17,1214.65,0.152292,50.16,0.821
2025-02-25 04:00:00,218.88,2.5235,552.36,1043.91,0.138089,50.18,0.826
2025-02-25 04:15:00,219.99,2.3550,518.08,992.95,0.129520,50.14,0.966
2025-02-25 04:30:00,219.03,2.5851,566.23,795.76,0.141558,50.14,0.980
2025-02-25 04:45:00,219.54,2.1862,479.96,1052.94,0.119991,50.13,0.932
2025-02-25 05:00:00,223.23,3.0400,678.61,1040.07,0.169653,50.19,0.945
2025-02-25 05:15:00,225.17,4.4200,995.25,2074.23,0.248813,50.13,0.893
2025-02-25 05:30:00,224.78,2.5555,574.42,1163.41,0.143605,49.86,0.896
2025-02-25 05:45:00,227.04,2.6460,600.76,1053.76,0.150189,50.13,0.850
2025-02-25 06:00:00,226.58,2.4037,544.64,792.77,0.136159,50.11,0.974
2025-02-25 06:15:00,223.28,2.4440,545.70,1014.13,0.136425,49.83,0.885
2025-02-25 06:30:00,220.97,2.7717,612.48,1042.22,0.153120,49.86,0.969
2025-02-25 06:45:00,218.47,2.8207,616.21,1009.06,0.154054,50.04,0.835
2025-02-25 07:00:00,223.68,2.2022,492.58,775.94,0.123145,49.93,0.937
2025-02-25 07:15:00,220.15,2.1215,467.04,780.30,0.116761,49.81,0.944
2025-02-25 07:30:00,221.64,1.8628,412.86,779.74,0.103214,50.03,0.877
2025-02-25 07:45:00,225.55,2.6594,599.82,1369.23,0.149954,49.86,0.947
2025-02-25 08:00:00,221.31,2.1985,486.56,982.60,0.121640,49.89,0.944
2025-02-25 08:15:00,223.32,1.9858,443.46,641.54,0.110864,49.85,0.913
2025-02-25 08:30:00,227.48,2.0001,454.99,814.28,0.113748,49.80,0.908
2025-02-25 08:45:00,217.53,2.1330,463.98,801.21,0.115994,49.94,0.897
2025-02-25 09:00:00,226.96,2.4853,564.07,978.03,0.141017,49.95,0.820
2025-02-25 09:15:00,222.04,2.4929,553.52,1029.63,0.138381,49.85,0.954
2025-02-25 09:30:00,224.00,3.0840,690.82,1322.27,0.172706,49.90,0.864
2025-02-25 09:45:00,225.43,2.7073,610.28,1037.92,0.152571,50.14,0.944
2025-02-25 10:00:00,223.51,3.6077,806.35,1225.93,0.201586,49.88,0.876
2025-02-25 10:15:00,219.36,3.6760,806.36,1226.73,0.201591,50.15,0.926
2025-02-25 10:30:00,225.31,4.1894,943.90,1657.60,0.235975,50.07,0.843
2025-02-25 10:45:00,219.54,4.5944,1008.65,1574.39,0.252163,49.97,0.857
2025-02-25 11:00:00,227.76,4.0055,912.30,1660.43,0.228076,49.97,0.874
2025-02-25 11:15:00,226.55,3.9433,893.37,1642.64,0.223342,50.17,0.943
2025-02-25 11:30:00,220.66,5.4527,1203.22,2615.52,0.300804,49.84,0.885
2025-02-25 11:45:00,223.63,5.0764,1135.23,2409.21,0.283808,49.96,0.975
2025-02-25 12:00:00,223.87,4.5860,1026.69,1521.68,0.256672,49.80,0.900
2025-02-25 12:15:00,226.86,5.3711,1218.48,2603.13,0.304620,49.86,0.854
2025-02-25 12:30:00,220.47,6.1074,1346.50,2441.73,0.336624,50.10,0.868
2025-02-25 12:45:00,227.59,4.6942,1068.36,1604.53,0.267091,50.09,0.910
2025-02-25 13:00:00,224.50,4.7469,1065.71,1798.22,0.266428,50.20,0.977
2025-02-25 13:15:00,226.36,5.0158,1135.35,1691.38,0.283839,50.03,0.924
2025-02-25 13:30:00,221.97,4.9904,1107.72,1726.22,0.276929,50.12,0.948
2025-02-25 13:45:00,224.23,5.7428,1287.72,2678.50,0.321931,49.97,0.853
2025-02-25 14:00:00,217.70,6.2327,1356.85,2675.42,0.339213,50.08,0.862
2025-02-25 14:15:00,220.48,9.4216,2077.32,3126.95,0.519331,50.00,0.861
2025-02-25 14:30:00,221.58,5.3399,1183.23,1864.85,0.295809,50.10,0.904
2025-02-25 14:45:00,222.72,4.7919,1067.26,1649.66,0.266815,49.89,0.920
2025-02-25 15:00:00,225.22,3.4703,781.58,1184.77,0.195395,50.16,0.891
2025-02-25 15:15:00,221.74,3.4925,774.42,1128.09,0.193606,49.85,0.892
2025-02-25 15:30:00,225.17,4.2107,948.12,1797.99,0.237029,50.10,0.854
2025-02-25 15:45:00,221.87,4.2230,936.98,1818.77,0.234245,50.09,0.872
2025-02-25 16:00:00,220.97,2.2339,493.63,798.73,0.123409,49.93,0.831
2025-02-25 16:15:00,223.15,2.1491,479.57,754.02,0.119893,49.96,0.901
2025-02-25 16:30:00,219.27,2.3968,525.54,742.69,0.131386,50.19,0.973
2025-02-25 16:45:00,223.64,2.7342,611.48,1279.56,0.152870,50.16,0.963
2025-02-25 17:00:00,226.44,1.6690,377.92,698.92,0.094480,50.05,0.971
2025-02-25 17:15:00,226.23,1.4807,334.98,579.40,0.083744,50.15,0.934
2025-02-25 17:30:00,220.19,1.6396,361.02,624.83,0.090256,50.06,0.886
2025-02-25 17:45:00,218.06,1.7466,380.86,639.66,0.095216,49.86,0.891
2025-02-25 18:00:00,227.47,1.3953,317.40,471.00,0.079349,50.02,0.915
2025-02-25 18:15:00,219.75,1.2954,284.65,467.63,0.071164,50.09,0.894
2025-02-25 18:30:00,218.22,1.4162,309.04,592.59,0.077261,50.00,0.845
2025-02-25 18:45:00,220.36,1.4959,329.63,693.25,0.082407,49.81,0.874
2025-02-25 19:00:00,220.63,1.3491,297.66,518.10,0.074416,49.93,0.949
2025-02-25 19:15:00,226.32,1.1983,271.20,443.15,0.067801,50.01,0.956
2025-02-25 19:30:00,225.68,1.4461,326.37,466.64,0.081591,49.90,0.840
2025-02-25 19:45:00,224.74,1.5300,343.85,592.18,0.085961,49.81,0.845
2025-02-25 20:00:00,218.29,1.5465,337.59,685.75,0.084397,50.17,0.853
2025-02-25 20:15:00,220.98,1.5081,333.27,731.57,0.083317,49.95,0.915
2025-02-25 20:30:00,223.26,1.2392,276.66,576.87,0.069165,49.87,0.939
2025-02-25 20:45:00,219.08,1.4771,323.62,562.87,0.080904,50.12,0.834
2025-02-25 21:00:00,225.43,1.2687,286.01,474.77,0.071503,50.00,0.911
2025-02-25 21:15:00,226.34,1.4554,329.43,724.15,0.082357,50.12,0.861
2025-02-25 21:30:00,225.11,1.4134,318.17,599.93,0.079542,50.07,0.972
2025-02-25 21:45:00,218.73,1.6038,350.80,679.25,0.087701,50.18,0.901
2025-02-25 22:00:00,227.87,2.8452,648.31,1797.54,0.162079,50.12,0.971
2025-02-25 22:15:00,218.70,3.3563,734.02,1698.76,0.183506,49.98,0.877
2025-02-25 22:30:00,218.30,1.6078,350.99,494.21,0.087746,50.14,0.931
2025-02-25 22:45:00,219.40,1.7868,392.03,854.38,0.098007,50.03,0.849
2025-02-25 23:00:00,227.16,4.1004,931.44,1919.28,0.232861,49.83,0.858
2025-02-25 23:15:00,222.01,4.2448,942.40,1694.89,0.235601,50.02,0.825
2025-02-25 23:30:00,218.30,3.6055,787.09,1181.48,0.196773,50.04,0.896
2025-02-25 23:45:00,223.44,3.8079,850.81,1507.88,0.212704,50.15,0.963
2025-02-26 00:00:00,219.01,4.1221,902.77,1634.85,0.225693,49.92,0.821
2025-02-26 00:15:00,223.27,4.1945,936.52,2032.43,0.234131,50.13,0.978
2025-02-26 00:30:00,219.79,4.4463,977.25,2055.98,0.244311,50.01,0.850
2025-02-26 00:45:00,219.44,4.1687,914.78,1987.90,0.228696,49.84,0.858
2025-02-26 01:00:00,227.95,3.7932,864.66,1300.27,0.216164,49.90,0.877
2025-02-26 01:15:00,227.40,3.3916,771.26,1558.03,0.192814,49.90,0.914
2025-02-26 01:30:00,218.28,3.2373,706.64,1259.74,0.176659,50.06,0.849
2025-02-26 01:45:00,217.96,6.1874,1348.60,2330.12,0.337149,49.96,0.949
2025-02-26 02:00:00,222.24,2.4386,541.94,903.57,0.135485,50.19,0.853
2025-02-26 02:15:00,218.32,2.1821,476.41,1006.97,0.119101,49.80,0.951
2025-02-26 02:30:00,224.69,2.3549,529.12,944.64,0.132279,50.11,0.917
2025-02-26 02:45:00,225.55,1.8882,425.88,847.40,0.106470,49.92,0.972
2025-02-26 03:00:00,221.62,1.9367,429.21,649.12,0.107303,50.11,0.875
2025-02-26 03:15:00,224.50,1.9948,447.82,859.95,0.111955,50.18,0.876
2025-02-26 03:30:00,226.93,2.0809,472.21,692.19,0.118052,49.86,0.868
2025-02-26 03:45:00,222.57,2.2778,506.98,1094.17,0.126744,50.15,0.863
2025-02-26 04:00:00,227.94,2.4718,563.43,998.32,0.140859,49.86,0.899
2025-02-26 04:15:00,226.94,1.9122,433.96,748.44,0.108489,49.82,0.944
2025-02-26 04:30:00,227.10,2.2739,516.41,798.41,0.129102,49.88,0.892
2025-02-26 04:45:00,219.33,2.4811,544.19,928.52,0.136047,50.03,0.918
2025-02-26 05:00:00,221.02,2.7990,618.64,1208.92,0.154660,49.94,0.972
2025-02-26 05:15:00,221.43,2.9497,653.17,946.88,0.163292,50.08,0.907
2025-02-26 05:30:00,221.95,2.8698,636.96,1361.84,0.159239,49.91,0.923
2025-02-26 05:45:00,224.04,4.3297,970.04,2266.77,0.242509,50.13,0.839
2025-02-26 06:00:00,227.95,2.3114,526.87,792.95,0.131717,50.10,0.953
2025-02-26 06:15:00,219.00,2.7947,612.05,1224.41,0.153012,49.92,0.941
2025-02-26 06:30:00,222.75,2.3019,512.76,818.73,0.128190,49.91,0.940
2025-02-26 06:45:00,219.75,2.7283,599.55,1275.39,0.149887,49.95,0.955
2025-02-26 07:00:00,220.52,2.0460,451.18,964.07,0.112796,49.80,0.921
2025-02-26 07:15:00,220.17,2.2111,486.80,710.39,0.121700,50.00,0.861
2025-02-26 07:30:00,221.86,1.9759,438.37,848.91,0.109593,49.94,0.838
2025-02-26 07:45:00,226.31,1.8289,413.90,740.15,0.103475,49.86,0.974
2025-02-26 08:00:00,222.98,2.2726,506.74,736.05,0.126685,49.92,0.870
2025-02-26 08:15:00,224.45,2.3430,525.89,911.80,0.131473,49.96,0.853
2025-02-26 08:30:00,224.37,2.3675,531.20,1004.45,0.132800,49.88,0.898
2025-02-26 08:45:00,223.65,2.1562,482.24,1015.02,0.120560,49.89,0.833
2025-02-26 09:00:00,221.82,2.5242,559.92,1034.04,0.139981,50.15,0.930
2025-02-26 09:15:00,217.66,3.1214,679.40,1402.19,0.169850,50.06,0.825
2025-02-26 09:30:00,225.23,2.4805,558.66,1042.51,0.139666,50.19,0.841
2025-02-26 09:45:00,218.38,3.4125,745.21,1627.29,0.186303,50.06,0.846
2025-02-26 10:00:00,227.84,4.1929,955.32,1832.43,0.238830,49.89,0.876
2025-02-26 10:15:00,221.51,3.6232,802.59,1510.55,0.200648,50.17,0.903
2025-02-26 10:30:00,218.87,3.8656,846.06,1493.51,0.211514,50.19,0.852
2025-02-26 10:45:00,219.78,4.6586,1023.84,2174.24,0.255959,50.12,0.920
2025-02-26 11:00:00,219.51,4.3699,959.25,1551.96,0.239813,49.85,0.880
2025-02-26 11:15:00,224.08,4.5922,1029.05,2135.16,0.257261,50.07,0.963
2025-02-26 11:30:00,220.41,4.1263,909.47,1329.89,0.227368,50.10,0.829
2025-02-26 11:45:00,224.38,4.5407,1018.83,1835.34,0.254707,49.88,0.955
2025-02-26 12:00:00,226.14,4.5752,1034.63,1705.35,0.258657,49.98,0.938
2025-02-26 12:15:00,223.72,5.7834,1293.85,2190.98,0.323463,50.03,0.841
2025-02-26 12:30:00,227.04,4.6571,1057.34,2035.29,0.264336,49.98,0.884
2025-02-26 12:45:00,219.55,5.0156,1101.18,1660.28,0.275294,49.81,0.958
2025-02-26 13:00:00,225.30,4.9746,1120.79,2141.83,0.280197,49.92,0.917
2025-02-26 13:15:00,218.54,5.9106,1291.68,2730.96,0.322919,49.96,0.926
2025-02-26 13:30:00,224.75,4.7192,1060.63,2321.12,0.265157,49.81,0.850
2025-02-26 13:45:00,227.12,4.7688,1083.08,2202.00,0.270770,49.83,0.902
2025-02-26 14:00:00,222.09,4.4345,984.86,1384.42,0.246214,50.18,0.895
2025-02-26 14:15:00,225.44,4.5584,1027.64,1902.05,0.256911,50.11,0.874
2025-02-26 14:30:00,219.29,4.0817,895.10,1592.34,0.223774,50.06,0.885
2025-02-26 14:45:00,219.02,4.3701,957.14,1726.49,0.239285,49.93,0.945
2025-02-26 15:00:00,226.59,3.6581,828.88,1639.80,0.207219,49.88,0.976
2025-02-26 15:15:00,223.64,3.6562,817.68,1646.83,0.204420,50.20,0.938
2025-02-26 15:30:00,217.99,3.9388,858.62,1877.70,0.214655,49.83,0.919
2025-02-26 15:45:00,219.98,3.8191,840.11,1233.21,0.210028,49.83,0.902
2025-02-26 16:00:00,224.17,2.4028,538.63,818.52,0.134658,49.97,0.935
2025-02-26 16:15:00,222.26,2.5718,571.61,927.69,0.142902,50.19,0.940
2025-02-26 16:30:00,225.24,2.3890,538.10,963.39,0.134524,49.91,0.874
2025-02-26 16:45:00,219.22,2.4619,539.69,826.35,0.134923,50.09,0.888
2025-02-26 17:00:00,222.56,1.3639,303.54,429.07,0.075886,50.14,0.933
2025-02-26 17:15:00,220.90,1.7274,381.57,750.29,0.095393,49.88,0.907
2025-02-26 17:30:00,220.37,1.7033,375.36,686.45,0.093841,50.12,0.852
2025-02-26 17:45:00,227.22,1.6489,374.67,690.44,0.093667,50.14,0.890
2025-02-26 18:00:00,218.17,1.3954,304.45,558.85,0.076111,50.20,0.941
2025-02-26 18:15:00,220.80,1.5082,333.00,537.16,0.083250,50.11,0.937
2025-02-26 18:30:00,217.51,2.6158,568.94,1191.66,0.142236,49.87,0.966
2025-02-26 18:45:00,220.76,1.4776,326.21,655.31,0.081552,50.17,0.880
2025-02-26 19:00:00,223.77,1.5013,335.94,489.82,0.083984,49.82,0.955
2025-02-26 19:15:00,227.76,1.1485,261.59,485.93,0.065397,49.89,0.953
2025-02-26 19:30:00,222.27,1.3573,301.69,565.26,0.075422,49.92,0.938
2025-02-26 19:45:00,223.69,1.3416,300.11,462.67,0.075028,50.00,0.873
2025-02-26 20:00:00,226.76,1.5058,341.46,655.28,0.085365,50.07,0.882
2025-02-26 20:15:00,226.08,1.5083,340.99,738.90,0.085248,49.89,0.921
2025-02-26 20:30:00,226.52,1.4754,334.21,700.76,0.083551,50.01,0.924
2025-02-26 20:45:00,226.70,1.2907,292.60,595.49,0.073151,49.84,0.974
2025-02-26 21:00:00,227.37,1.5545,353.44,528.00,0.088361,49.81,0.920
2025-02-26 21:15:00,226.33,1.3781,311.91,573.22,0.077977,50.04,0.934
2025-02-26 21:30:00,222.84,1.2384,275.98,597.17,0.068995,50.12,0.980
2025-02-26 21:45:00,221.72,1.3577,301.04,661.67,0.075260,50.08,0.968
2025-02-26 22:00:00,221.46,1.7211,381.15,543.12,0.095286,49.87,0.827
2025-02-26 22:15:00,219.33,1.9988,438.41,941.31,0.109602,49.89,0.971
2025-02-26 22:30:00,227.51,1.5784,359.09,561.16,0.089773,50.09,0.947
2025-02-26 22:45:00,219.26,3.5598,780.50,1423.42,0.195126,50.00,0.905
2025-02-26 23:00:00,220.29,3.9085,861.00,1535.08,0.215250,50.05,0.878
2025-02-26 23:15:00,224.20,4.0054,898.01,1452.79,0.224503,49.83,0.897
2025-02-26 23:30:00,227.23,4.2614,968.33,1395.03,0.242083,50.02,0.844
2025-02-26 23:45:00,227.32,3.8081,865.66,1827.27,0.216416,50.04,0.821
2025-02-27 00:00:00,224.12,4.7558,1065.87,1857.23,0.266467,50.09,0.924
2025-02-27 00:15:00,224.80,4.5181,1015.64,1443.72,0.253910,49.93,0.859
2025-02-27 00:30:00,225.15,4.2457,955.92,1985.64,0.238981,50.07,0.974
2025-02-27 00:45:00,223.47,4.1430,925.83,1310.94,0.231458,50.08,0.835
2025-02-27 01:00:00,219.47,3.6908,810.02,1350.40,0.202505,50.10,0.973
2025-02-27 01:15:00,223.62,3.0868,690.27,1070.25,0.172566,50.08,0.965
2025-02-27 01:30:00,226.02,3.1735,717.26,1150.51,0.179316,49.98,0.835
2025-02-27 01:45:00,218.90,3.8532,843.46,1229.78,0.210865,50.12,0.973
2025-02-27 02:00:00,227.41,2.4172,549.69,801.59,0.137422,50.00,0.871
2025-02-27 02:15:00,218.62,2.6095,570.49,842.19,0.142621,49.95,0.910
2025-02-27 02:30:00,227.99,2.8797,656.53,1422.84,0.164132,49.91,0.821
2025-02-27 02:45:00,227.01,2.4390,553.67,1153.38,0.138419,49.98,0.971
2025-02-27 03:00:00,218.04,2.0690,451.12,790.78,0.112780,49.81,0.936
2025-02-27 03:15:00,227.93,1.8084,412.19,578.88,0.103047,49.85,0.936
2025-02-27 03:30:00,227.02,2.0552,466.58,674.51,0.116644,49.91,0.889
2025-02-27 03:45:00,220.67,1.7395,383.85,649.08,0.095962,49.91,0.842
2025-02-27 04:00:00,226.94,2.1973,498.66,956.51,0.124664,49.89,0.826
2025-02-27 04:15:00,222.85,3.7622,838.40,1245.37,0.209599,50.08,0.978
2025-02-27 04:30:00,221.31,2.4715,546.97,824.66,0.136744,50.04,0.942
2025-02-27 04:45:00,217.51,2.2906,498.23,1019.00,0.124558,49.99,0.845
2025-02-27 05:00:00,224.45,2.5001,561.15,815.50,0.140287,49.86,0.944
2025-02-27 05:15:00,221.92,2.6706,592.64,830.00,0.148161,50.06,0.921
2025-02-27 05:30:00,220.86,3.0792,680.07,1087.67,0.170019,50.18,0.899
2025-02-27 05:45:00,219.18,2.8073,615.31,1312.61,0.153827,49.96,0.932
2025-02-27 06:00:00,226.68,2.6183,593.53,836.43,0.148383,49.93,0.897
2025-02-27 06:15:00,222.17,2.1815,484.65,704.02,0.121162,50.03,0.956
2025-02-27 06:30:00,224.72,2.1842,490.82,701.20,0.122704,50.03,0.824
2025-02-27 06:45:00,221.61,2.4659,546.46,1125.19,0.136614,49.91,0.976
2025-02-27 07:00:00,226.79,1.9501,442.27,644.68,0.110567,50.09,0.838
2025-02-27 07:15:00,223.96,2.1850,489.34,723.92,0.122334,50.08,0.899
2025-02-27 07:30:00,222.05,1.7711,393.27,637.39,0.098317,49.89,0.876
2025-02-27 07:45:00,225.73,3.3835,763.74,1748.83,0.190935,50.12,0.964
2025-02-27 08:00:00,221.34,1.9704,436.14,767.69,0.109035,49.92,0.893
2025-02-27 08:15:00,222.37,2.3148,514.76,879.20,0.128690,49.87,0.874
2025-02-27 08:30:00,223.86,3.6017,806.29,1362.40,0.201573,49.84,0.841
2025-02-27 08:45:00,225.05,2.0093,452.21,808.84,0.113052,49.84,0.947
2025-02-27 09:00:00,226.09,2.8143,636.30,1150.48,0.159074,50.19,0.950
2025-02-27 09:15:00,223.67,2.7385,612.51,881.34,0.153129,50.11,0.855
2025-02-27 09:30:00,222.04,3.1636,702.45,1351.27,0.175611,49.87,0.905
2025-02-27 09:45:00,221.34,2.9142,645.02,1294.07,0.161254,50.00,0.955
2025-02-27 10:00:00,221.76,3.5828,794.51,1508.67,0.198628,50.09,0.909
2025-02-27 10:15:00,223.72,4.6015,1029.45,1943.62,0.257362,49.93,0.944
2025-02-27 10:30:00,226.54,3.7093,840.30,1244.00,0.210074,49.93,0.868
2025-02-27 10:45:00,219.39,4.4433,974.84,1888.71,0.243709,49.85,0.943
2025-02-27 11:00:00,222.54,5.2023,1157.72,2273.18,0.289429,49.94,0.932
2025-02-27 11:15:00,220.93,7.0488,1557.28,3271.30,0.389320,50.06,0.973
2025-02-27 11:30:00,217.83,5.1360,1118.76,1887.22,0.279690,50.07,0.833
2025-02-27 11:45:00,226.23,5.0877,1151.01,2242.99,0.287752,49.96,0.911
2025-02-27 12:00:00,221.07,4.9347,1090.91,1681.01,0.272727,49.85,0.925
2025-02-27 12:15:00,219.55,4.6912,1029.96,1600.69,0.257491,50.10,0.941
2025-02-27 12:30:00,227.86,5.9733,1361.06,2770.10,0.340266,49.90,0.874
2025-02-27 12:45:00,223.56,5.6630,1266.00,1859.03,0.316501,49.90,0.913
2025-02-27 13:00:00,218.21,4.9739,1085.34,2074.41,0.271335,49.92,0.918
2025-02-27 13:15:00,217.98,5.0694,1105.02,1815.02,0.276256,50.09,0.914
2025-02-27 13:30:00,224.50,4.7945,1076.37,1922.75,0.269092,50.06,0.863
2025-02-27 13:45:00,220.62,5.3354,1177.11,2188.47,0.294277,50.19,0.845
2025-02-27 14:00:00,219.43,5.3032,1163.68,2072.11,0.290919,49.88,0.820
2025-02-27 14:15:00,225.68,5.0158,1131.99,1876.52,0.282998,49.98,0.872
2025-02-27 14:30:00,219.83,4.2456,933.32,1713.90,0.233331,50.01,0.908
2025-02-27 14:45:00,226.29,4.2880,970.32,1716.00,0.242579,49.97,0.840
2025-02-27 15:00:00,225.60,4.2767,964.82,1751.00,0.241205,49.97,0.904
2025-02-27 15:15:00,225.25,3.7452,843.63,1556.95,0.210907,49.92,0.912
2025-02-27 15:30:00,224.52,3.4534,775.35,1442.92,0.193836,50.06,0.868
2025-02-27 15:45:00,224.78,3.4139,767.39,1138.72,0.191846,49.88,0.961
2025-02-27 16:00:00,223.46,2.8116,628.28,1332.55,0.157069,50.02,0.902
2025-02-27 16:15:00,219.76,2.4731,543.50,1146.73,0.135875,50.07,0.907
2025-02-27 16:30:00,227.11,2.1488,488.02,927.97,0.122004,49.99,0.831
2025-02-27 16:45:00,222.15,2.8210,626.68,1210.42,0.156670,49.87,0.877
2025-02-27 17:00:00,224.31,1.4108,316.45,556.42,0.079113,50.19,0.950
2025-02-27 17:15:00,220.45,1.5790,348.09,673.96,0.087023,50.14,0.916
2025-02-27 17:30:00,223.92,1.5440,345.74,622.52,0.086436,50.17,0.833
2025-02-27 17:45:00,222.41,1.6926,376.46,724.41,0.094114,50.14,0.944
2025-02-27 18:00:00,227.23,1.5351,348.82,592.76,0.087204,49.99,0.972
2025-02-27 18:15:00,227.21,1.3367,303.71,535.95,0.075927,50.10,0.942
2025-02-27 18:30:00,225.84,1.3859,312.98,528.31,0.078246,49.83,0.950
2025-02-27 18:45:00,217.56,1.5619,339.81,564.35,0.084953,49.86,0.864
2025-02-27 19:00:00,222.37,1.4474,321.86,528.02,0.080465,49.90,0.917
2025-02-27 19:15:00,222.75,1.1836,263.65,478.30,0.065913,50.10,0.967
2025-02-27 19:30:00,221.28,1.1937,264.13,506.39,0.066034,49.80,0.961
2025-02-27 19:45:00,220.60,2.1596,476.41,1239.81,0.119102,50.14,0.913
2025-02-27 20:00:00,221.98,1.3215,293.36,549.50,0.073339,50.00,0.851
2025-02-27 20:15:00,226.90,1.2378,280.85,504.86,0.070212,49.88,0.870
2025-02-27 20:30:00,220.19,1.3607,299.61,500.99,0.074902,49.93,0.865
2025-02-27 20:45:00,225.81,1.3823,312.13,508.72,0.078032,50.09,0.969
2025-02-27 21:00:00,218.61,1.3533,295.84,614.78,0.073960,49.92,0.827
2025-02-27 21:15:00,220.87,1.4467,319.53,603.16,0.079883,49.98,0.879
2025-02-27 21:30:00,225.44,1.2187,274.75,603.99,0.068687,50.10,0.893
2025-02-27 21:45:00,220.41,1.6369,360.79,664.19,0.090197,49.83,0.884
2025-02-27 22:00:00,226.20,2.0031,453.10,897.09,0.113274,50.09,0.949
2025-02-27 22:15:00,220.94,1.7301,382.25,574.88,0.095563,50.00,0.938
2025-02-27 22:30:00,226.85,1.8074,410.03,812.70,0.102507,49.93,0.903
2025-02-27 22:45:00,224.38,1.5487,347.50,665.31,0.086875,50.09,0.918
2025-02-27 23:00:00,227.93,3.6351,828.56,1313.04,0.207140,49.81,0.850
2025-02-27 23:15:00,217.91,4.2194,919.45,1763.63,0.229863,49.92,0.889
2025-02-27 23:30:00,227.90,3.9940,910.26,1837.94,0.227565,50.15,0.885
2025-02-27 23:45:00,226.73,4.1260,935.48,1817.02,0.233869,49.83,0.878
2025-02-28 00:00:00,220.21,4.3874,966.14,1554.45,0.241535,49.82,0.894
2025-02-28 00:15:00,217.66,8.9095,1939.23,2708.77,0.484807,50.06,0.942
2025-02-28 00:30:00,218.51,4.7079,1028.70,1984.37,0.257174,50.17,0.893
2025-02-28 00:45:00,222.55,4.8237,1073.53,1856.34,0.268382,50.18,0.946
2025-02-28 01:00:00,226.39,3.5512,803.95,1701.87,0.200988,49.90,0.967
2025-02-28 01:15:00,217.85,4.9379,1075.72,2357.48,0.268929,49.90,0.907
2025-02-28 01:30:00,224.78,3.8153,857.60,1647.39,0.214400,49.95,0.902
2025-02-28 01:45:00,226.34,3.2161,727.93,1054.53,0.181983,49.96,0.895
2025-02-28 02:00:00,217.72,2.3295,507.18,1015.03,0.126796,49.83,0.939
2025-02-28 02:15:00,226.02,1.9524,441.28,643.81,0.110321,50.14,0.884
2025-02-28 02:30:00,223.51,2.5470,569.28,844.45,0.142319,50.00,0.872
2025-02-28 02:45:00,221.24,1.9961,441.63,955.49,0.110407,49.81,0.950
2025-02-28 03:00:00,221.89,2.2061,489.51,993.48,0.122379,50.16,0.869
2025-02-28 03:15:00,219.16,1.7465,382.76,610.13,0.095691,49.98,0.897
2025-02-28 03:30:00,223.73,1.7326,387.62,585.60,0.096905,49.96,0.945
2025-02-28 03:45:00,225.43,2.2193,500.31,943.15,0.125077,50.03,0.870
2025-02-28 04:00:00,221.65,4.1238,914.06,2036.52,0.228514,50.00,0.956
2025-02-28 04:15:00,220.21,2.3731,522.59,1047.96,0.130646,49.86,0.914
2025-02-28 04:30:00,220.89,1.9476,430.22,859.07,0.107554,49.82,0.850
2025-02-28 04:45:00,223.17,2.2583,503.99,870.12,0.125999,50.08,0.915
2025-02-28 05:00:00,218.11,2.4620,536.98,877.32,0.134245,49.94,0.895
2025-02-28 05:15:00,221.80,2.9666,658.01,1186.54,0.164503,49.81,0.939
2025-02-28 05:30:00,221.94,2.8560,633.84,1391.58,0.158460,50.07,0.830
2025-02-28 05:45:00,219.14,2.7485,602.30,1263.18,0.150576,49.92,0.863
2025-02-28 06:00:00,223.44,2.6725,597.15,1277.91,0.149287,50.14,0.932
2025-02-28 06:15:00,219.19,2.8338,621.12,1324.10,0.155281,49.87,0.897
2025-02-28 06:30:00,227.28,2.7169,617.50,898.38,0.154375,50.03,0.902
2025-02-28 06:45:00,218.97,2.1660,474.31,1025.60,0.118577,49.91,0.918
2025-02-28 07:00:00,226.43,2.7225,616.45,1184.82,0.154113,49.82,0.874
2025-02-28 07:15:00,219.65,1.8081,397.15,847.76,0.099288,49.86,0.912
2025-02-28 07:30:00,226.63,2.2268,504.66,800.96,0.126166,49.99,0.913
2025-02-28 07:45:00,219.16,1.9327,423.58,709.97,0.105895,50.05,0.926
2025-02-28 08:00:00,226.73,2.2272,504.97,770.10,0.126242,49.89,0.978
2025-02-28 08:15:00,223.46,2.0530,458.76,724.38,0.114689,50.13,0.886
2025-02-28 08:30:00,226.48,1.9935,451.48,708.41,0.112871,49.87,0.899
2025-02-28 08:45:00,226.67,2.5337,574.32,963.94,0.143581,49.84,0.825
2025-02-28 09:00:00,225.17,3.1949,719.37,1570.30,0.179843,49.95,0.944
2025-02-28 09:15:00,222.82,3.9875,888.48,1676.97,0.222120,50.17,0.824
2025-02-28 09:30:00,225.20,2.4607,554.16,912.51,0.138541,50.12,0.920
2025-02-28 09:45:00,226.68,2.7255,617.80,1306.26,0.154450,49.91,0.849
2025-02-28 10:00:00,227.82,3.3932,773.03,1652.96,0.193257,50.13,0.853
2025-02-28 10:15:00,224.83,6.1017,1371.86,2298.28,0.342965,49.94,0.850
2025-02-28 10:30:00,217.74,4.7295,1029.79,2232.93,0.257447,50.12,0.827
2025-02-28 10:45:00,221.83,4.1182,913.56,1861.98,0.228389,50.15,0.896
2025-02-28 11:00:00,223.44,5.1177,1143.51,2255.02,0.285877,50.05,0.916
2025-02-28 11:15:00,223.16,4.6295,1033.10,2190.11,0.258276,49.94,0.966
2025-02-28 11:30:00,223.52,4.5187,1010.04,1877.25,0.252509,49.90,0.848
2025-02-28 11:45:00,225.00,4.0264,905.95,1452.72,0.226487,49.91,0.841
2025-02-28 12:00:00,227.33,5.1841,1178.47,1819.76,0.294618,49.95,0.848
2025-02-28 12:15:00,221.05,5.3370,1179.75,1798.00,0.294938,50.18,0.976
2025-02-28 12:30:00,223.63,4.9147,1099.05,2107.05,0.274763,50.12,0.875
2025-02-28 12:45:00,221.87,4.7214,1047.53,1989.40,0.261883,50.00,0.966
2025-02-28 13:00:00,225.15,5.6929,1281.75,2600.03,0.320438,49.95,0.943
2025-02-28 13:15:00,221.80,5.4560,1210.13,1922.01,0.302532,50.11,0.967
2025-02-28 13:30:00,218.14,4.5894,1001.12,1944.15,0.250279,50.18,0.940
2025-02-28 13:45:00,225.99,5.0953,1151.47,2166.06,0.287867,50.10,0.977
2025-02-28 14:00:00,225.49,5.2129,1175.49,1683.61,0.293872,50.03,0.956
2025-02-28 14:15:00,221.98,5.2757,1171.11,1759.11,0.292777,49.86,0.914
2025-02-28 14:30:00,222.19,4.2050,934.32,1418.29,0.233580,49.81,0.904
2025-02-28 14:45:00,224.26,4.3845,983.26,2083.39,0.245816,50.09,0.946
2025-02-28 15:00:00,219.03,5.6653,1240.89,2487.08,0.310223,50.03,0.948
2025-02-28 15:15:00,224.87,3.9814,895.30,1311.30,0.223825,50.11,0.963
2025-02-28 15:30:00,220.98,4.3314,957.16,1847.13,0.239290,49.88,0.861
2025-02-28 15:45:00,223.55,4.3326,968.57,1703.40,0.242143,50.12,0.845
2025-02-28 16:00:00,226.77,2.2467,509.48,1111.27,0.127371,49.90,0.842
2025-02-28 16:15:00,225.43,2.5943,584.83,1073.64,0.146209,49.83,0.868
2025-02-28 16:30:00,225.46,2.5836,582.50,1031.33,0.145625,49.82,0.944
2025-02-28 16:45:00,219.29,2.5530,559.84,1072.14,0.139961,49.85,0.829
2025-02-28 17:00:00,226.43,1.8272,413.74,784.25,0.103434,49.87,0.842
2025-02-28 17:15:00,219.70,1.6687,366.62,734.35,0.091654,49.98,0.865
2025-02-28 17:30:00,223.20,2.1952,489.97,729.49,0.122492,50.01,0.907
2025-02-28 17:45:00,218.32,2.0671,451.29,806.25,0.112821,50.08,0.850
2025-02-28 18:00:00,222.82,2.8320,631.02,1321.12,0.157755,50.08,0.900
2025-02-28 18:15:00,218.66,1.6325,356.97,501.92,0.089243,50.19,0.877
2025-02-28 18:30:00,223.87,1.4686,328.78,618.12,0.082196,50.16,0.948
2025-02-28 18:45:00,223.46,1.6699,373.17,796.42,0.093292,50.18,0.832
2025-02-28 19:00:00,222.42,1.3690,304.49,547.09,0.076122,50.20,0.871
2025-02-28 19:15:00,217.88,1.6990,370.16,637.84,0.092540,50.18,0.937
2025-02-28 19:30:00,219.69,1.6937,372.07,777.06,0.093018,49.87,0.910
2025-02-28 19:45:00,225.95,1.4957,337.95,512.34,0.084488,49.81,0.841
2025-02-28 20:00:00,227.65,1.5510,353.09,630.22,0.088273,50.05,0.860
2025-02-28 20:15:00,224.96,1.4635,329.23,487.33,0.082306,50.18,0.845
2025-02-28 20:30:00,221.54,1.4087,312.08,668.62,0.078019,49.97,0.862
2025-02-28 20:45:00,224.78,1.6627,373.74,553.48,0.093435,49.85,0.894
2025-02-28 21:00:00,218.89,1.5179,332.27,497.31,0.083066,50.20,0.869
2025-02-28 21:15:00,222.19,1.8820,418.16,818.80,0.104539,49.84,0.959
2025-02-28 21:30:00,226.38,1.6895,382.47,702.28,0.095617,49.82,0.832
2025-02-28 21:45:00,223.92,1.9679,440.65,747.11,0.110162,50.14,0.876
2025-02-28 22:00:00,218.39,2.2998,502.25,847.60,0.125563,50.03,0.959
2025-02-28 22:15:00,220.38,2.1866,481.90,851.97,0.120474,49.93,0.923
2025-02-28 22:30:00,219.35,2.0933,459.15,963.36,0.114787,50.03,0.963
2025-02-28 22:45:00,225.28,2.1423,482.61,847.35,0.120654,49.86,0.976
2025-02-28 23:00:00,217.87,4.6499,1013.09,1522.58,0.253272,49.91,0.948
2025-02-28 23:15:00,226.07,5.2587,1188.85,2035.56,0.297214,50.05,0.876
2025-02-28 23:30:00,221.18,4.5747,1011.81,1887.15,0.252953,49.92,0.835
2025-02-28 23:45:00,218.50,4.5239,988.50,1950.53,0.247124,50.13,0.882
2025-03-01 00:00:00,224.95,5.0163,1128.40,1666.09,0.282100,50.14,0.892
2025-03-01 00:15:00,227.69,5.5913,1273.10,2413.08,0.318275,49.87,0.946
2025-03-01 00:30:00,223.37,6.0326,1347.48,2702.08,0.336871,49.80,0.852
2025-03-01 00:45:00,221.33,5.8529,1295.40,2604.87,0.323851,49.95,0.937
2025-03-01 01:00:00,218.32,4.4294,967.01,1527.17,0.241753,50.01,0.884
2025-03-01 01:15:00,221.80,4.3007,953.92,1416.96,0.238479,50.03,0.962
2025-03-01 01:30:00,221.14,4.5537,1006.99,1905.00,0.251749,50.14,0.866
2025-03-01 01:45:00,226.48,7.3181,1657.41,3966.41,0.414352,50.15,0.843
2025-03-01 02:00:00,218.26,3.2114,700.93,1207.30,0.175233,50.16,0.925
2025-03-01 02:15:00,219.26,2.6998,591.95,1251.22,0.147987,50.04,0.825
2025-03-01 02:30:00,220.31,2.5746,567.20,822.59,0.141801,50.02,0.884
2025-03-01 02:45:00,219.47,2.9191,640.66,1155.99,0.160165,49.85,0.876
2025-03-01 03:00:00,218.95,2.7167,594.80,1115.90,0.148701,49.91,0.858
2025-03-01 03:15:00,223.21,2.2687,506.40,864.67,0.126601,50.02,0.962
2025-03-01 03:30:00,226.96,2.7293,619.45,1178.24,0.154862,50.03,0.840
2025-03-01 03:45:00,227.33,2.3387,531.67,776.60,0.132917,49.84,0.849
2025-03-01 04:00:00,225.06,3.0898,695.40,1464.53,0.173851,49.83,0.920
2025-03-01 04:15:00,222.03,2.6768,594.31,1305.96,0.148578,49.90,0.855
2025-03-01 04:30:00,224.96,3.1074,699.02,1317.04,0.174756,50.12,0.927
2025-03-01 04:45:00,223.88,2.6647,596.57,991.57,0.149141,50.01,0.921
2025-03-01 05:00:00,221.31,6.0480,1338.44,3029.20,0.334611,50.08,0.937
2025-03-01 05:15:00,219.45,3.0349,666.02,1018.62,0.166505,49.81,0.915
2025-03-01 05:30:00,227.10,2.8874,655.74,1257.32,0.163934,49.93,0.881
2025-03-01 05:45:00,217.52,3.6369,791.07,1630.97,0.197768,49.81,0.893
2025-03-01 06:00:00,217.57,2.7912,607.27,960.79,0.151816,49.97,0.827
2025-03-01 06:15:00,226.39,3.3722,763.41,1509.67,0.190853,50.15,0.968
2025-03-01 06:30:00,220.37,2.7748,611.49,1146.66,0.152872,49.86,0.845
2025-03-01 06:45:00,220.65,3.0522,673.48,1202.99,0.168369,50.06,0.851
2025-03-01 07:00:00,225.01,2.2603,508.59,723.03,0.127148,50.17,0.854
2025-03-01 07:15:00,225.46,2.2609,509.75,1037.64,0.127437,49.91,0.930
2025-03-01 07:30:00,219.15,2.7761,608.39,1180.85,0.152096,50.12,0.959
2025-03-01 07:45:00,222.85,2.4301,541.54,833.35,0.135386,50.08,0.893
2025-03-01 08:00:00,218.89,2.7606,604.27,949.72,0.151068,50.13,0.905
2025-03-01 08:15:00,221.45,2.5865,572.78,855.47,0.143194,50.13,0.826
2025-03-01 08:30:00,225.63,2.5646,578.66,987.15,0.144666,50.19,0.886
2025-03-01 08:45:00,224.26,2.7466,615.94,1342.20,0.153984,50.13,0.829
2025-03-01 09:00:00,223.73,3.6186,809.60,1717.89,0.202400,49.93,0.868
2025-03-01 09:15:00,220.35,3.6647,807.51,1228.13,0.201876,50.01,0.954
2025-03-01 09:30:00,220.04,3.8874,855.39,1540.89,0.213847,49.91,0.898
2025-03-01 09:45:00,224.73,6.6434,1492.95,3291.55,0.373238,50.20,0.824
2025-03-01 10:00:00,218.19,9.0043,1964.65,3978.05,0.491163,50.19,0.845
2025-03-01 10:15:00,226.65,4.8460,1098.35,2094.78,0.274589,50.00,0.820
2025-03-01 10:30:00,221.15,5.8755,1299.39,2406.78,0.324847,49.85,0.970
2025-03-01 10:45:00,220.06,4.5867,1009.34,2079.50,0.252335,49.86,0.950
2025-03-01 11:00:00,217.83,6.5146,1419.07,2111.75,0.354767,50.07,0.938
2025-03-01 11:15:00,227.35,6.5156,1481.29,3124.26,0.370323,49.90,0.909
2025-03-01 11:30:00,224.80,6.5652,1475.88,2876.93,0.368971,49.91,0.852
2025-03-01 11:45:00,224.47,6.5706,1474.90,3073.98,0.368724,50.12,0.958
2025-03-01 12:00:00,226.19,7.1248,1611.53,2454.25,0.402883,49.91,0.877
2025-03-01 12:15:00,218.84,8.1100,1774.84,3287.41,0.443711,49.90,0.900
2025-03-01 12:30:00,221.56,11.0528,2448.91,4122.29,0.612227,49.91,0.913
2025-03-01 12:45:00,218.88,7.9687,1744.18,2948.44,0.436045,49.88,0.874
2025-03-01 13:00:00,222.35,7.2859,1620.00,3256.27,0.405000,49.83,0.825
2025-03-01 13:15:00,227.07,7.2076,1636.63,2340.60,0.409157,49.89,0.879
2025-03-01 13:30:00,217.69,5.9660,1298.71,2184.70,0.324677,49.88,0.820
2025-03-01 13:45:00,221.18,7.5104,1661.15,3301.76,0.415288,50.03,0.887
2025-03-01 14:00:00,226.86,6.9807,1583.65,3366.88,0.395912,50.06,0.860
2025-03-01 14:15:00,227.76,6.2137,1415.21,2464.60,0.353804,50.00,0.849
2025-03-01 14:30:00,218.10,6.8844,1501.52,3267.60,0.375379,49.95,0.891
2025-03-01 14:45:00,224.91,5.4164,1218.23,2329.27,0.304558,49.92,0.853
2025-03-01 15:00:00,227.60,5.0353,1146.06,2190.28,0.286514,49.86,0.864
2025-03-01 15:15:00,217.58,5.6650,1232.56,1757.11,0.308140,50.13,0.949
2025-03-01 15:30:00,224.63,4.9676,1115.85,1833.13,0.278963,50.14,0.973
2025-03-01 15:45:00,220.22,6.5457,1441.47,3242.87,0.360368,50.12,0.900
2025-03-01 16:00:00,218.67,2.8931,632.64,1074.95,0.158161,49.98,0.850
2025-03-01 16:15:00,219.47,3.6097,792.22,1564.34,0.198056,50.09,0.856
2025-03-01 16:30:00,222.32,3.9231,872.18,2659.85,0.218044,50.05,0.902
2025-03-01 16:45:00,221.25,2.8239,624.79,1067.12,0.156197,49.99,0.968
2025-03-01 17:00:00,220.28,1.7506,385.62,797.12,0.096406,49.88,0.955
2025-03-01 17:15:00,217.58,2.2370,486.73,911.97,0.121683,49.86,0.908
2025-03-01 17:30:00,219.65,2.0481,449.86,900.55,0.112466,50.15,0.930
2025-03-01 17:45:00,217.99,3.6418,793.87,1849.33,0.198468,49.94,0.826
2025-03-01 18:00:00,217.98,1.5783,344.05,733.57,0.086011,50.19,0.826
2025-03-01 18:15:00,220.42,1.9571,431.38,686.85,0.107846,49.85,0.973
2025-03-01 18:30:00,225.77,1.5089,340.65,516.86,0.085163,50.18,0.973
2025-03-01 18:45:00,218.92,1.6824,368.30,649.83,0.092076,49.84,0.917
2025-03-01 19:00:00,219.23,1.7667,387.31,583.64,0.096826,49.95,0.913
2025-03-01 19:15:00,225.03,1.7726,398.90,558.75,0.099726,49.95,0.834
2025-03-01 19:30:00,218.32,2.7896,609.04,1269.15,0.152259,50.06,0.823
2025-03-01 19:45:00,225.85,1.5220,343.75,678.63,0.085936,50.09,0.841
2025-03-01 20:00:00,222.00,1.5922,353.47,705.67,0.088368,49.89,0.882
2025-03-01 20:15:00,218.50,1.4411,314.89,622.72,0.078723,50.10,0.966
2025-03-01 20:30:00,220.84,1.4311,316.03,561.89,0.079007,49.91,0.940
2025-03-01 20:45:00,223.80,1.5746,352.39,609.10,0.088098,49.98,0.824
2025-03-01 21:00:00,226.05,1.6301,368.49,783.22,0.092121,50.17,0.873
2025-03-01 21:15:00,225.30,1.8798,423.51,897.69,0.105878,50.00,0.958
2025-03-01 21:30:00,223.81,1.6110,360.55,754.56,0.090138,49.82,0.930
2025-03-01 21:45:00,222.52,1.5568,346.42,679.61,0.086605,49.80,0.871
2025-03-01 22:00:00,225.18,1.9629,442.00,797.91,0.110501,50.10,0.940
2025-03-01 22:15:00,219.74,2.1197,465.79,670.22,0.116446,50.20,0.944
2025-03-01 22:30:00,219.08,2.4766,542.58,1039.24,0.135646,49.85,0.943
2025-03-01 22:45:00,221.20,2.3046,509.77,935.73,0.127443,49.92,0.859
2025-03-01 23:00:00,222.33,4.4096,980.41,1862.49,0.245103,49.86,0.979
2025-03-01 23:15:00,217.84,5.5583,1210.85,2088.89,0.302713,50.08,0.936
2025-03-01 23:30:00,224.53,4.7500,1066.52,1583.06,0.266629,49.93,0.856
2025-03-01 23:45:00,227.38,5.0611,1150.81,2307.44,0.287703,49.90,0.957
2025-03-02 00:00:00,227.02,6.3593,1443.71,2435.76,0.360927,50.09,0.916
2025-03-02 00:15:00,220.65,6.5504,1445.37,2843.84,0.361342,50.08,0.902
2025-03-02 00:30:00,221.05,6.1769,1365.38,2954.55,0.341345,49.85,0.853
2025-03-02 00:45:00,221.63,6.0244,1335.19,2126.94,0.333797,49.83,0.976
2025-03-02 01:00:00,225.48,4.3891,989.64,2123.36,0.247409,49.89,0.881
2025-03-02 01:15:00,219.96,4.2310,930.67,1352.50,0.232666,50.16,0.934
2025-03-02 01:30:00,224.05,4.7423,1062.51,2183.35,0.265628,49.90,0.949
2025-03-02 01:45:00,220.05,5.4205,1192.76,1685.35,0.298191,50.10,0.972
2025-03-02 02:00:00,222.27,3.1601,702.40,1045.77,0.175600,50.20,0.948
2025-03-02 02:15:00,223.83,4.0361,903.41,2031.34,0.225853,49.86,0.831
2025-03-02 02:30:00,220.98,2.8838,637.27,1355.28,0.159317,50.03,0.829
2025-03-02 02:45:00,219.59,2.5950,569.83,1102.59,0.142458,49.86,0.970
2025-03-02 03:00:00,224.80,2.5870,581.55,1258.82,0.145389,49.88,0.847
2025-03-02 03:15:00,226.64,2.8130,637.54,907.58,0.159384,50.10,0.975
2025-03-02 03:30:00,227.14,2.4057,546.44,1166.38,0.136611,49.81,0.970
2025-03-02 03:45:00,223.67,2.5372,567.49,828.96,0.141872,49.89,0.946
2025-03-02 04:00:00,220.29,3.0512,672.15,1127.40,0.168038,49.97,0.855
2025-03-02 04:15:00,219.02,2.7672,606.05,946.11,0.151514,50.13,0.837
2025-03-02 04:30:00,222.23,2.8155,625.67,1364.14,0.156418,50.17,0.871
2025-03-02 04:45:00,224.06,2.9916,670.30,1464.10,0.167576,50.14,0.931
2025-03-02 05:00:00,221.87,3.3831,750.60,1191.68,0.187650,49.91,0.882
2025-03-02 05:15:00,221.06,3.1642,699.47,1505.16,0.174867,50.02,0.848
2025-03-02 05:30:00,225.81,3.6798,830.95,1201.73,0.207738,50.12,0.856
2025-03-02 05:45:00,222.24,3.8237,849.78,1333.17,0.212445,50.00,0.830
2025-03-02 06:00:00,221.58,3.2585,722.00,1569.46,0.180500,50.09,0.847
2025-03-02 06:15:00,225.95,3.3899,765.95,1176.20,0.191487,50.12,0.829
2025-03-02 06:30:00,220.99,3.0314,669.92,1297.92,0.167480,49.92,0.837
2025-03-02 06:45:00,224.35,3.4933,783.70,1363.32,0.195925,50.17,0.919
2025-03-02 07:00:00,225.01,2.6271,591.12,1140.74,0.147781,49.88,0.939
2025-03-02 07:15:00,220.63,2.7760,612.48,1232.86,0.153120,50.05,0.850
2025-03-02 07:30:00,226.37,2.3758,537.80,984.33,0.134450,49.87,0.945
2025-03-02 07:45:00,226.73,2.3472,532.18,1141.02,0.133045,49.88,0.934
2025-03-02 08:00:00,222.56,2.7374,609.24,876.74,0.152310,49.83,0.904
2025-03-02 08:15:00,225.46,2.5800,581.70,948.74,0.145425,49.97,0.862
2025-03-02 08:30:00,224.35,2.4414,547.74,805.76,0.136936,50.07,0.841
2025-03-02 08:45:00,220.52,2.8213,622.15,1283.59,0.155538,49.98,0.969
2025-03-02 09:00:00,227.00,4.0057,909.29,1361.90,0.227322,49.84,0.904
2025-03-02 09:15:00,226.96,3.7980,861.98,1223.82,0.215495,50.08,0.864
2025-03-02 09:30:00,218.72,3.4141,746.74,1511.50,0.186686,50.06,0.922
2025-03-02 09:45:00,225.75,3.5664,805.13,1426.90,0.201283,50.18,0.824
2025-03-02 10:00:00,219.77,4.7799,1050.48,1983.47,0.262621,49.82,0.910
2025-03-02 10:15:00,224.01,4.6281,1036.76,1739.50,0.259190,49.89,0.950
2025-03-02 10:30:00,221.96,5.8913,1307.64,2053.72,0.326910,50.20,0.935
2025-03-02 10:45:00,218.47,5.1524,1125.67,1747.15,0.281417,49.83,0.839
2025-03-02 11:00:00,226.65,6.9012,1564.12,2506.00,0.391030,49.86,0.856
2025-03-02 11:15:00,219.70,6.6757,1466.67,2505.36,0.366666,50.17,0.933
2025-03-02 11:30:00,224.90,5.9425,1336.50,1946.61,0.334124,50.19,0.963
2025-03-02 11:45:00,223.92,6.7989,1522.42,2663.63,0.380605,50.02,0.863
2025-03-02 12:00:00,218.07,8.3852,1828.60,3867.19,0.457151,49.80,0.935
2025-03-02 12:15:00,227.91,10.8594,2475.01,3717.07,0.618752,49.85,0.958
2025-03-02 12:30:00,225.17,6.3601,1432.10,2510.65,0.358025,49.81,0.838
2025-03-02 12:45:00,220.92,7.6379,1687.39,2519.90,0.421849,50.05,0.882
2025-03-02 13:00:00,222.48,7.6506,1702.13,3082.46,0.425533,50.02,0.837
2025-03-02 13:15:00,219.16,7.6418,1674.74,2528.94,0.418685,49.90,0.900
2025-03-02 13:30:00,224.32,6.1234,1373.58,2150.88,0.343395,49.82,0.866
2025-03-02 13:45:00,218.58,7.7353,1690.79,2706.63,0.422697,50.14,0.868
2025-03-02 14:00:00,223.50,5.4846,1225.81,2394.51,0.306453,49.84,0.857
2025-03-02 14:15:00,225.18,6.9560,1566.38,2657.23,0.391595,49.83,0.921
2025-03-02 14:30:00,222.70,6.9217,1541.48,3035.24,0.385370,50.04,0.858
2025-03-02 14:45:00,226.38,6.1292,1387.53,2870.68,0.346883,50.02,0.896
2025-03-02 15:00:00,217.53,5.5921,1216.44,1880.36,0.304109,49.88,0.897
2025-03-02 15:15:00,226.81,7.2941,1654.34,3695.64,0.413586,49.97,0.845
2025-03-02 15:30:00,225.20,5.2987,1193.28,2580.05,0.298319,50.12,0.979
2025-03-02 15:45:00,221.06,4.6852,1035.69,1483.27,0.258923,50.13,0.899
2025-03-02 16:00:00,225.36,3.2661,736.04,1459.30,0.184011,49.89,0.842
2025-03-02 16:15:00,226.08,3.4226,773.79,1105.74,0.193446,50.12,0.963
2025-03-02 16:30:00,218.46,4.5570,995.53,2191.20,0.248881,50.08,0.902
2025-03-02 16:45:00,218.70,2.8084,614.19,889.99,0.153547,49.99,0.908
2025-03-02 17:00:00,221.36,1.7448,386.23,621.82,0.096557,50.05,0.910
2025-03-02 17:15:00,222.18,1.7863,396.88,791.37,0.099221,49.90,0.937
2025-03-02 17:30:00,222.44,1.6441,365.72,563.00,0.091430,49.85,0.958
2025-03-02 17:45:00,227.20,1.8895,429.28,786.63,0.107320,49.96,0.947
2025-03-02 18:00:00,222.28,1.7194,382.18,673.04,0.095544,49.95,0.888
2025-03-02 18:15:00,225.36,1.6507,372.00,627.97,0.093001,50.15,0.917
2025-03-02 18:30:00,219.32,1.9812,434.52,1168.74,0.108629,49.84,0.847
2025-03-02 18:45:00,226.08,1.4178,320.53,672.18,0.080133,49.88,0.837
2025-03-02 19:00:00,227.01,1.2904,292.93,450.85,0.073233,49.95,0.849
2025-03-02 19:15:00,225.06,1.2492,281.15,572.93,0.070287,50.06,0.845
2025-03-02 19:30:00,218.27,1.4609,318.88,591.78,0.079719,50.10,0.887
2025-03-02 19:45:00,220.68,1.4557,321.26,450.37,0.080315,49.84,0.959
2025-03-02 20:00:00,221.23,1.4531,321.47,503.01,0.080367,50.14,0.946
2025-03-02 20:15:00,221.99,1.3239,293.90,540.86,0.073475,50.04,0.849
2025-03-02 20:30:00,218.46,1.6653,363.80,515.15,0.090950,50.06,0.863
2025-03-02 20:45:00,221.70,1.6474,365.24,739.12,0.091309,49.89,0.822
2025-03-02 21:00:00,227.29,1.3493,306.68,548.26,0.076669,50.10,0.961
2025-03-02 21:15:00,221.95,1.7723,393.37,603.04,0.098342,50.05,0.949
2025-03-02 21:30:00,220.90,1.5552,343.54,589.95,0.085885,49.92,0.884
2025-03-02 21:45:00,223.55,2.5561,571.43,1357.41,0.142857,49.86,0.876
2025-03-02 22:00:00,223.25,2.4084,537.68,1463.47,0.134419,49.82,0.950
2025-03-02 22:15:00,224.15,1.9908,446.23,908.37,0.111556,50.04,0.887
2025-03-02 22:30:00,221.32,2.0177,446.55,706.33,0.111638,50.13,0.937
2025-03-02 22:45:00,222.93,2.1446,478.11,959.60,0.119527,49.87,0.976
2025-03-02 23:00:00,219.57,3.6541,802.31,1757.07,0.200578,49.95,0.825
2025-03-02 23:15:00,219.59,4.0210,882.99,1417.35,0.220747,49.94,0.958
2025-03-02 23:30:00,217.77,6.5845,1433.94,3209.06,0.358484,49.86,0.926
2025-03-02 23:45:00,218.66,4.0527,886.14,1844.27,0.221534,50.06,0.972
2025-03-03 00:00:00,223.11,5.2374,1168.53,2000.41,0.292134,49.94,0.952
2025-03-03 00:15:00,223.80,5.3812,1204.35,2203.88,0.301086,49.88,0.853
2025-03-03 00:30:00,217.51,4.3599,948.34,1925.30,0.237084,50.07,0.874
2025-03-03 00:45:00,221.90,5.4101,1200.50,2606.25,0.300124,49.99,0.835
2025-03-03 01:00:00,221.28,4.5142,998.89,1921.76,0.249722,49.96,0.834
2025-03-03 01:15:00,227.53,4.2692,971.35,1600.29,0.242838,49.81,0.905
2025-03-03 01:30:00,221.43,3.4418,762.12,1437.82,0.190530,50.17,0.842
2025-03-03 01:45:00,223.30,4.1117,918.16,1736.08,0.229541,49.82,0.834
2025-03-03 02:00:00,222.19,2.5741,571.96,1061.13,0.142990,50.19,0.878
2025-03-03 02:15:00,226.38,2.0979,474.93,838.80,0.118732,49.88,0.923
2025-03-03 02:30:00,218.82,2.8504,623.73,1017.42,0.155931,49.93,0.883
2025-03-03 02:45:00,218.81,2.7812,608.54,1302.81,0.152136,49.87,0.845
2025-03-03 03:00:00,225.89,2.1374,482.82,1010.36,0.120706,49.98,0.944
2025-03-03 03:15:00,221.15,2.3500,519.69,760.27,0.129923,49.91,0.904
2025-03-03 03:30:00,220.71,2.2477,496.08,935.55,0.124021,50.06,0.883
2025-03-03 03:45:00,224.46,1.9420,435.90,757.19,0.108975,49.89,0.948
2025-03-03 04:00:00,222.23,2.3354,518.98,1081.22,0.129746,49.97,0.919
2025-03-03 04:15:00,223.16,2.2094,493.06,732.72,0.123265,49.82,0.844
2025-03-03 04:30:00,224.39,2.2230,498.82,945.28,0.124706,49.85,0.927
2025-03-03 04:45:00,226.68,2.4589,557.37,1161.95,0.139343,50.05,0.886
2025-03-03 05:00:00,220.03,3.4080,749.87,1141.00,0.187467,49.84,0.837
2025-03-03 05:15:00,224.64,2.7293,613.10,1259.12,0.153275,50.14,0.848
2025-03-03 05:30:00,218.00,2.9691,647.28,1318.18,0.161820,49.86,0.919
2025-03-03 05:45:00,219.81,3.2094,705.44,1482.64,0.176361,49.95,0.915
2025-03-03 06:00:00,221.86,2.6974,598.45,1187.44,0.149612,50.11,0.875
2025-03-03 06:15:00,224.72,2.4727,555.66,834.65,0.138916,50.13,0.897
2025-03-03 06:30:00,225.14,2.7304,614.73,1095.79,0.153682,49.99,0.888
2025-03-03 06:45:00,225.95,2.7181,614.16,1100.79,0.153540,50.00,0.878
2025-03-03 07:00:00,217.71,2.5165,547.86,885.64,0.136965,49.89,0.925
2025-03-03 07:15:00,227.32,1.8590,422.59,838.47,0.105647,49.89,0.902
2025-03-03 07:30:00,221.49,2.0086,444.88,850.06,0.111220,50.19,0.862
2025-03-03 07:45:00,223.59,2.0613,460.88,769.84,0.115219,50.10,0.847
2025-03-03 08:00:00,218.81,2.1458,469.52,971.22,0.117379,50.00,0.861
2025-03-03 08:15:00,221.27,2.5646,567.48,804.65,0.141870,50.14,0.891
2025-03-03 08:30:00,227.97,2.1941,500.19,1082.87,0.125048,49.83,0.962
2025-03-03 08:45:00,226.43,2.5049,567.18,1152.91,0.141795,49.89,0.928
2025-03-03 09:00:00,226.43,2.8926,654.97,1362.80,0.163742,49.88,0.847
2025-03-03 09:15:00,226.70,3.0521,691.90,1442.61,0.172974,50.01,0.840
2025-03-03 09:30:00,223.48,3.1811,710.91,1113.32,0.177727,50.02,0.893
2025-03-03 09:45:00,218.66,3.6297,793.67,1652.92,0.198417,49.89,0.883
2025-03-03 10:00:00,222.90,5.8127,1295.64,2836.46,0.323909,50.03,0.836
2025-03-03 10:15:00,226.69,3.9136,887.19,1326.04,0.221798,50.14,0.975
2025-03-03 10:30:00,224.88,3.9101,879.32,1638.50,0.219830,49.87,0.961
2025-03-03 10:45:00,218.85,4.5457,994.83,1531.16,0.248707,49.85,0.953
2025-03-03 11:00:00,218.09,5.1952,1133.04,2278.28,0.283260,50.07,0.821
2025-03-03 11:15:00,218.17,5.6071,1223.33,2180.63,0.305833,50.14,0.919
2025-03-03 11:30:00,222.13,5.8556,1300.72,2146.48,0.325181,50.10,0.836
2025-03-03 11:45:00,224.64,7.5144,1688.04,3591.82,0.422011,49.91,0.834
2025-03-03 12:00:00,222.38,9.5378,2120.98,3607.17,0.530245,50.08,0.905
2025-03-03 12:15:00,227.83,6.6191,1508.02,2939.41,0.377006,49.94,0.874
2025-03-03 12:30:00,223.88,5.3413,1195.79,2608.40,0.298948,49.99,0.909
2025-03-03 12:45:00,217.99,6.6593,1451.65,3075.10,0.362912,49.89,0.945
2025-03-03 13:00:00,221.42,5.8764,1301.11,2541.14,0.325279,50.05,0.946
2025-03-03 13:15:00,224.52,5.7017,1280.16,2272.51,0.320039,50.19,0.825
2025-03-03 13:30:00,226.38,6.2919,1424.37,2372.27,0.356092,49.99,0.911
2025-03-03 13:45:00,226.91,5.1901,1177.71,2025.54,0.294427,50.03,0.880
2025-03-03 14:00:00,220.32,4.9226,1084.55,2086.49,0.271137,50.11,0.828
2025-03-03 14:15:00,218.07,6.0822,1326.34,2910.03,0.331585,49.98,0.908
2025-03-03 14:30:00,218.44,5.5169,1205.13,2014.73,0.301283,49.87,0.946
2025-03-03 14:45:00,219.38,5.9742,1310.62,2800.38,0.327654,50.12,0.873
2025-03-03 15:00:00,220.46,3.7004,815.77,1194.09,0.203944,50.18,0.836
2025-03-03 15:15:00,227.99,4.5975,1048.16,1697.62,0.262040,50.05,0.826
2025-03-03 15:30:00,225.77,4.5717,1032.16,1687.30,0.258041,50.02,0.884
2025-03-03 15:45:00,222.14,3.9360,874.33,1354.11,0.218582,50.14,0.870
2025-03-03 16:00:00,219.73,2.7879,612.59,952.75,0.153147,49.81,0.965
2025-03-03 16:15:00,226.99,2.6213,595.03,1261.21,0.148757,49.80,0.949
2025-03-03 16:30:00,218.60,2.6725,584.21,910.99,0.146053,50.05,0.910
2025-03-03 16:45:00,225.57,2.7946,630.38,1080.52,0.157596,50.06,0.923
2025-03-03 17:00:00,222.27,1.9266,428.21,912.91,0.107052,50.06,0.838
2025-03-03 17:15:00,226.98,1.6857,382.62,813.55,0.095654,50.19,0.931
2025-03-03 17:30:00,220.13,1.5619,343.81,531.09,0.085951,50.08,0.902
2025-03-03 17:45:00,218.78,2.7079,592.45,1071.83,0.148112,50.10,0.965
2025-03-03 18:00:00,220.74,1.5462,341.30,538.69,0.085324,49.87,0.980
2025-03-03 18:15:00,225.20,1.6463,370.74,772.66,0.092685,50.09,0.931
2025-03-03 18:30:00,222.82,1.8003,401.14,598.73,0.100284,50.12,0.958
2025-03-03 18:45:00,217.95,1.7147,373.71,670.76,0.093429,49.92,0.894
2025-03-03 19:00:00,218.90,1.4389,314.98,467.52,0.078745,49.89,0.826
2025-03-03 19:15:00,218.79,1.4643,320.37,489.25,0.080092,49.91,0.911
2025-03-03 19:30:00,223.39,1.3554,302.77,478.86,0.075692,49.92,0.917
2025-03-03 19:45:00,219.34,2.5178,552.25,1162.33,0.138062,50.02,0.966
2025-03-03 20:00:00,226.82,1.5339,347.92,533.23,0.086980,50.13,0.880
2025-03-03 20:15:00,226.14,1.3878,313.83,574.92,0.078457,50.04,0.821
2025-03-03 20:30:00,221.57,1.3309,294.90,419.17,0.073724,50.19,0.825
2025-03-03 20:45:00,222.20,1.2753,283.37,549.22,0.070843,50.04,0.957
2025-03-03 21:00:00,223.33,1.3409,299.47,574.80,0.074867,49.99,0.925
2025-03-03 21:15:00,221.14,1.7607,389.37,775.28,0.097342,50.07,0.876
2025-03-03 21:30:00,218.65,2.4342,532.24,1145.77,0.133059,50.02,0.924
2025-03-03 21:45:00,217.69,1.5686,341.46,696.48,0.085366,49.82,0.823
2025-03-03 22:00:00,217.62,2.0819,453.08,860.78,0.113269,49.86,0.895
2025-03-03 22:15:00,222.93,1.7495,390.01,656.30,0.097503,50.01,0.865
2025-03-03 22:30:00,217.64,2.2853,497.37,1071.66,0.124343,49.84,0.972
2025-03-03 22:45:00,219.21,1.7350,380.33,833.40,0.095082,50.05,0.858
2025-03-03 23:00:00,221.10,3.8333,847.56,1209.82,0.211889,50.03,0.935
2025-03-03 23:15:00,220.94,3.7096,819.59,1581.56,0.204897,49.92,0.952
2025-03-03 23:30:00,224.30,3.9751,891.63,1706.71,0.222908,49.81,0.908
2025-03-03 23:45:00,226.22,4.0384,913.57,1973.29,0.228393,50.17,0.975
2025-03-04 00:00:00,221.05,4.5956,1015.87,1542.50,0.253966,50.18,0.857
2025-03-04 00:15:00,224.64,4.8438,1088.12,2210.41,0.272029,50.05,0.836
2025-03-04 00:30:00,227.32,4.2060,956.12,2018.06,0.239030,50.16,0.976
2025-03-04 00:45:00,225.54,5.4222,1222.93,2239.50,0.305732,50.17,0.903
2025-03-04 01:00:00,221.79,4.7046,1043.43,2138.31,0.260858,49.83,0.957
2025-03-04 01:15:00,227.40,3.6070,820.24,1395.76,0.205060,50.00,0.884
2025-03-04 01:30:00,223.40,4.1553,928.29,1789.87,0.232071,50.16,0.836
2025-03-04 01:45:00,225.09,7.1330,1605.58,3295.87,0.401395,49.96,0.961
2025-03-04 02:00:00,220.56,2.2918,505.47,884.32,0.126368,49.91,0.862
2025-03-04 02:15:00,221.57,2.2625,501.30,1076.55,0.125326,50.04,0.839
2025-03-04 02:30:00,226.12,2.1589,488.17,687.62,0.122043,49.94,0.839
2025-03-04 02:45:00,218.62,2.5551,558.59,819.50,0.139649,49.93,0.969
2025-03-04 03:00:00,221.58,2.4940,552.62,1124.51,0.138155,50.00,0.927
2025-03-04 03:15:00,222.29,2.3242,516.66,997.33,0.129165,49.85,0.916
2025-03-04 03:30:00,227.48,1.8913,430.24,705.39,0.107560,50.07,0.849
2025-03-04 03:45:00,221.48,2.1325,472.30,686.03,0.118075,50.01,0.831
2025-03-04 04:00:00,224.00,2.5938,581.03,830.00,0.145256,50.16,0.851
2025-03-04 04:15:00,226.47,2.6305,595.73,1204.42,0.148931,49.89,0.924
2025-03-04 04:30:00,225.54,2.6661,601.30,1261.99,0.150326,50.06,0.953
2025-03-04 04:45:00,218.72,2.5956,567.71,989.19,0.141927,50.11,0.886
2025-03-04 05:00:00,225.93,2.8410,641.88,1364.40,0.160471,50.15,0.942
2025-03-04 05:15:00,217.58,3.3526,729.47,1523.55,0.182367,50.01,0.845
2025-03-04 05:30:00,217.95,4.5003,980.86,1828.72,0.245215,50.03,0.931
2025-03-04 05:45:00,219.12,2.5772,564.69,945.44,0.141174,49.93,0.941
2025-03-04 06:00:00,217.73,3.1815,692.71,1008.40,0.173176,49.89,0.839
2025-03-04 06:15:00,220.44,3.0363,669.34,1142.68,0.167335,49.99,0.884
2025-03-04 06:30:00,218.48,2.5199,550.53,968.73,0.137633,49.96,0.965
2025-03-04 06:45:00,218.79,2.5160,550.48,1119.34,0.137621,50.01,0.865
2025-03-04 07:00:00,217.93,2.1221,462.45,883.66,0.115613,49.98,0.959
2025-03-04 07:15:00,225.69,2.8150,635.33,1733.42,0.158833,49.92,0.890
2025-03-04 07:30:00,222.56,3.4827,775.11,1348.81,0.193778,49.98,0.847
2025-03-04 07:45:00,221.82,2.3497,521.21,960.23,0.130302,49.83,0.872
2025-03-04 08:00:00,219.56,2.4863,545.90,1143.66,0.136475,50.16,0.887
2025-03-04 08:15:00,217.84,2.4068,524.29,1104.23,0.131073,50.19,0.842
2025-03-04 08:30:00,223.88,2.1532,482.05,924.38,0.120511,49.91,0.872
2025-03-04 08:45:00,221.46,2.5314,560.61,958.80,0.140152,49.86,0.843
2025-03-04 09:00:00,226.45,3.5437,802.45,1392.04,0.200614,49.81,0.908
2025-03-04 09:15:00,218.81,3.1329,685.51,1210.38,0.171376,49.89,0.838
2025-03-04 09:30:00,225.24,2.8072,632.30,1291.08,0.158074,49.99,0.954
2025-03-04 09:45:00,226.17,3.5969,813.53,1149.85,0.203382,49.83,0.848
2025-03-04 10:00:00,218.24,4.2080,918.34,1513.11,0.229585,49.95,0.825
2025-03-04 10:15:00,224.79,4.3980,988.63,1772.43,0.247158,49.90,0.925
2025-03-04 10:30:00,220.98,4.3543,962.21,1745.18,0.240551,50.07,0.973
2025-03-04 10:45:00,221.51,4.0708,901.74,1308.16,0.225436,50.04,0.888
2025-03-04 11:00:00,220.77,4.9932,1102.35,2045.11,0.275587,49.89,0.869
2025-03-04 11:15:00,222.75,5.6834,1265.95,2379.53,0.316487,49.94,0.950
2025-03-04 11:30:00,223.42,4.8491,1083.37,1937.97,0.270842,50.00,0.909
2025-03-04 11:45:00,226.35,4.7922,1084.71,2248.16,0.271177,50.04,0.908
2025-03-04 12:00:00,225.70,6.2392,1408.19,1993.71,0.352046,50.15,0.913
2025-03-04 12:15:00,223.52,5.1724,1156.10,2290.74,0.289026,50.15,0.859
2025-03-04 12:30:00,222.36,5.6133,1248.18,1782.21,0.312045,49.93,0.913
2025-03-04 12:45:00,221.34,10.4471,2312.37,5457.95,0.578093,49.86,0.925
2025-03-04 13:00:00,219.17,8.8554,1940.87,3948.35,0.485217,50.16,0.905
2025-03-04 13:15:00,224.32,5.1428,1153.63,2264.08,0.288409,49.86,0.878
2025-03-04 13:30:00,220.05,5.4777,1205.40,1961.71,0.301351,49.99,0.864
2025-03-04 13:45:00,226.09,5.5869,1263.17,2569.15,0.315794,49.80,0.906
2025-03-04 14:00:00,226.45,5.2599,1191.12,2607.93,0.297780,49.82,0.932
2025-03-04 14:15:00,220.85,5.1581,1139.19,2358.40,0.284796,49.95,0.927
2025-03-04 14:30:00,227.69,4.7071,1071.75,1756.57,0.267938,50.18,0.927
2025-03-04 14:45:00,219.74,5.6729,1246.56,1766.18,0.311640,49.95,0.969
2025-03-04 15:00:00,218.23,4.0777,889.89,1695.31,0.222472,49.99,0.829
2025-03-04 15:15:00,227.28,6.8337,1553.19,2792.47,0.388297,49.97,0.900
2025-03-04 15:30:00,217.93,5.4009,1177.04,2263.73,0.294261,50.07,0.932
2025-03-04 15:45:00,223.16,4.3073,961.24,1673.03,0.240311,50.06,0.873
2025-03-04 16:00:00,219.07,3.1704,694.55,1499.47,0.173636,49.85,0.824
2025-03-04 16:15:00,224.94,2.3685,532.77,843.80,0.133191,50.03,0.929
2025-03-04 16:30:00,222.37,2.7339,607.94,1098.89,0.151985,50.18,0.969
2025-03-04 16:45:00,225.54,2.4240,546.71,1146.53,0.136678,49.96,0.929
2025-03-04 17:00:00,223.96,1.9369,433.79,850.39,0.108447,49.81,0.820
2025-03-04 17:15:00,219.15,1.6403,359.46,757.18,0.089865,49.86,0.968
2025-03-04 17:30:00,224.44,1.8496,415.13,818.45,0.103782,50.15,0.945
2025-03-04 17:45:00,226.41,1.4643,331.53,685.26,0.082883,50.17,0.862
2025-03-04 18:00:00,218.68,1.6461,359.97,777.29,0.089992,49.95,0.865
2025-03-04 18:15:00,226.24,1.5412,348.69,616.08,0.087173,50.04,0.946
2025-03-04 18:30:00,219.77,1.7714,389.30,737.73,0.097326,49.94,0.913
2025-03-04 18:45:00,220.44,1.6669,367.45,660.57,0.091863,50.02,0.853
2025-03-04 19:00:00,223.91,1.6144,361.48,750.55,0.090370,49.95,0.969
2025-03-04 19:15:00,223.64,1.3217,295.57,437.00,0.073893,49.92,0.855
2025-03-04 19:30:00,224.73,1.6841,378.46,595.76,0.094615,50.04,0.854
2025-03-04 19:45:00,225.69,1.6162,364.75,773.78,0.091187,50.05,0.952
2025-03-04 20:00:00,224.14,2.2574,505.97,817.50,0.126493,50.11,0.845
2025-03-04 20:15:00,223.43,1.6906,377.72,546.99,0.094431,50.15,0.951
2025-03-04 20:30:00,227.48,1.5496,352.50,687.33,0.088124,49.88,0.898
2025-03-04 20:45:00,219.00,1.4317,313.54,537.49,0.078386,49.82,0.906
2025-03-04 21:00:00,224.90,1.6632,374.06,705.15,0.093515,49.86,0.845
2025-03-04 21:15:00,217.63,2.2111,481.18,1020.64,0.120295,50.20,0.862
2025-03-04 21:30:00,227.51,1.5585,354.56,540.91,0.088641,50.10,0.882
2025-03-04 21:45:00,220.00,1.3910,306.03,601.03,0.076508,50.16,0.886
2025-03-04 22:00:00,217.98,1.8926,412.55,895.02,0.103138,49.96,0.833
2025-03-04 22:15:00,222.14,2.0686,459.51,740.02,0.114877,49.83,0.918
2025-03-04 22:30:00,221.95,2.2461,498.51,1011.05,0.124628,50.11,0.978
2025-03-04 22:45:00,222.19,1.9704,437.82,867.52,0.109455,50.04,0.938
2025-03-04 23:00:00,225.66,4.6698,1053.79,1775.05,0.263448,50.02,0.935
2025-03-04 23:15:00,221.76,4.5680,1013.00,1977.28,0.253249,49.81,0.832
2025-03-04 23:30:00,227.31,4.6491,1056.78,2059.01,0.264195,49.85,0.958
2025-03-04 23:45:00,218.46,4.5245,988.42,1811.42,0.247104,49.95,0.920
2025-03-05 00:00:00,219.59,4.7450,1041.96,1830.53,0.260491,50.13,0.951
2025-03-05 00:15:00,220.20,4.2924,945.19,1761.90,0.236297,50.02,0.898
2025-03-05 00:30:00,219.86,5.5401,1218.04,2415.37,0.304511,50.11,0.905
2025-03-05 00:45:00,225.75,4.1647,940.18,1587.78,0.235044,49.90,0.881
2025-03-05 01:00:00,220.15,3.7335,821.93,1597.93,0.205483,50.14,0.902
2025-03-05 01:15:00,224.00,3.4858,780.81,1632.41,0.195203,50.15,0.946
2025-03-05 01:30:00,226.41,3.7149,841.09,1676.91,0.210273,50.04,0.894
2025-03-05 01:45:00,224.87,3.7440,841.92,1420.79,0.210481,50.16,0.839
2025-03-05 02:00:00,222.62,2.3076,513.71,917.99,0.128428,50.15,0.882
2025-03-05 02:15:00,221.88,2.4280,538.73,789.70,0.134683,49.86,0.821
2025-03-05 02:30:00,223.70,2.6067,583.11,936.43,0.145778,50.06,0.829
2025-03-05 02:45:00,220.23,2.6788,589.95,851.65,0.147487,50.10,0.918
2025-03-05 03:00:00,226.82,2.2885,519.08,795.50,0.129770,50.04,0.842
2025-03-05 03:15:00,225.06,1.9232,432.85,844.15,0.108212,49.92,0.898
2025-03-05 03:30:00,219.60,2.0882,458.55,668.03,0.114639,50.09,0.890
2025-03-05 03:45:00,224.03,2.1908,490.81,691.99,0.122701,49.92,0.895
2025-03-05 04:00:00,217.62,2.7719,603.21,1150.77,0.150803,50.10,0.980
2025-03-05 04:15:00,221.63,2.5703,569.64,1091.84,0.142409,50.02,0.901
2025-03-05 04:30:00,222.07,2.7947,620.63,1175.52,0.155158,49.80,0.826
2025-03-05 04:45:00,217.54,2.7564,599.64,1252.30,0.149910,49.91,0.918
2025-03-05 05:00:00,222.11,2.9598,657.40,1408.87,0.164351,49.89,0.976
2025-03-05 05:15:00,223.42,2.7159,606.81,1023.46,0.151702,50.05,0.840
2025-03-05 05:30:00,221.95,3.1955,709.25,1081.06,0.177312,50.05,0.979
2025-03-05 05:45:00,225.89,2.6591,600.68,1135.96,0.150171,49.83,0.833
2025-03-05 06:00:00,223.18,2.3406,522.37,964.16,0.130593,50.12,0.968
2025-03-05 06:15:00,227.02,2.6924,611.24,1292.98,0.152809,49.87,0.885
2025-03-05 06:30:00,220.94,2.7163,600.14,1206.91,0.150035,49.98,0.881
2025-03-05 06:45:00,222.90,2.4494,545.97,901.37,0.136492,49.86,0.840
2025-03-05 07:00:00,221.92,3.9823,883.73,1741.93,0.220932,50.17,0.906
2025-03-05 07:15:00,227.23,2.3801,540.82,1072.44,0.135204,49.91,0.845
2025-03-05 07:30:00,219.77,2.3501,516.49,859.41,0.129124,50.06,0.977
2025-03-05 07:45:00,224.28,2.1430,480.64,870.79,0.120160,49.86,0.971
2025-03-05 08:00:00,222.03,2.5633,569.14,1230.33,0.142285,49.99,0.922
2025-03-05 08:15:00,223.94,2.8066,628.51,1320.65,0.157128,49.97,0.867
2025-03-05 08:30:00,220.97,2.3905,528.22,1131.06,0.132056,50.15,0.959
2025-03-05 08:45:00,226.97,2.4433,554.57,1037.67,0.138642,50.08,0.905
2025-03-05 09:00:00,226.23,3.1487,712.33,1104.71,0.178082,49.98,0.945
2025-03-05 09:15:00,226.59,2.9970,679.08,1197.04,0.169769,49.90,0.955
2025-03-05 09:30:00,228.00,3.1335,714.44,1306.70,0.178611,49.81,0.829
2025-03-05 09:45:00,223.54,3.1917,713.47,1180.87,0.178368,49.87,0.895
2025-03-05 10:00:00,224.88,4.5182,1016.04,1964.16,0.254011,49.92,0.868
2025-03-05 10:15:00,217.63,4.0985,891.95,1497.09,0.222987,50.11,0.884
2025-03-05 10:30:00,221.95,4.2256,937.85,1627.22,0.234464,49.86,0.873
2025-03-05 10:45:00,218.74,4.0609,888.29,1432.92,0.222072,50.01,0.850
2025-03-05 11:00:00,222.34,5.4015,1200.95,1765.20,0.300238,49.91,0.821
2025-03-05 11:15:00,218.32,5.6458,1232.60,2293.86,0.308150,50.13,0.908
2025-03-05 11:30:00,227.99,5.2190,1189.89,2530.46,0.297471,50.15,0.881
2025-03-05 11:45:00,221.99,5.8126,1290.35,2809.05,0.322587,50.05,0.933
2025-03-05 12:00:00,225.80,6.5527,1479.58,2172.13,0.369894,50.04,0.880
2025-03-05 12:15:00,226.52,5.9536,1348.63,2357.84,0.337158,50.18,0.943
2025-03-05 12:30:00,221.88,6.6406,1473.40,3191.56,0.368350,50.05,0.870
2025-03-05 12:45:00,226.17,5.3971,1220.66,2452.38,0.305164,49.84,0.923
2025-03-05 13:00:00,221.62,5.9216,1312.36,2023.53,0.328090,49.86,0.963
2025-03-05 13:15:00,220.74,5.0305,1110.44,1973.30,0.277610,50.00,0.834
2025-03-05 13:30:00,223.39,5.6073,1252.65,2751.98,0.313162,49.91,0.898
2025-03-05 13:45:00,221.22,6.0928,1347.87,2292.81,0.336968,49.87,0.833
2025-03-05 14:00:00,223.25,5.8144,1298.05,1847.35,0.324513,50.14,0.956
2025-03-05 14:15:00,220.03,6.0129,1323.03,2124.62,0.330758,50.09,0.912
2025-03-05 14:30:00,219.92,5.7566,1265.96,1873.08,0.316489,50.02,0.923
2025-03-05 14:45:00,221.54,5.2364,1160.08,1997.80,0.290020,50.02,0.854
2025-03-05 15:00:00,221.03,6.0848,1344.92,2105.09,0.336230,50.14,0.978
2025-03-05 15:15:00,224.80,3.7002,831.81,1393.68,0.207952,50.06,0.896
2025-03-05 15:30:00,221.30,4.0442,894.99,1727.06,0.223749,49.98,0.904
2025-03-05 15:45:00,226.03,4.5026,1017.73,1860.18,0.254433,50.08,0.848
2025-03-05 16:00:00,224.22,2.7973,627.22,1162.64,0.156804,50.14,0.960
2025-03-05 16:15:00,221.45,2.6068,577.29,1042.09,0.144321,50.01,0.859
2025-03-05 16:30:00,226.17,2.8873,653.03,1374.14,0.163258,50.15,0.911
2025-03-05 16:45:00,222.71,2.5757,573.63,1217.51,0.143408,49.89,0.865
2025-03-05 17:00:00,226.84,1.6546,375.33,614.75,0.093833,49.97,0.881
2025-03-05 17:15:00,227.83,1.6033,365.27,644.08,0.091318,50.19,0.911
2025-03-05 17:30:00,226.85,1.5358,348.38,723.27,0.087095,50.04,0.887
2025-03-05 17:45:00,226.29,1.6687,377.61,714.04,0.094403,49.88,0.899
2025-03-05 18:00:00,219.91,2.3781,522.97,1176.59,0.130741,49.84,0.933
2025-03-05 18:15:00,218.12,1.4240,310.61,448.60,0.077652,50.16,0.887
2025-03-05 18:30:00,224.18,1.6929,379.52,675.80,0.094880,49.84,0.928
2025-03-05 18:45:00,217.95,2.2222,484.34,939.68,0.121085,50.11,0.852
2025-03-05 19:00:00,226.17,1.6220,366.85,590.12,0.091711,50.06,0.958
2025-03-05 19:15:00,219.17,1.5600,341.89,618.38,0.085473,49.96,0.863
2025-03-05 19:30:00,218.97,1.4680,321.45,456.44,0.080361,50.02,0.941
2025-03-05 19:45:00,218.40,1.5295,334.05,652.42,0.083512,49.94,0.847
2025-03-05 20:00:00,217.71,1.3650,297.17,434.81,0.074291,50.00,0.944
2025-03-05 20:15:00,226.75,1.3334,302.35,651.62,0.075587,49.88,0.939
2025-03-05 20:30:00,223.89,1.4944,334.58,708.23,0.083646,49.90,0.886
2025-03-05 20:45:00,222.89,1.5428,343.87,643.87,0.085967,50.11,0.889
2025-03-05 21:00:00,217.55,1.7031,370.50,673.22,0.092625,50.09,0.895
2025-03-05 21:15:00,218.49,1.5816,345.56,750.87,0.086390,50.14,0.896
2025-03-05 21:30:00,217.53,1.6392,356.59,559.22,0.089147,49.84,0.941
2025-03-05 21:45:00,221.23,2.4082,532.75,1043.46,0.133189,50.18,0.970
2025-03-05 22:00:00,227.02,1.7506,397.40,625.26,0.099351,50.16,0.890
2025-03-05 22:15:00,225.61,1.8308,413.05,643.76,0.103262,50.15,0.902
2025-03-05 22:30:00,227.18,2.0264,460.36,896.46,0.115090,49.85,0.859
2025-03-05 22:45:00,225.17,1.6628,374.41,530.48,0.093603,49.94,0.865
2025-03-05 23:00:00,218.98,4.5044,986.39,1639.63,0.246596,49.82,0.895
2025-03-05 23:15:00,224.43,4.3763,982.16,1784.79,0.245541,50.10,0.927
2025-03-05 23:30:00,225.95,7.3924,1670.33,3898.78,0.417581,50.03,0.900
2025-03-05 23:45:00,217.60,4.6427,1010.24,1933.14,0.252561,49.96,0.831
2025-03-06 00:00:00,224.68,5.4614,1227.10,2660.94,0.306774,49.94,0.845
2025-03-06 00:15:00,222.14,4.7163,1047.68,1559.19,0.261920,49.95,0.879
2025-03-06 00:30:00,221.51,4.7342,1048.67,2117.01,0.262166,49.88,0.874
2025-03-06 00:45:00,226.04,5.2120,1178.09,2245.26,0.294523,50.05,0.879
2025-03-06 01:00:00,224.11,7.2186,1617.74,2545.52,0.404436,49.86,0.922
2025-03-06 01:15:00,224.07,4.0276,902.48,1884.14,0.225620,49.99,0.891
2025-03-06 01:30:00,219.80,4.0337,886.59,1753.70,0.221648,50.14,0.850
2025-03-06 01:45:00,225.89,3.3432,755.19,1136.44,0.188798,50.03,0.906
2025-03-06 02:00:00,221.05,2.4132,533.44,1104.80,0.133359,50.13,0.847
2025-03-06 02:15:00,218.26,2.1431,467.75,801.98,0.116937,50.04,0.962
2025-03-06 02:30:00,224.08,2.5689,575.64,1076.78,0.143910,50.08,0.903
2025-03-06 02:45:00,222.36,3.8899,864.95,1757.40,0.216238,49.92,0.939
2025-03-06 03:00:00,220.44,2.5251,556.62,1162.42,0.139154,49.83,0.974
2025-03-06 03:15:00,227.44,2.4402,555.00,1134.97,0.138751,49.92,0.883
2025-03-06 03:30:00,224.91,3.2035,720.49,1387.55,0.180121,50.17,0.903
2025-03-06 03:45:00,223.11,2.5347,565.51,904.67,0.141376,50.06,0.825
2025-03-06 04:00:00,225.30,2.6697,601.48,1160.33,0.150370,49.82,0.911
2025-03-06 04:15:00,219.03,2.3954,524.67,758.08,0.131167,49.94,0.883
2025-03-06 04:30:00,225.40,2.2757,512.95,740.10,0.128238,49.99,0.924
2025-03-06 04:45:00,226.74,2.4648,558.86,819.91,0.139714,49.82,0.956
2025-03-06 05:00:00,225.82,3.1823,718.64,1571.51,0.179660,49.87,0.826
2025-03-06 05:15:00,225.20,2.9814,671.40,975.15,0.167851,49.92,0.853
2025-03-06 05:30:00,224.22,3.3686,755.31,1602.22,0.188828,50.14,0.928
2025-03-06 05:45:00,220.68,2.9011,640.21,1243.30,0.160053,50.18,0.852
2025-03-06 06:00:00,222.58,2.3485,522.74,738.96,0.130684,49.88,0.891
2025-03-06 06:15:00,222.50,2.8590,636.12,1351.39,0.159030,49.86,0.884
2025-03-06 06:30:00,227.56,2.7441,624.44,1178.13,0.156110,50.16,0.840
2025-03-06 06:45:00,224.62,2.5003,561.60,1045.85,0.140401,50.16,0.878
2025-03-06 07:00:00,225.41,1.9845,447.33,658.02,0.111832,50.12,0.897
2025-03-06 07:15:00,217.79,2.1436,466.87,673.08,0.116717,49.82,0.939
2025-03-06 07:30:00,220.50,2.5425,560.64,1204.57,0.140159,49.91,0.893
2025-03-06 07:45:00,217.70,2.3050,501.80,819.12,0.125451,50.00,0.883
2025-03-06 08:00:00,219.19,2.5514,559.26,1160.74,0.139815,49.92,0.906
2025-03-06 08:15:00,224.10,3.7828,847.74,2099.95,0.211934,49.83,0.934
2025-03-06 08:30:00,224.46,2.1392,480.16,831.44,0.120040,50.05,0.854
2025-03-06 08:45:00,219.96,2.4880,547.26,1025.91,0.136816,49.92,0.872
2025-03-06 09:00:00,220.14,3.0890,680.03,1368.77,0.170008,49.91,0.881
2025-03-06 09:15:00,226.30,3.0181,682.99,1146.03,0.170746,50.18,0.952
2025-03-06 09:30:00,220.28,2.9663,653.42,1109.38,0.163356,49.89,0.883
2025-03-06 09:45:00,221.24,5.3310,1179.40,2279.46,0.294850,50.03,0.949
2025-03-06 10:00:00,226.13,4.6689,1055.77,1784.42,0.263942,50.10,0.892
2025-03-06 10:15:00,222.64,4.6509,1035.45,1618.12,0.258863,49.97,0.863
2025-03-06 10:30:00,218.21,4.7226,1030.49,1893.55,0.257623,49.94,0.913
2025-03-06 10:45:00,219.72,6.1646,1354.47,2594.43,0.338618,49.85,0.961
2025-03-06 11:00:00,217.78,9.4999,2068.90,4385.01,0.517225,49.83,0.963
2025-03-06 11:15:00,219.00,5.9887,1311.54,2829.51,0.327886,49.81,0.829
2025-03-06 11:30:00,225.04,5.0270,1131.25,1690.42,0.282812,49.82,0.949
2025-03-06 11:45:00,223.41,5.1177,1143.37,2412.16,0.285842,49.82,0.924
2025-03-06 12:00:00,220.96,6.8553,1514.74,2801.28,0.378685,49.84,0.833
2025-03-06 12:15:00,227.22,5.8997,1340.50,2361.97,0.335125,49.98,0.971
2025-03-06 12:30:00,221.04,5.9415,1313.29,2398.23,0.328324,49.87,0.927
2025-03-06 12:45:00,225.14,5.5694,1253.86,2622.62,0.313465,49.98,0.936
2025-03-06 13:00:00,227.09,5.5071,1250.62,2698.75,0.312656,50.00,0.855
2025-03-06 13:15:00,219.63,5.9356,1303.62,2150.23,0.325906,49.80,0.831
2025-03-06 13:30:00,221.61,5.8367,1293.45,2731.10,0.323362,49.87,0.970
2025-03-06 13:45:00,221.06,4.8777,1078.25,1700.75,0.269563,49.95,0.908
2025-03-06 14:00:00,219.96,5.5972,1231.14,1975.78,0.307785,49.85,0.838
2025-03-06 14:15:00,221.07,6.6174,1462.90,3639.35,0.365726,50.06,0.933
2025-03-06 14:30:00,218.73,5.2216,1142.12,1607.23,0.285530,50.07,0.954
2025-03-06 14:45:00,220.13,5.5234,1215.85,2131.35,0.303964,50.14,0.865
2025-03-06 15:00:00,218.21,3.9385,859.43,1262.47,0.214857,49.81,0.974
2025-03-06 15:15:00,226.50,4.4608,1010.35,1470.62,0.252588,50.06,0.862
2025-03-06 15:30:00,221.72,4.7524,1053.72,1523.31,0.263429,49.84,0.970
2025-03-06 15:45:00,220.52,4.0399,890.87,1879.27,0.222718,50.18,0.853
2025-03-06 16:00:00,218.40,2.6073,569.44,843.62,0.142360,49.86,0.836
2025-03-06 16:15:00,221.19,3.1078,687.41,1322.63,0.171852,49.84,0.849
2025-03-06 16:30:00,222.76,4.2536,947.55,2036.95,0.236888,49.87,0.881
2025-03-06 16:45:00,224.00,2.9548,661.87,932.17,0.165468,50.07,0.830
2025-03-06 17:00:00,222.98,1.4895,332.14,549.45,0.083035,50.14,0.871
2025-03-06 17:15:00,221.43,1.6846,373.02,650.21,0.093256,50.07,0.873
2025-03-06 17:30:00,221.76,1.7571,389.64,612.59,0.097411,49.96,0.954
2025-03-06 17:45:00,226.35,1.6378,370.73,541.81,0.092683,49.83,0.822
2025-03-06 18:00:00,225.82,1.6427,370.95,777.62,0.092738,49.99,0.903
2025-03-06 18:15:00,220.30,1.3883,305.85,583.18,0.076462,50.08,0.967
2025-03-06 18:30:00,222.24,1.6022,356.07,574.32,0.089019,50.01,0.830
2025-03-06 18:45:00,223.46,1.5876,354.76,685.46,0.088691,50.12,0.855
2025-03-06 19:00:00,224.69,1.3121,294.82,628.18,0.073706,50.09,0.967
2025-03-06 19:15:00,221.01,1.4995,331.40,548.25,0.082851,49.89,0.827
2025-03-06 19:30:00,219.22,1.5908,348.74,539.38,0.087184,49.81,0.932
2025-03-06 19:45:00,225.95,1.3691,309.36,558.21,0.077339,49.83,0.961
2025-03-06 20:00:00,219.18,1.7185,376.65,557.13,0.094162,50.12,0.944
2025-03-06 20:15:00,227.70,1.2637,287.73,478.93,0.071932,50.02,0.870
2025-03-06 20:30:00,221.88,1.4267,316.55,555.40,0.079137,49.94,0.913
2025-03-06 20:45:00,219.09,1.7206,376.97,745.06,0.094242,49.93,0.938
2025-03-06 21:00:00,219.03,1.7784,389.53,636.91,0.097382,50.00,0.924
2025-03-06 21:15:00,219.51,2.7250,598.18,1136.20,0.149545,50.18,0.875
2025-03-06 21:30:00,220.50,1.6655,367.23,769.91,0.091808,49.82,0.897
2025-03-06 21:45:00,221.62,1.6462,364.82,616.88,0.091206,50.00,0.920
2025-03-06 22:00:00,221.83,1.8883,418.87,628.42,0.104717,50.17,0.822
2025-03-06 22:15:00,222.36,3.3913,754.10,1566.55,0.188524,50.09,0.854
2025-03-06 22:30:00,222.42,2.2644,503.65,737.52,0.125912,50.02,0.860
2025-03-06 22:45:00,223.22,3.4104,761.26,1591.23,0.190316,49.80,0.911
2025-03-06 23:00:00,224.59,4.2641,957.67,1648.09,0.239417,50.01,0.960
2025-03-06 23:15:00,219.97,4.0787,897.20,1549.06,0.224299,50.19,0.845
2025-03-06 23:30:00,226.59,4.6318,1049.53,1606.06,0.262383,50.11,0.970
2025-03-06 23:45:00,217.77,3.7071,807.30,1744.94,0.201826,50.19,0.965
2025-03-07 00:00:00,220.59,5.1512,1136.29,2149.28,0.284074,49.98,0.929
2025-03-07 00:15:00,224.66,5.3321,1197.89,2545.80,0.299471,49.97,0.844
2025-03-07 00:30:00,219.84,6.4607,1420.30,3468.03,0.355074,50.17,0.865
2025-03-07 00:45:00,224.84,8.2890,1863.65,3894.96,0.465914,50.00,0.826
2025-03-07 01:00:00,219.46,4.6032,1010.20,1598.77,0.252550,50.07,0.973
2025-03-07 01:15:00,219.31,7.9837,1750.94,2186.74,0.437735,50.16,0.908
2025-03-07 01:30:00,223.25,3.6308,810.59,1574.53,0.202649,49.89,0.923
2025-03-07 01:45:00,220.43,4.0667,896.43,1521.43,0.224108,50.08,0.886
2025-03-07 02:00:00,223.91,2.6104,584.50,1136.36,0.146124,50.06,0.868
2025-03-07 02:15:00,221.89,2.6238,582.18,1172.28,0.145545,49.96,0.980
2025-03-07 02:30:00,218.03,2.2607,492.91,763.15,0.123226,50.02,0.839
2025-03-07 02:45:00,221.19,3.4416,761.24,1945.65,0.190310,50.12,0.826
2025-03-07 03:00:00,221.09,2.1178,468.23,901.73,0.117056,49.88,0.852
2025-03-07 03:15:00,226.45,2.3153,524.31,773.63,0.131076,50.13,0.968
2025-03-07 03:30:00,221.48,2.1098,467.28,901.84,0.116821,49.94,0.942
2025-03-07 03:45:00,225.68,2.4291,548.21,982.65,0.137052,50.17,0.892
2025-03-07 04:00:00,221.37,2.6203,580.05,1133.10,0.145012,50.03,0.863
2025-03-07 04:15:00,221.24,4.4747,989.99,1659.85,0.247498,49.96,0.914
2025-03-07 04:30:00,220.56,4.3827,966.65,1433.96,0.241664,49.88,0.862
2025-03-07 04:45:00,226.20,2.4413,552.23,906.32,0.138056,50.08,0.893
2025-03-07 05:00:00,226.21,2.8446,643.47,1202.13,0.160867,49.84,0.978
2025-03-07 05:15:00,223.43,3.1942,713.70,1451.01,0.178424,50.10,0.924
2025-03-07 05:30:00,227.13,2.7925,634.25,1106.70,0.158563,49.99,0.857
2025-03-07 05:45:00,222.21,2.7842,618.67,912.44,0.154666,49.97,0.976
2025-03-07 06:00:00,226.64,2.5685,582.14,929.00,0.145534,50.05,0.880
2025-03-07 06:15:00,225.80,2.9487,665.81,1080.90,0.166453,49.93,0.958
2025-03-07 06:30:00,225.64,2.4739,558.22,1189.89,0.139554,50.02,0.953
2025-03-07 06:45:00,225.48,2.3410,527.85,1049.77,0.131962,50.18,0.871
2025-03-07 07:00:00,221.70,2.3481,520.59,989.71,0.130148,50.09,0.909
2025-03-07 07:15:00,223.93,2.2506,503.99,1013.18,0.125997,49.93,0.856
2025-03-07 07:30:00,226.49,2.1961,497.38,756.91,0.124345,49.86,0.907
2025-03-07 07:45:00,219.32,2.1451,470.47,699.77,0.117618,49.95,0.973
2025-03-07 08:00:00,221.16,2.6289,581.41,1268.69,0.145351,50.17,0.965
2025-03-07 08:15:00,218.31,2.7056,590.64,1093.27,0.147660,50.09,0.870
2025-03-07 08:30:00,224.25,2.7487,616.38,1112.25,0.154096,50.09,0.932
2025-03-07 08:45:00,222.57,2.2889,509.44,1102.79,0.127361,49.87,0.946
2025-03-07 09:00:00,218.49,3.3798,738.45,1518.09,0.184611,49.88,0.908
2025-03-07 09:15:00,220.23,3.0266,666.55,1027.55,0.166637,50.11,0.908
2025-03-07 09:30:00,221.20,3.6068,797.83,1590.11,0.199457,49.96,0.936
2025-03-07 09:45:00,226.62,3.0227,685.00,1003.83,0.171249,49.95,0.949
2025-03-07 10:00:00,218.63,4.0144,877.67,1344.28,0.219417,49.99,0.864
2025-03-07 10:15:00,221.99,4.1533,921.98,1570.23,0.230494,49.89,0.866
2025-03-07 10:30:00,222.50,4.7386,1054.35,2239.31,0.263587,49.83,0.860
2025-03-07 10:45:00,224.88,4.6886,1054.39,2209.91,0.263598,50.18,0.835
2025-03-07 11:00:00,226.92,4.6365,1052.11,1930.64,0.263028,50.16,0.867
2025-03-07 11:15:00,227.98,5.5731,1270.57,2436.13,0.317643,50.11,0.849
2025-03-07 11:30:00,224.19,5.0901,1141.16,1602.92,0.285291,50.06,0.980
2025-03-07 11:45:00,219.39,5.5514,1217.89,1808.39,0.304473,49.80,0.836
2025-03-07 12:00:00,220.39,6.7895,1496.32,3113.11,0.374079,49.91,0.951
2025-03-07 12:15:00,220.94,5.6439,1246.93,2634.52,0.311734,49.89,0.966
2025-03-07 12:30:00,225.50,5.1770,1167.43,2116.27,0.291857,49.85,0.903
2025-03-07 12:45:00,225.30,5.3719,1210.26,1808.75,0.302566,49.96,0.864
2025-03-07 13:00:00,227.30,5.4881,1247.41,2738.72,0.311852,50.02,0.883
2025-03-07 13:15:00,220.58,5.1791,1142.40,2057.05,0.285600,49.86,0.851
2025-03-07 13:30:00,223.40,6.1534,1374.63,2672.20,0.343658,50.19,0.932
2025-03-07 13:45:00,221.05,6.2410,1379.55,2181.75,0.344887,50.17,0.972
2025-03-07 14:00:00,220.98,5.7062,1260.96,2135.59,0.315241,49.97,0.840
2025-03-07 14:15:00,224.91,4.9762,1119.19,2194.36,0.279797,49.91,0.835
2025-03-07 14:30:00,220.93,5.9195,1307.81,2498.53,0.326954,49.95,0.842
2025-03-07 14:45:00,222.47,5.6821,1264.10,2285.18,0.316025,49.89,0.919
2025-03-07 15:00:00,226.96,3.5920,815.23,1221.18,0.203807,50.15,0.923
2025-03-07 15:15:00,222.96,4.1263,920.01,1451.06,0.230003,49.85,0.928
2025-03-07 15:30:00,217.88,4.5262,986.18,1666.40,0.246545,50.07,0.860
2025-03-07 15:45:00,218.47,4.4080,963.03,2023.78,0.240758,49.82,0.890
2025-03-07 16:00:00,223.31,2.6313,587.61,948.88,0.146903,50.15,0.972
2025-03-07 16:15:00,226.63,2.9330,664.72,1080.22,0.166180,49.99,0.971
2025-03-07 16:30:00,225.65,2.3937,540.14,930.52,0.135035,50.15,0.865
2025-03-07 16:45:00,220.21,2.3392,515.13,910.78,0.128783,49.85,0.836
2025-03-07 17:00:00,222.88,1.7246,384.38,713.73,0.096094,49.88,0.821
2025-03-07 17:15:00,226.99,1.6955,384.86,810.30,0.096214,49.94,0.838
2025-03-07 17:30:00,222.44,2.1444,477.01,840.62,0.119252,49.83,0.829
2025-03-07 17:45:00,224.35,1.9102,428.57,707.57,0.107141,50.09,0.824
2025-03-07 18:00:00,222.21,1.5685,348.54,563.51,0.087135,49.83,0.849
2025-03-07 18:15:00,222.18,1.9473,432.66,749.35,0.108165,49.98,0.851
2025-03-07 18:30:00,227.27,1.6720,380.00,749.25,0.095000,49.83,0.914
2025-03-07 18:45:00,226.02,3.3809,764.15,1417.32,0.191037,50.18,0.918
2025-03-07 19:00:00,222.89,1.8290,407.67,874.35,0.101917,49.99,0.913
2025-03-07 19:15:00,226.50,1.8072,409.34,722.37,0.102336,50.13,0.835
2025-03-07 19:30:00,218.11,2.8232,615.76,1175.57,0.153940,50.10,0.919
2025-03-07 19:45:00,219.52,1.9376,425.35,822.13,0.106338,50.06,0.939
2025-03-07 20:00:00,220.80,1.4347,316.78,603.44,0.079194,50.09,0.926
2025-03-07 20:15:00,220.28,1.4271,314.37,486.01,0.078592,49.93,0.839
2025-03-07 20:30:00,222.86,1.7009,379.06,638.81,0.094766,50.16,0.885
2025-03-07 20:45:00,219.65,1.5688,344.59,507.13,0.086148,50.09,0.855
2025-03-07 21:00:00,227.05,1.5606,354.33,748.97,0.088583,49.90,0.908
2025-03-07 21:15:00,227.59,1.5240,346.84,511.71,0.086710,50.18,0.940
2025-03-07 21:30:00,227.34,1.6561,376.49,626.67,0.094122,50.09,0.834
2025-03-07 21:45:00,218.22,1.9793,431.91,906.45,0.107976,49.86,0.908
2025-03-07 22:00:00,223.25,2.0744,463.10,886.96,0.115774,50.10,0.929
2025-03-07 22:15:00,220.42,3.2516,716.70,1316.06,0.179176,49.91,0.837
2025-03-07 22:30:00,221.13,3.8160,843.80,1958.13,0.210951,50.01,0.934
2025-03-07 22:45:00,220.44,2.0073,442.48,665.74,0.110621,49.82,0.926
2025-03-07 23:00:00,226.86,5.2179,1183.74,2195.24,0.295934,50.15,0.861
2025-03-07 23:15:00,222.64,4.2725,951.25,2043.63,0.237812,49.96,0.949
2025-03-07 23:30:00,219.06,5.4077,1184.60,2106.74,0.296151,50.14,0.964
2025-03-07 23:45:00,225.79,5.1318,1158.72,2031.13,0.289681,50.03,0.876
2025-03-08 00:00:00,219.56,5.5069,1209.07,2204.42,0.302267,50.15,0.862
2025-03-08 00:15:00,226.80,6.1850,1402.75,2810.57,0.350688,50.02,0.949
2025-03-08 00:30:00,223.63,7.1199,1592.22,2888.21,0.398054,49.96,0.846
2025-03-08 00:45:00,224.91,6.0086,1351.42,2494.40,0.337856,49.94,0.892
2025-03-08 01:00:00,226.60,4.8980,1109.87,1967.65,0.277467,49.91,0.954
2025-03-08 01:15:00,224.25,4.6032,1032.27,1832.35,0.258067,49.82,0.926
2025-03-08 01:30:00,222.77,4.7057,1048.32,2096.09,0.262081,50.00,0.841
2025-03-08 01:45:00,227.88,4.9243,1122.13,1987.84,0.280532,49.87,0.959
2025-03-08 02:00:00,218.30,3.0979,676.27,1455.48,0.169068,50.11,0.894
2025-03-08 02:15:00,217.93,2.7765,605.09,1192.40,0.151274,50.08,0.917
2025-03-08 02:30:00,219.22,2.7594,604.92,1198.00,0.151230,50.00,0.830
2025-03-08 02:45:00,223.51,2.7861,622.72,1028.17,0.155681,49.95,0.877
2025-03-08 03:00:00,220.08,2.2643,498.34,812.91,0.124585,49.85,0.975
2025-03-08 03:15:00,217.60,2.5591,556.85,875.08,0.139214,49.89,0.934
2025-03-08 03:30:00,218.51,2.9619,647.21,1040.96,0.161802,49.81,0.840
2025-03-08 03:45:00,225.28,2.2755,512.61,947.40,0.128152,49.90,0.852
2025-03-08 04:00:00,220.14,2.8213,621.08,926.25,0.155271,49.86,0.897
2025-03-08 04:15:00,220.43,3.1433,692.86,1429.08,0.173216,50.07,0.944
2025-03-08 04:30:00,220.95,4.5471,1004.68,1912.84,0.251169,50.08,0.877
2025-03-08 04:45:00,222.39,2.4593,546.94,882.15,0.136735,50.10,0.861
2025-03-08 05:00:00,218.79,5.8060,1270.28,3238.38,0.317571,49.90,0.908
2025-03-08 05:15:00,218.05,3.2417,706.85,1393.01,0.176713,50.07,0.943
2025-03-08 05:30:00,227.00,3.0522,692.85,1345.18,0.173211,50.15,0.952
2025-03-08 05:45:00,227.27,3.6941,839.58,1359.30,0.209894,50.12,0.835
2025-03-08 06:00:00,218.98,3.2415,709.83,1548.51,0.177456,50.06,0.909
2025-03-08 06:15:00,220.01,3.5528,781.66,1595.24,0.195416,50.17,0.887
2025-03-08 06:30:00,218.97,3.4570,756.98,1175.13,0.189244,50.07,0.852
2025-03-08 06:45:00,224.20,3.3463,750.23,1329.17,0.187559,49.84,0.850
2025-03-08 07:00:00,222.52,2.4259,539.82,1180.59,0.134955,50.01,0.969
2025-03-08 07:15:00,219.79,2.8555,627.60,985.68,0.156900,50.07,0.963
2025-03-08 07:30:00,224.83,2.2569,507.41,997.83,0.126852,50.08,0.873
2025-03-08 07:45:00,227.33,2.1975,499.57,916.54,0.124892,49.89,0.848
2025-03-08 08:00:00,226.90,4.8365,1097.40,1684.34,0.274349,50.03,0.961
2025-03-08 08:15:00,224.98,3.1707,713.34,1493.80,0.178334,50.05,0.902
2025-03-08 08:30:00,218.99,2.7748,607.65,956.57,0.151913,49.99,0.971
2025-03-08 08:45:00,225.68,3.8729,874.02,2744.09,0.218506,50.08,0.962
2025-03-08 09:00:00,224.51,3.5628,799.88,1610.77,0.199970,50.19,0.902
2025-03-08 09:15:00,225.48,4.1076,926.18,1726.72,0.231545,50.08,0.972
2025-03-08 09:30:00,223.83,3.7406,837.27,1297.02,0.209318,50.07,0.972
2025-03-08 09:45:00,219.91,4.0322,886.71,1811.37,0.221677,50.18,0.976
2025-03-08 10:00:00,226.31,5.0986,1153.89,1849.38,0.288471,50.03,0.892
2025-03-08 10:15:00,224.50,7.5134,1686.73,3821.80,0.421684,50.03,0.842
2025-03-08 10:30:00,218.77,5.8795,1286.27,2678.94,0.321569,50.18,0.828
2025-03-08 10:45:00,225.16,4.6662,1050.66,1874.13,0.262665,50.06,0.913
2025-03-08 11:00:00,220.55,5.8845,1297.83,2722.72,0.324458,50.02,0.838
2025-03-08 11:15:00,227.07,6.1592,1398.57,2991.74,0.349644,50.02,0.828
2025-03-08 11:30:00,227.89,5.3943,1229.33,2331.46,0.307333,49.88,0.888
2025-03-08 11:45:00,223.74,5.7583,1288.39,2074.84,0.322097,50.19,0.891
2025-03-08 12:00:00,224.07,9.2604,2074.99,4623.16,0.518749,50.16,0.955
2025-03-08 12:15:00,222.35,7.3837,1641.79,2993.95,0.410447,49.80,0.970
2025-03-08 12:30:00,224.94,6.0606,1363.25,1918.27,0.340811,49.88,0.838
2025-03-08 12:45:00,225.17,7.8746,1773.14,3292.03,0.443285,49.86,0.884
2025-03-08 13:00:00,221.33,6.6352,1468.55,2573.98,0.367137,49.88,0.945
2025-03-08 13:15:00,220.54,6.8396,1508.40,2750.41,0.377099,50.11,0.944
2025-03-08 13:30:00,218.37,6.3540,1387.54,2200.60,0.346885,49.80,0.854
2025-03-08 13:45:00,218.48,6.5507,1431.17,2572.35,0.357792,49.98,0.884
2025-03-08 14:00:00,226.70,5.5503,1258.27,2766.88,0.314566,49.87,0.861
2025-03-08 14:15:00,223.28,5.8629,1309.08,2098.87,0.327270,49.82,0.848
2025-03-08 14:30:00,225.38,6.1471,1385.44,2769.67,0.346361,49.88,0.824
2025-03-08 14:45:00,220.94,5.6169,1240.99,2355.10,0.310247,49.92,0.827
2025-03-08 15:00:00,220.37,4.5726,1007.64,1674.54,0.251909,50.09,0.874
2025-03-08 15:15:00,226.88,4.1789,948.10,1982.36,0.237026,50.03,0.932
2025-03-08 15:30:00,226.39,4.9720,1125.61,2412.59,0.281403,50.05,0.948
2025-03-08 15:45:00,223.29,5.0219,1121.35,2015.22,0.280338,49.97,0.931
2025-03-08 16:00:00,223.31,3.1964,713.80,1100.12,0.178449,50.15,0.946
2025-03-08 16:15:00,227.33,3.2524,739.35,1110.89,0.184837,50.07,0.854
2025-03-08 16:30:00,224.59,3.0509,685.20,1226.47,0.171299,50.03,0.950
2025-03-08 16:45:00,219.65,2.7590,606.02,930.55,0.151504,49.87,0.859
2025-03-08 17:00:00,220.07,2.0625,453.88,898.39,0.113471,49.91,0.975
2025-03-08 17:15:00,221.93,2.1544,478.14,874.80,0.119535,49.92,0.967
2025-03-08 17:30:00,220.14,2.0551,452.42,761.44,0.113106,50.13,0.898
2025-03-08 17:45:00,226.50,1.6371,370.82,728.47,0.092704,49.84,0.838
2025-03-08 18:00:00,221.15,1.4900,329.52,620.95,0.082380,50.01,0.917
2025-03-08 18:15:00,219.47,1.7026,373.67,737.69,0.093418,50.02,0.947
2025-03-08 18:30:00,219.22,1.7199,377.03,636.46,0.094257,50.08,0.863
2025-03-08 18:45:00,226.29,1.6545,374.40,527.22,0.093600,49.83,0.906
2025-03-08 19:00:00,223.88,1.6651,372.79,746.99,0.093197,50.00,0.875
2025-03-08 19:15:00,227.37,1.4958,340.09,522.05,0.085022,50.13,0.862
2025-03-08 19:30:00,225.25,1.4799,333.34,663.48,0.083335,50.00,0.881
2025-03-08 19:45:00,219.18,2.8176,617.54,1595.54,0.154386,49.98,0.830
2025-03-08 20:00:00,218.88,1.4096,308.54,453.00,0.077136,49.87,0.869
2025-03-08 20:15:00,219.80,1.7710,389.26,809.31,0.097316,50.08,0.889
2025-03-08 20:30:00,220.84,1.3821,305.21,554.91,0.076303,49.90,0.963
2025-03-08 20:45:00,227.80,1.7853,406.68,661.16,0.101669,50.20,0.953
2025-03-08 21:00:00,221.52,1.5444,342.12,492.00,0.085529,49.83,0.950
2025-03-08 21:15:00,221.14,1.9268,426.09,921.31,0.106524,49.89,0.853
2025-03-08 21:30:00,219.62,1.8176,399.20,585.97,0.099800,49.99,0.867
2025-03-08 21:45:00,223.45,1.6775,374.85,572.59,0.093712,49.99,0.831
2025-03-08 22:00:00,227.99,2.3155,527.92,810.37,0.131980,50.16,0.872
2025-03-08 22:15:00,225.53,2.1873,493.31,838.11,0.123328,50.08,0.919
2025-03-08 22:30:00,227.40,1.9285,438.55,654.53,0.109638,50.18,0.972
2025-03-08 22:45:00,223.87,2.3686,530.27,792.88,0.132566,50.15,0.912
2025-03-08 23:00:00,219.27,5.2832,1158.44,1662.11,0.289609,50.09,0.883
2025-03-08 23:15:00,227.74,4.7114,1072.99,1800.37,0.268248,50.06,0.936
2025-03-08 23:30:00,219.55,4.4359,973.90,2026.53,0.243474,50.17,0.869
2025-03-08 23:45:00,225.51,5.0400,1136.56,1633.65,0.284139,49.83,0.956
2025-03-09 00:00:00,227.88,6.1191,1394.44,1967.11,0.348609,50.16,0.948
2025-03-09 00:15:00,218.84,5.6568,1237.93,1797.47,0.309482,50.12,0.926
2025-03-09 00:30:00,219.08,8.4098,1842.41,4802.90,0.460603,50.18,0.881
2025-03-09 00:45:00,225.87,6.4281,1451.89,3014.43,0.362973,49.82,0.869
2025-03-09 01:00:00,219.10,4.7400,1038.51,2207.24,0.259629,50.19,0.872
2025-03-09 01:15:00,217.75,5.2990,1153.87,2163.38,0.288467,50.18,0.950
2025-03-09 01:30:00,224.45,4.0065,899.24,1318.74,0.224809,49.99,0.890
2025-03-09 01:45:00,220.25,4.6879,1032.50,1687.73,0.258125,49.82,0.897
2025-03-09 02:00:00,217.62,5.1700,1125.11,2260.40,0.281279,50.15,0.957
2025-03-09 02:15:00,221.54,2.4758,548.50,780.39,0.137126,50.08,0.956
2025-03-09 02:30:00,222.84,2.9025,646.80,1273.12,0.161701,50.10,0.975
2025-03-09 02:45:00,219.74,3.2667,717.83,1222.47,0.179458,50.02,0.957
2025-03-09 03:00:00,221.19,2.2501,497.69,722.66,0.124423,49.86,0.935
2025-03-09 03:15:00,221.61,2.8719,636.43,1164.69,0.159108,49.81,0.820
2025-03-09 03:30:00,226.08,2.4591,555.94,1004.37,0.138985,49.95,0.863
2025-03-09 03:45:00,221.01,2.2874,505.54,997.85,0.126384,50.13,0.949
2025-03-09 04:00:00,217.78,3.2938,717.33,1475.07,0.179333,49.98,0.949
2025-03-09 04:15:00,217.77,3.1716,690.67,1439.35,0.172667,49.99,0.961
2025-03-09 04:30:00,220.22,3.1653,697.04,1285.94,0.174260,49.93,0.904
2025-03-09 04:45:00,220.15,3.1325,689.63,1104.54,0.172409,49.87,0.861
2025-03-09 05:00:00,218.24,3.7384,815.85,1339.26,0.203964,49.85,0.882
2025-03-09 05:15:00,218.66,3.6743,803.43,1351.17,0.200857,50.16,0.889
2025-03-09 05:30:00,227.62,3.4943,795.38,1691.44,0.198845,49.80,0.945
2025-03-09 05:45:00,224.23,3.7663,844.52,1277.81,0.211131,50.00,0.877
2025-03-09 06:00:00,223.62,2.8954,647.48,1063.41,0.161869,49.93,0.907
2025-03-09 06:15:00,224.89,3.0372,683.04,1450.08,0.170761,49.99,0.959
2025-03-09 06:30:00,224.53,2.7151,609.60,1218.68,0.152400,49.89,0.946
2025-03-09 06:45:00,222.26,3.4811,773.70,1280.75,0.193424,49.82,0.865
2025-03-09 07:00:00,220.28,2.3520,518.10,995.56,0.129526,50.19,0.913
2025-03-09 07:15:00,217.67,2.9470,641.47,967.56,0.160367,50.00,0.842
2025-03-09 07:30:00,226.98,2.8556,648.17,1053.00,0.162042,50.02,0.882
2025-03-09 07:45:00,220.09,2.8105,618.55,1311.21,0.154637,50.08,0.876
2025-03-09 08:00:00,225.42,2.9450,663.87,933.16,0.165967,49.88,0.951
2025-03-09 08:15:00,224.27,3.1882,715.03,1278.50,0.178757,50.05,0.853
2025-03-09 08:30:00,227.83,2.6387,601.16,1286.83,0.150291,49.91,0.847
2025-03-09 08:45:00,226.17,3.0161,682.15,1169.94,0.170539,49.88,0.975
2025-03-09 09:00:00,225.73,3.2544,734.62,1594.96,0.183656,49.91,0.926
2025-03-09 09:15:00,218.76,4.1644,910.99,1330.14,0.227748,50.09,0.840
2025-03-09 09:30:00,226.23,3.4967,791.07,1638.58,0.197768,50.19,0.897
2025-03-09 09:45:00,219.50,3.7886,831.60,1655.44,0.207899,50.04,0.878
2025-03-09 10:00:00,219.05,5.0417,1104.40,1966.13,0.276100,49.90,0.978
2025-03-09 10:15:00,225.46,5.7352,1293.08,2222.71,0.323271,49.89,0.975
2025-03-09 10:30:00,223.71,4.8727,1090.07,2167.77,0.272517,50.06,0.930
2025-03-09 10:45:00,225.91,5.1022,1152.66,1741.08,0.288164,50.03,0.845
2025-03-09 11:00:00,222.54,6.3746,1418.59,2648.56,0.354647,49.85,0.954
2025-03-09 11:15:00,226.29,5.7096,1292.04,2653.44,0.323010,49.88,0.905
2025-03-09 11:30:00,218.18,6.9907,1525.24,2169.96,0.381309,49.93,0.947
2025-03-09 11:45:00,219.10,6.5309,1430.95,2827.73,0.357736,49.83,0.937
2025-03-09 12:00:00,226.38,7.4145,1678.53,2976.18,0.419632,49.95,0.891
2025-03-09 12:15:00,218.29,7.4292,1621.71,3400.34,0.405429,50.07,0.959
2025-03-09 12:30:00,227.62,6.0706,1381.80,2242.76,0.345449,49.89,0.879
2025-03-09 12:45:00,224.49,7.1859,1613.16,2258.98,0.403290,50.09,0.887
2025-03-09 13:00:00,219.06,6.1345,1343.84,2732.92,0.335959,49.97,0.909
2025-03-09 13:15:00,223.99,10.1767,2279.43,5142.38,0.569858,50.05,0.974
2025-03-09 13:30:00,225.73,6.9844,1576.62,3426.74,0.394155,49.90,0.846
2025-03-09 13:45:00,222.77,6.4182,1429.77,3015.54,0.357442,49.86,0.883
2025-03-09 14:00:00,218.22,5.7010,1244.10,2082.74,0.311025,49.98,0.899
2025-03-09 14:15:00,219.41,6.5271,1432.09,2218.83,0.358023,50.17,0.907
2025-03-09 14:30:00,225.18,6.0647,1365.66,2560.93,0.341415,49.97,0.844
2025-03-09 14:45:00,217.64,7.2151,1570.26,2198.55,0.392565,49.96,0.859
2025-03-09 15:00:00,227.80,5.0320,1146.30,2031.76,0.286575,49.81,0.853
2025-03-09 15:15:00,224.55,4.3118,968.20,1680.30,0.242049,50.08,0.958
2025-03-09 15:30:00,218.64,4.4193,966.25,2042.35,0.241562,49.96,0.912
2025-03-09 15:45:00,221.38,5.0713,1122.71,2163.02,0.280676,50.14,0.941
2025-03-09 16:00:00,224.41,3.3868,760.03,1355.36,0.190007,49.87,0.845
2025-03-09 16:15:00,224.80,2.7671,622.06,1209.72,0.155516,49.84,0.954
2025-03-09 16:30:00,222.00,4.4802,994.59,2749.58,0.248646,50.12,0.839
2025-03-09 16:45:00,221.63,2.7030,599.07,1224.12,0.149769,49.83,0.968
2025-03-09 17:00:00,226.67,1.8360,416.16,717.99,0.104040,50.16,0.831
2025-03-09 17:15:00,222.62,1.9658,437.63,946.30,0.109406,49.81,0.839
2025-03-09 17:30:00,223.84,1.6003,358.22,512.92,0.089554,49.91,0.930
2025-03-09 17:45:00,223.65,1.7916,400.70,757.16,0.100174,50.07,0.881
2025-03-09 18:00:00,227.93,1.5287,348.44,589.63,0.087110,49.96,0.913
2025-03-09 18:15:00,220.04,1.6456,362.09,690.34,0.090521,50.06,0.872
2025-03-09 18:30:00,220.21,1.5848,348.98,614.65,0.087246,50.10,0.899
2025-03-09 18:45:00,227.56,1.6186,368.33,578.52,0.092082,50.02,0.943
2025-03-09 19:00:00,220.18,1.2827,282.42,554.43,0.070604,49.93,0.945
2025-03-09 19:15:00,223.69,1.5376,343.93,656.49,0.085983,49.83,0.948
2025-03-09 19:30:00,227.48,1.3733,312.39,664.92,0.078097,49.91,0.911
2025-03-09 19:45:00,226.76,1.5066,341.64,485.30,0.085410,50.01,0.885
2025-03-09 20:00:00,220.78,1.3134,289.98,438.13,0.072495,50.13,0.945
2025-03-09 20:15:00,217.80,1.3044,284.10,533.96,0.071026,50.13,0.972
2025-03-09 20:30:00,223.92,1.6135,361.30,530.90,0.090326,50.08,0.856
2025-03-09 20:45:00,220.96,1.4857,328.27,498.79,0.082067,50.03,0.971
2025-03-09 21:00:00,221.20,1.5909,351.89,705.74,0.087973,49.98,0.907
2025-03-09 21:15:00,220.97,1.8023,398.25,793.90,0.099563,50.07,0.960
2025-03-09 21:30:00,225.34,2.3214,523.12,1261.29,0.130780,50.09,0.959
2025-03-09 21:45:00,218.18,1.6951,369.84,530.66,0.092459,50.00,0.845
2025-03-09 22:00:00,222.59,2.1675,482.46,882.24,0.120615,50.04,0.903
2025-03-09 22:15:00,225.48,1.8190,410.14,610.96,0.102535,50.03,0.952
2025-03-09 22:30:00,222.06,1.7723,393.56,843.40,0.098390,50.02,0.972
2025-03-09 22:45:00,217.69,1.9010,413.84,586.70,0.103459,50.06,0.964
2025-03-09 23:00:00,218.32,6.6910,1460.80,2633.01,0.365200,49.93,0.937
2025-03-09 23:15:00,225.14,4.7391,1066.94,1525.72,0.266735,50.06,0.883
2025-03-09 23:30:00,225.72,4.7565,1073.66,2279.68,0.268415,50.05,0.870
2025-03-09 23:45:00,220.33,3.9472,869.67,1889.20,0.217417,49.86,0.842
2025-03-10 00:00:00,223.40,4.2212,943.03,1806.63,0.235757,50.01,0.897
2025-03-10 00:15:00,218.13,5.7272,1249.25,2157.94,0.312314,50.07,0.830
2025-03-10 00:30:00,220.75,4.9352,1089.44,2169.06,0.272360,50.05,0.838
2025-03-10 00:45:00,221.21,5.4537,1206.41,1812.39,0.301603,49.85,0.825
2025-03-10 01:00:00,218.61,5.5511,1213.56,3161.49,0.303390,49.96,0.923
2025-03-10 01:15:00,224.63,3.5383,794.80,1478.43,0.198701,50.10,0.890
2025-03-10 01:30:00,219.64,3.8597,847.76,1703.54,0.211939,50.19,0.941
2025-03-10 01:45:00,223.64,3.9117,874.79,1525.08,0.218697,49.92,0.883
2025-03-10 02:00:00,224.15,2.3966,537.21,797.70,0.134302,50.18,0.852
2025-03-10 02:15:00,219.76,2.1725,477.42,775.53,0.119356,49.83,0.927
2025-03-10 02:30:00,224.56,2.2008,494.22,784.91,0.123555,49.97,0.966
2025-03-10 02:45:00,219.26,4.0716,892.77,1692.17,0.223192,49.90,0.857
2025-03-10 03:00:00,224.57,1.9818,445.06,802.13,0.111266,49.93,0.827
2025-03-10 03:15:00,226.64,2.4270,550.05,1007.17,0.137514,50.04,0.829
2025-03-10 03:30:00,218.16,2.1253,463.66,1004.28,0.115915,50.06,0.842
2025-03-10 03:45:00,222.74,2.0214,450.24,725.23,0.112559,50.10,0.924
2025-03-10 04:00:00,217.76,2.2989,500.60,710.26,0.125149,49.83,0.900
2025-03-10 04:15:00,218.69,2.1927,479.53,1006.33,0.119881,49.94,0.975
2025-03-10 04:30:00,222.39,2.6115,580.77,910.43,0.145192,50.18,0.843
2025-03-10 04:45:00,219.92,2.5779,566.95,993.85,0.141737,49.91,0.824
2025-03-10 05:00:00,224.40,2.7095,607.99,917.41,0.151998,50.02,0.871
2025-03-10 05:15:00,220.82,3.2577,719.36,1052.95,0.179840,50.10,0.840
2025-03-10 05:30:00,221.83,2.6663,591.47,1282.23,0.147866,49.84,0.959
2025-03-10 05:45:00,225.57,3.2456,732.09,1277.18,0.183023,50.09,0.941
2025-03-10 06:00:00,220.47,2.3764,523.93,938.55,0.130982,49.98,0.933
2025-03-10 06:15:00,227.18,4.9496,1124.43,2339.01,0.281108,49.93,0.836
2025-03-10 06:30:00,220.67,2.8526,629.49,1003.60,0.157374,50.18,0.948
2025-03-10 06:45:00,226.94,2.8683,650.92,1170.50,0.162730,49.93,0.952
2025-03-10 07:00:00,220.52,2.0043,442.00,834.94,0.110499,50.07,0.836
2025-03-10 07:15:00,223.63,2.2328,499.32,1054.25,0.124830,49.93,0.850
2025-03-10 07:30:00,223.03,2.1672,483.36,749.63,0.120839,50.08,0.843
2025-03-10 07:45:00,227.97,2.2109,504.04,915.38,0.126009,50.08,0.931
2025-03-10 08:00:00,220.40,2.7929,615.54,1276.66,0.153884,49.97,0.934
2025-03-10 08:15:00,224.14,2.1452,480.81,867.25,0.120202,49.99,0.827
2025-03-10 08:30:00,220.48,2.5444,560.99,798.46,0.140248,49.86,0.888
2025-03-10 08:45:00,224.26,2.5957,582.11,1139.14,0.145528,50.04,0.891
2025-03-10 09:00:00,227.44,2.6987,613.79,1341.67,0.153447,49.98,0.825
2025-03-10 09:15:00,218.73,3.6774,804.34,1228.20,0.201085,49.98,0.925
2025-03-10 09:30:00,226.59,2.8876,654.29,1207.94,0.163572,49.94,0.851
2025-03-10 09:45:00,226.86,3.1141,706.47,990.97,0.176618,49.94,0.911
2025-03-10 10:00:00,222.09,3.8115,846.51,1837.25,0.211626,49.97,0.937
2025-03-10 10:15:00,224.66,3.8626,867.76,1872.52,0.216941,49.86,0.893
2025-03-10 10:30:00,220.79,4.0392,891.83,1862.89,0.222957,50.08,0.912
2025-03-10 10:45:00,222.48,3.8666,860.24,1346.45,0.215059,49.85,0.873
2025-03-10 11:00:00,226.48,4.5695,1034.89,1928.61,0.258723,50.16,0.959
2025-03-10 11:15:00,222.09,5.1943,1153.60,2150.82,0.288399,50.18,0.953
2025-03-10 11:30:00,227.31,5.7745,1312.62,2268.96,0.328154,50.13,0.830
2025-03-10 11:45:00,226.22,4.5620,1032.03,2137.88,0.258006,49.87,0.937
2025-03-10 12:00:00,224.79,6.5804,1479.23,2351.96,0.369808,50.05,0.952
2025-03-10 12:15:00,224.26,5.8058,1302.03,2626.13,0.325507,50.08,0.977
2025-03-10 12:30:00,218.82,6.9091,1511.86,3287.12,0.377965,49.89,0.846
2025-03-10 12:45:00,227.48,6.4718,1472.24,2650.43,0.368059,50.19,0.941
2025-03-10 13:00:00,223.50,5.3707,1200.33,2173.90,0.300083,49.89,0.838
2025-03-10 13:15:00,219.75,6.3212,1389.08,2984.80,0.347269,49.87,0.835
2025-03-10 13:30:00,222.90,6.1160,1363.26,2235.11,0.340815,49.85,0.952
2025-03-10 13:45:00,217.78,6.0832,1324.79,2341.34,0.331198,49.99,0.973
2025-03-10 14:00:00,220.30,5.3919,1187.82,2166.29,0.296956,50.05,0.974
2025-03-10 14:15:00,217.70,5.6490,1229.76,1927.43,0.307439,49.82,0.955
2025-03-10 14:30:00,221.77,4.6452,1030.16,2025.96,0.257541,49.91,0.930
2025-03-10 14:45:00,227.17,4.7241,1073.16,1998.12,0.268291,49.98,0.874
2025-03-10 15:00:00,218.40,4.2830,935.41,1411.26,0.233852,50.12,0.934
2025-03-10 15:15:00,217.63,4.5797,996.70,2008.44,0.249175,50.05,0.845
2025-03-10 15:30:00,223.32,4.4171,986.42,1676.39,0.246606,50.17,0.840
2025-03-10 15:45:00,222.18,4.4768,994.64,1822.61,0.248661,50.14,0.912
2025-03-10 16:00:00,223.02,2.3986,534.95,1138.90,0.133738,49.99,0.826
2025-03-10 16:15:00,219.28,2.9685,650.93,1158.96,0.162734,50.14,0.876
2025-03-10 16:30:00,219.90,2.3695,521.06,941.65,0.130266,50.15,0.846
2025-03-10 16:45:00,222.27,2.7815,618.25,1064.95,0.154562,49.90,0.900
2025-03-10 17:00:00,220.25,1.7139,377.48,822.24,0.094369,50.13,0.977
2025-03-10 17:15:00,219.92,1.7107,376.22,774.52,0.094054,49.86,0.903
2025-03-10 17:30:00,223.92,1.6681,373.51,619.15,0.093377,49.94,0.836
2025-03-10 17:45:00,225.34,1.9063,429.55,754.67,0.107387,49.96,0.971
2025-03-10 18:00:00,222.09,1.4159,314.46,590.99,0.078614,49.97,0.947
2025-03-10 18:15:00,220.26,1.8283,402.70,629.40,0.100676,50.07,0.868
2025-03-10 18:30:00,222.66,1.3638,303.66,619.73,0.075915,49.93,0.830
2025-03-10 18:45:00,225.72,1.6239,366.55,614.81,0.091638,50.07,0.961
2025-03-10 19:00:00,220.37,1.4546,320.55,619.57,0.080137,49.82,0.911
2025-03-10 19:15:00,217.88,1.6572,361.07,644.53,0.090267,49.84,0.963
2025-03-10 19:30:00,220.49,1.6711,368.46,605.14,0.092116,50.01,0.866
2025-03-10 19:45:00,226.62,2.2360,506.73,1351.17,0.126682,50.09,0.963
2025-03-10 20:00:00,225.39,1.5243,343.57,753.38,0.085892,50.01,0.961
2025-03-10 20:15:00,222.04,1.4439,320.61,501.18,0.080153,49.87,0.973
2025-03-10 20:30:00,220.17,1.5249,335.75,565.37,0.083937,50.17,0.919
2025-03-10 20:45:00,225.99,1.6762,378.80,602.10,0.094700,50.15,0.965
2025-03-10 21:00:00,221.41,1.4119,312.61,447.67,0.078153,50.03,0.852
2025-03-10 21:15:00,224.27,1.4906,334.31,549.76,0.083578,49.85,0.962
2025-03-10 21:30:00,223.96,1.4658,328.28,631.87,0.082070,49.93,0.856
2025-03-10 21:45:00,218.72,2.3494,513.85,1509.50,0.128461,50.19,0.923
2025-03-10 22:00:00,220.63,2.1341,470.84,722.32,0.117711,49.97,0.912
2025-03-10 22:15:00,219.96,1.9135,420.88,874.31,0.105220,49.94,0.929
2025-03-10 22:30:00,224.89,1.7503,393.61,848.90,0.098403,50.09,0.849
2025-03-10 22:45:00,221.53,2.1039,466.08,913.12,0.116520,50.16,0.927
2025-03-10 23:00:00,227.46,4.2915,976.14,1737.72,0.244035,49.81,0.910
2025-03-10 23:15:00,227.98,3.9712,905.36,1431.79,0.226340,49.95,0.936
2025-03-10 23:30:00,219.49,3.9289,862.34,1417.35,0.215586,49.83,0.916
2025-03-10 23:45:00,223.21,4.2265,943.40,1669.61,0.235850,50.06,0.942
2025-03-11 00:00:00,227.61,5.0846,1157.31,2500.57,0.289328,50.10,0.911
2025-03-11 00:15:00,224.84,5.1504,1158.03,2047.26,0.289508,50.05,0.895
2025-03-11 00:30:00,225.99,4.7365,1070.41,2018.79,0.267603,49.92,0.974
2025-03-11 00:45:00,224.85,4.9787,1119.47,2033.65,0.279868,50.17,0.961
2025-03-11 01:00:00,224.29,3.6964,829.08,1225.85,0.207270,49.94,0.965
2025-03-11 01:15:00,226.31,4.1312,934.93,1775.66,0.233732,49.83,0.956
2025-03-11 01:30:00,217.72,4.1907,912.40,1870.92,0.228099,49.94,0.928
2025-03-11 01:45:00,221.20,3.8279,846.73,1812.47,0.211682,49.84,0.827
2025-03-11 02:00:00,223.40,2.3118,516.47,975.49,0.129118,50.05,0.970
2025-03-11 02:15:00,219.39,2.3354,512.35,895.31,0.128088,49.85,0.867
2025-03-11 02:30:00,220.55,2.6187,577.56,1233.77,0.144389,50.02,0.951
2025-03-11 02:45:00,220.98,2.8183,622.77,983.01,0.155692,49.91,0.895
2025-03-11 03:00:00,223.83,1.9105,427.63,778.87,0.106908,49.97,0.975
2025-03-11 03:15:00,226.32,2.3645,535.12,1086.04,0.133780,50.09,0.849
2025-03-11 03:30:00,218.24,2.4945,544.40,1101.09,0.136100,49.87,0.840
2025-03-11 03:45:00,223.25,2.5394,566.91,977.36,0.141728,49.83,0.975
2025-03-11 04:00:00,221.56,2.1639,479.43,745.59,0.119857,50.07,0.967
2025-03-11 04:15:00,219.54,2.2350,490.66,929.11,0.122664,49.86,0.938
2025-03-11 04:30:00,218.51,2.6302,574.73,1131.35,0.143681,50.01,0.958
2025-03-11 04:45:00,223.30,2.7801,620.79,955.24,0.155197,50.17,0.934
2025-03-11 05:00:00,227.48,2.9236,665.05,958.39,0.166263,50.03,0.953
2025-03-11 05:15:00,223.72,2.7983,626.03,910.80,0.156507,49.93,0.837
2025-03-11 05:30:00,227.95,3.0625,698.09,1508.11,0.174522,50.04,0.892
2025-03-11 05:45:00,227.03,2.8265,641.72,1163.45,0.160429,50.15,0.857
2025-03-11 06:00:00,225.58,2.9033,654.94,1031.91,0.163735,50.05,0.848
2025-03-11 06:15:00,226.84,2.5282,573.50,1251.11,0.143376,50.06,0.955
2025-03-11 06:30:00,219.63,2.7072,594.59,1254.91,0.148648,49.87,0.975
2025-03-11 06:45:00,221.46,2.5909,573.79,1076.91,0.143449,50.20,0.952
2025-03-11 07:00:00,218.37,1.9643,428.95,911.14,0.107237,49.82,0.975
2025-03-11 07:15:00,225.75,2.3717,535.41,1033.66,0.133852,50.04,0.927
2025-03-11 07:30:00,221.78,2.8618,634.70,1299.50,0.158674,50.00,0.972
2025-03-11 07:45:00,219.48,2.2134,485.79,1037.35,0.121447,49.87,0.919
2025-03-11 08:00:00,225.17,2.0820,468.79,854.46,0.117197,49.84,0.827
2025-03-11 08:15:00,223.09,2.3147,516.39,1128.56,0.129098,49.87,0.881
2025-03-11 08:30:00,225.48,2.5178,567.71,818.67,0.141927,50.14,0.821
2025-03-11 08:45:00,221.80,2.6678,591.72,1064.58,0.147929,49.91,0.852
2025-03-11 09:00:00,219.59,3.0816,676.70,1000.08,0.169176,49.93,0.827
2025-03-11 09:15:00,217.76,3.6390,792.44,1201.81,0.198111,49.93,0.839
2025-03-11 09:30:00,227.38,3.5946,817.35,1323.17,0.204338,49.85,0.966
2025-03-11 09:45:00,220.36,3.6088,795.24,1566.60,0.198809,50.09,0.927
2025-03-11 10:00:00,227.16,4.2022,954.55,1639.55,0.238638,49.88,0.874
2025-03-11 10:15:00,218.09,4.6424,1012.48,1977.66,0.253121,50.07,0.833
2025-03-11 10:30:00,222.71,4.8655,1083.58,2375.42,0.270896,49.92,0.926
2025-03-11 10:45:00,226.49,4.8058,1088.45,1716.82,0.272112,50.15,0.959
2025-03-11 11:00:00,223.82,5.4513,1220.10,1929.52,0.305025,49.88,0.883
2025-03-11 11:15:00,226.77,4.7589,1079.17,1831.85,0.269794,49.98,0.919
2025-03-11 11:30:00,218.87,5.8692,1284.56,2237.63,0.321141,49.94,0.909
2025-03-11 11:45:00,222.27,4.9544,1101.24,1543.39,0.275311,49.89,0.970
2025-03-11 12:00:00,220.77,6.0731,1340.74,2377.93,0.335186,50.16,0.952
2025-03-11 12:15:00,221.99,6.7744,1503.88,2925.15,0.375970,49.90,0.943
2025-03-11 12:30:00,218.03,6.2056,1352.97,2654.38,0.338242,50.11,0.976
2025-03-11 12:45:00,226.04,6.2807,1419.69,2445.25,0.354921,49.89,0.915
2025-03-11 13:00:00,222.40,6.0650,1348.85,2190.41,0.337212,50.15,0.830
2025-03-11 13:15:00,227.20,5.5130,1252.55,1828.07,0.313137,49.95,0.856
2025-03-11 13:30:00,218.76,5.2824,1155.56,2479.52,0.288891,50.03,0.888
2025-03-11 13:45:00,224.53,6.4750,1453.84,2061.15,0.363460,50.02,0.855
2025-03-11 14:00:00,224.33,5.2588,1179.69,2240.04,0.294924,49.93,0.874
2025-03-11 14:15:00,226.52,4.7289,1071.21,2351.22,0.267802,49.89,0.831
2025-03-11 14:30:00,226.18,5.2461,1186.58,2281.63,0.296645,50.13,0.975
2025-03-11 14:45:00,223.94,5.4497,1220.37,2088.79,0.305093,49.85,0.941
2025-03-11 15:00:00,219.92,4.7207,1038.18,1518.12,0.259545,49.86,0.977
2025-03-11 15:15:00,220.11,3.9501,869.45,1712.76,0.217362,50.09,0.871
2025-03-11 15:30:00,218.14,4.1635,908.22,1675.18,0.227055,50.12,0.961
2025-03-11 15:45:00,220.17,3.8735,852.84,1511.97,0.213209,49.94,0.892
2025-03-11 16:00:00,225.87,2.3412,528.82,1156.36,0.132206,50.03,0.823
2025-03-11 16:15:00,219.62,2.9842,655.38,1435.80,0.163844,50.12,0.876
2025-03-11 16:30:00,224.91,2.3145,520.56,947.10,0.130139,50.07,0.934
2025-03-11 16:45:00,224.94,3.0033,675.54,1461.60,0.168886,49.97,0.877
2025-03-11 17:00:00,221.83,1.6128,357.77,756.24,0.089443,49.97,0.837
2025-03-11 17:15:00,217.79,2.9235,636.73,1313.47,0.159182,50.19,0.820
2025-03-11 17:30:00,223.41,1.8667,417.04,598.79,0.104261,49.91,0.888
2025-03-11 17:45:00,224.78,1.5399,346.13,591.93,0.086532,50.00,0.873
2025-03-11 18:00:00,225.39,1.4615,329.41,636.38,0.082353,49.82,0.865
2025-03-11 18:15:00,225.13,1.6965,381.93,650.73,0.095483,50.13,0.924
2025-03-11 18:30:00,225.48,1.7323,390.60,851.99,0.097650,49.94,0.858
2025-03-11 18:45:00,227.79,1.7577,400.38,596.41,0.100095,50.17,0.961
2025-03-11 19:00:00,226.57,1.5545,352.21,648.24,0.088052,49.85,0.900
2025-03-11 19:15:00,219.04,1.5731,344.58,724.92,0.086145,50.10,0.874
2025-03-11 19:30:00,225.83,1.3755,310.63,445.91,0.077657,49.82,0.870
2025-03-11 19:45:00,217.78,1.2995,283.00,515.36,0.070750,49.90,0.910
2025-03-11 20:00:00,223.92,1.4167,317.22,483.01,0.079306,50.01,0.928
2025-03-11 20:15:00,227.25,1.6068,365.15,754.51,0.091288,50.09,0.892
2025-03-11 20:30:00,224.55,2.0695,464.71,840.75,0.116178,49.97,0.953
2025-03-11 20:45:00,223.08,1.3771,307.21,601.56,0.076802,49.99,0.843
2025-03-11 21:00:00,220.10,1.7121,376.85,704.70,0.094211,50.16,0.888
2025-03-11 21:15:00,226.42,2.7007,611.48,1170.84,0.152870,50.10,0.827
2025-03-11 21:30:00,226.35,1.6832,381.00,784.74,0.095250,49.86,0.902
2025-03-11 21:45:00,220.61,2.3635,521.41,1138.23,0.130353,49.88,0.839
2025-03-11 22:00:00,220.47,1.9382,427.31,922.78,0.106827,50.05,0.961
2025-03-11 22:15:00,227.96,1.7169,391.39,715.72,0.097847,49.82,0.971
2025-03-11 22:30:00,217.86,2.0895,455.22,753.75,0.113805,50.03,0.834
2025-03-11 22:45:00,227.43,2.1788,495.53,925.38,0.123883,49.94,0.821
2025-03-11 23:00:00,226.24,4.1724,943.95,1772.36,0.235988,50.12,0.898
2025-03-11 23:15:00,221.20,4.1887,926.53,1299.99,0.231632,50.03,0.958
2025-03-11 23:30:00,218.70,4.1405,905.50,1748.17,0.226376,49.88,0.882
2025-03-11 23:45:00,223.37,4.1338,923.34,1418.23,0.230835,49.95,0.916
2025-03-12 00:00:00,224.14,4.2118,944.03,1703.63,0.236009,50.07,0.958
2025-03-12 00:15:00,224.11,5.0140,1123.67,2380.13,0.280916,49.90,0.964
2025-03-12 00:30:00,226.87,4.1763,947.47,1997.19,0.236869,50.06,0.980
2025-03-12 00:45:00,221.57,4.9509,1097.00,1622.04,0.274250,49.95,0.905
2025-03-12 01:00:00,226.12,4.2015,950.06,1453.95,0.237514,50.17,0.859
2025-03-12 01:15:00,225.69,4.3311,977.47,1951.13,0.244366,49.91,0.895
2025-03-12 01:30:00,224.39,3.3526,752.30,1597.36,0.188075,50.10,0.859
2025-03-12 01:45:00,224.35,4.4691,1002.65,2113.19,0.250662,49.92,0.843
2025-03-12 02:00:00,220.44,2.7845,613.81,910.15,0.153452,49.97,0.935
2025-03-12 02:15:00,222.96,3.9957,890.88,1811.85,0.222719,49.89,0.845
2025-03-12 02:30:00,221.17,2.2391,495.22,887.65,0.123804,49.95,0.929
2025-03-12 02:45:00,218.28,2.6564,579.83,1080.45,0.144958,50.00,0.968
2025-03-12 03:00:00,224.50,2.4470,549.36,1183.64,0.137340,49.94,0.970
2025-03-12 03:15:00,222.86,4.0644,905.80,1759.14,0.226449,50.15,0.939
2025-03-12 03:30:00,222.41,2.3060,512.88,864.49,0.128221,49.88,0.942
2025-03-12 03:45:00,223.87,2.4742,553.91,1081.02,0.138476,49.81,0.968
2025-03-12 04:00:00,220.35,2.2431,494.28,930.50,0.123570,50.05,0.919
2025-03-12 04:15:00,222.82,2.5744,573.61,1178.70,0.143402,50.07,0.869
2025-03-12 04:30:00,217.92,2.5069,546.30,895.31,0.136575,50.10,0.954
2025-03-12 04:45:00,219.21,2.7027,592.47,960.05,0.148117,49.90,0.891
2025-03-12 05:00:00,217.74,3.4122,742.96,1187.95,0.185740,49.96,0.964
2025-03-12 05:15:00,226.88,2.6070,591.49,1268.87,0.147872,50.14,0.932
2025-03-12 05:30:00,226.21,3.2644,738.45,1461.00,0.184612,49.83,0.892
2025-03-12 05:45:00,223.59,2.8550,638.36,932.78,0.159591,50.14,0.915
2025-03-12 06:00:00,218.94,3.1053,679.87,1476.88,0.169968,50.07,0.839
2025-03-12 06:15:00,222.68,3.0809,686.06,1403.93,0.171514,50.14,0.980
2025-03-12 06:30:00,223.50,4.3861,980.28,2088.18,0.245069,50.01,0.842
2025-03-12 06:45:00,222.60,4.5562,1014.23,1493.48,0.253557,50.09,0.969
2025-03-12 07:00:00,217.91,2.4238,528.16,1035.22,0.132040,49.99,0.879
2025-03-12 07:15:00,218.11,2.2425,489.10,887.53,0.122276,50.07,0.899
2025-03-12 07:30:00,225.12,3.9100,880.21,1410.66,0.220051,49.98,0.914
2025-03-12 07:45:00,224.71,2.3772,534.18,1158.02,0.133546,49.96,0.821
2025-03-12 08:00:00,220.63,2.5308,558.36,971.75,0.139589,49.82,0.879
2025-03-12 08:15:00,218.15,2.4416,532.63,1016.90,0.133159,49.89,0.935
2025-03-12 08:30:00,220.14,2.1832,480.61,1034.29,0.120152,49.98,0.823
2025-03-12 08:45:00,218.01,2.2168,483.29,795.79,0.120823,49.90,0.935
2025-03-12 09:00:00,223.66,3.1323,700.57,1038.13,0.175142,50.17,0.946
2025-03-12 09:15:00,223.16,3.2169,717.88,1147.95,0.179470,50.17,0.864
2025-03-12 09:30:00,220.87,3.5853,791.88,1563.84,0.197969,49.82,0.887
2025-03-12 09:45:00,220.13,3.7345,822.08,1740.66,0.205519,49.95,0.889
2025-03-12 10:00:00,219.17,4.2200,924.88,1644.62,0.231220,50.13,0.865
2025-03-12 10:15:00,218.68,4.5989,1005.68,1938.04,0.251419,50.00,0.849
2025-03-12 10:30:00,217.64,5.1150,1113.23,1732.41,0.278308,49.95,0.955
2025-03-12 10:45:00,218.93,4.8109,1053.24,1909.32,0.263309,50.16,0.922
2025-03-12 11:00:00,227.84,4.9855,1135.90,2460.02,0.283975,49.86,0.920
2025-03-12 11:15:00,223.03,4.6980,1047.82,2128.58,0.261955,50.03,0.873
2025-03-12 11:30:00,224.38,4.6636,1046.41,1861.68,0.261602,50.01,0.939
2025-03-12 11:45:00,217.57,4.9791,1083.27,2103.58,0.270819,50.09,0.974
2025-03-12 12:00:00,226.03,6.5559,1481.82,2730.33,0.370455,50.09,0.917
2025-03-12 12:15:00,223.64,5.7841,1293.54,2248.75,0.323385,50.19,0.863
2025-03-12 12:30:00,227.56,5.3338,1213.75,2253.44,0.303438,49.92,0.889
2025-03-12 12:45:00,220.35,5.5863,1230.92,1939.90,0.307730,49.89,0.944
2025-03-12 13:00:00,219.72,6.2396,1370.94,2148.73,0.342736,49.90,0.922
2025-03-12 13:15:00,222.24,5.3639,1192.10,1875.81,0.298025,50.11,0.926
2025-03-12 13:30:00,222.43,5.6883,1265.24,2726.54,0.316309,49.84,0.868
2025-03-12 13:45:00,227.14,6.2358,1416.37,2244.66,0.354094,49.90,0.825
2025-03-12 14:00:00,227.27,5.6003,1272.78,1791.46,0.318194,50.19,0.844
2025-03-12 14:15:00,225.75,4.5327,1023.28,1455.23,0.255820,50.13,0.840
2025-03-12 14:30:00,221.06,5.4912,1213.88,2509.55,0.303470,50.14,0.965
2025-03-12 14:45:00,225.78,5.7227,1292.06,2096.02,0.323015,50.06,0.903
2025-03-12 15:00:00,223.47,3.7647,841.28,1293.73,0.210319,49.96,0.952
2025-03-12 15:15:00,224.53,3.8768,870.44,1602.11,0.217609,49.82,0.862
2025-03-12 15:30:00,221.61,3.6354,805.63,1399.57,0.201407,49.81,0.954
2025-03-12 15:45:00,224.56,4.5846,1029.53,2226.22,0.257383,50.06,0.876
2025-03-12 16:00:00,223.33,2.9539,659.70,1377.88,0.164926,49.84,0.918
2025-03-12 16:15:00,221.24,2.8454,629.54,1018.08,0.157385,49.82,0.848
2025-03-12 16:30:00,222.93,3.1111,693.57,1409.06,0.173392,50.04,0.883
2025-03-12 16:45:00,219.74,2.3801,523.00,1038.34,0.130750,50.00,0.946
2025-03-12 17:00:00,222.22,1.7327,385.03,787.24,0.096259,49.99,0.909
2025-03-12 17:15:00,226.29,1.7082,386.54,766.51,0.096636,49.96,0.837
2025-03-12 17:30:00,218.35,2.6230,572.73,1249.37,0.143183,49.83,0.843
2025-03-12 17:45:00,221.50,1.7964,397.89,754.44,0.099473,50.01,0.939
2025-03-12 18:00:00,222.63,1.7773,395.69,725.17,0.098922,49.85,0.835
2025-03-12 18:15:00,223.38,1.4338,320.29,501.44,0.080073,50.10,0.854
2025-03-12 18:30:00,227.33,1.7739,403.26,693.03,0.100815,50.10,0.859
2025-03-12 18:45:00,222.02,1.7795,395.08,616.94,0.098771,50.01,0.924
2025-03-12 19:00:00,222.38,1.4097,313.50,633.46,0.078374,50.08,0.827
2025-03-12 19:15:00,223.86,1.2970,290.36,604.78,0.072590,50.10,0.826
2025-03-12 19:30:00,224.20,1.2685,284.40,428.48,0.071100,50.10,0.890
2025-03-12 19:45:00,225.27,1.6667,375.47,738.01,0.093867,49.98,0.954
2025-03-12 20:00:00,218.04,1.5886,346.39,758.21,0.086597,49.82,0.980
2025-03-12 20:15:00,223.57,1.6799,375.59,662.69,0.093897,49.81,0.947
2025-03-12 20:30:00,222.20,1.4242,316.47,662.67,0.079117,50.11,0.907
2025-03-12 20:45:00,224.81,1.3325,299.56,533.84,0.074891,50.02,0.944
2025-03-12 21:00:00,221.93,1.6572,367.77,642.96,0.091943,50.15,0.914
2025-03-12 21:15:00,217.99,1.4793,322.47,655.77,0.080617,49.97,0.826
2025-03-12 21:30:00,227.53,1.3810,314.21,586.97,0.078553,49.91,0.861
2025-03-12 21:45:00,224.41,1.5205,341.21,591.49,0.085302,49.96,0.951
2025-03-12 22:00:00,220.17,2.1831,480.66,932.77,0.120164,49.96,0.903
2025-03-12 22:15:00,218.28,2.9874,652.07,1226.39,0.163018,50.00,0.857
2025-03-12 22:30:00,226.41,1.7263,390.85,747.35,0.097713,49.90,0.943
2025-03-12 22:45:00,225.05,3.2221,725.12,1662.47,0.181281,49.82,0.893
2025-03-12 23:00:00,226.33,4.4088,997.85,1939.11,0.249462,50.12,0.824
2025-03-12 23:15:00,220.09,6.6828,1470.79,3447.77,0.367698,50.06,0.857
2025-03-12 23:30:00,221.75,4.7093,1044.29,2052.71,0.261073,49.89,0.947
2025-03-12 23:45:00,224.67,3.6294,815.44,1478.38,0.203859,50.11,0.920
2025-03-13 00:00:00,218.33,4.3019,939.23,1529.97,0.234808,50.14,0.879
2025-03-13 00:15:00,227.64,5.4480,1240.17,2379.50,0.310043,50.03,0.870
2025-03-13 00:30:00,224.20,5.0187,1125.17,2245.54,0.281292,50.00,0.872
2025-03-13 00:45:00,224.77,4.5010,1011.70,2029.22,0.252925,50.07,0.869
2025-03-13 01:00:00,226.72,3.8567,874.40,1392.33,0.218601,49.91,0.828
2025-03-13 01:15:00,222.07,3.7976,843.34,1758.45,0.210835,50.00,0.925
2025-03-13 01:30:00,225.22,3.7789,851.06,1835.38,0.212766,50.05,0.856
2025-03-13 01:45:00,222.64,3.8703,861.71,1877.55,0.215428,50.10,0.848
2025-03-13 02:00:00,226.48,2.7105,613.86,1145.67,0.153465,49.89,0.937
2025-03-13 02:15:00,223.30,2.0941,467.62,870.59,0.116905,49.89,0.894
2025-03-13 02:30:00,224.63,2.0874,468.91,1015.48,0.117226,50.16,0.967
2025-03-13 02:45:00,220.62,2.4797,547.06,1186.46,0.136765,49.85,0.910
2025-03-13 03:00:00,218.96,2.5395,556.04,876.26,0.139011,49.86,0.922
2025-03-13 03:15:00,218.46,2.3161,505.97,889.02,0.126491,49.97,0.963
2025-03-13 03:30:00,220.87,2.2656,500.40,1040.74,0.125100,50.06,0.960
2025-03-13 03:45:00,221.00,2.0851,460.80,833.47,0.115201,50.15,0.879
2025-03-13 04:00:00,225.10,2.4208,544.92,1016.60,0.136230,50.19,0.959
2025-03-13 04:15:00,219.01,2.3114,506.22,791.23,0.126556,49.93,0.923
2025-03-13 04:30:00,227.48,2.3492,534.40,1078.74,0.133600,50.04,0.979
2025-03-13 04:45:00,221.75,2.5511,565.72,998.25,0.141429,50.07,0.834
2025-03-13 05:00:00,227.50,3.2511,739.63,1588.95,0.184908,49.94,0.968
2025-03-13 05:15:00,221.34,2.9302,648.55,983.12,0.162138,49.81,0.959
2025-03-13 05:30:00,219.50,2.8552,626.73,1089.13,0.156684,50.01,0.941
2025-03-13 05:45:00,220.78,3.0718,678.19,963.55,0.169547,49.81,0.843
2025-03-13 06:00:00,220.75,2.5049,552.97,997.29,0.138241,50.20,0.833
2025-03-13 06:15:00,217.87,2.6964,587.47,1237.94,0.146867,49.85,0.889
2025-03-13 06:30:00,219.56,2.6219,575.67,951.43,0.143918,50.15,0.864
2025-03-13 06:45:00,218.18,2.9379,640.99,1164.25,0.160247,49.88,0.901
2025-03-13 07:00:00,223.05,2.1336,475.90,821.34,0.118974,49.83,0.900
2025-03-13 07:15:00,227.26,1.9032,432.53,754.80,0.108134,49.88,0.890
2025-03-13 07:30:00,219.26,2.4860,545.10,1151.17,0.136275,49.93,0.829
2025-03-13 07:45:00,224.39,3.5171,789.19,1274.09,0.197298,50.07,0.885
2025-03-13 08:00:00,219.80,2.7075,595.10,839.97,0.148774,50.10,0.913
2025-03-13 08:15:00,218.52,2.6920,588.24,828.03,0.147060,50.11,0.884
2025-03-13 08:30:00,224.27,2.5008,560.86,864.66,0.140215,49.92,0.824
2025-03-13 08:45:00,226.44,2.7775,628.94,967.19,0.157234,49.87,0.893
2025-03-13 09:00:00,227.36,3.3896,770.65,1431.75,0.192663,49.86,0.918
2025-03-13 09:15:00,226.78,3.4949,792.59,1689.78,0.198147,50.14,0.922
2025-03-13 09:30:00,218.17,3.3712,735.52,1210.08,0.183880,50.15,0.880
2025-03-13 09:45:00,224.79,2.8702,645.19,1377.33,0.161298,49.88,0.837
2025-03-13 10:00:00,223.77,3.8827,868.81,1533.24,0.217203,49.88,0.868
2025-03-13 10:15:00,217.84,4.8786,1062.74,1724.51,0.265685,50.11,0.895
2025-03-13 10:30:00,218.06,4.3878,956.82,1416.60,0.239205,50.01,0.959
2025-03-13 10:45:00,217.75,4.5244,985.20,1703.23,0.246301,50.14,0.924
2025-03-13 11:00:00,225.69,5.6583,1277.02,2526.44,0.319256,49.85,0.860
2025-03-13 11:15:00,220.87,4.9306,1089.01,2262.17,0.272252,50.05,0.846
2025-03-13 11:30:00,218.90,5.6556,1238.01,2059.44,0.309504,50.02,0.839
2025-03-13 11:45:00,218.76,5.0724,1109.67,1903.98,0.277417,50.05,0.843
2025-03-13 12:00:00,227.39,5.7324,1303.49,2769.23,0.325872,49.98,0.905
2025-03-13 12:15:00,219.46,5.5283,1213.25,2102.86,0.303312,49.87,0.906
2025-03-13 12:30:00,222.52,6.3425,1411.35,2048.17,0.352839,49.88,0.886
2025-03-13 12:45:00,219.74,6.8449,1504.06,2330.77,0.376016,49.86,0.855
2025-03-13 13:00:00,222.02,5.1896,1152.19,2528.18,0.288048,49.93,0.919
2025-03-13 13:15:00,219.00,5.4197,1186.91,2215.61,0.296726,49.99,0.975
2025-03-13 13:30:00,223.82,5.3065,1187.71,1725.70,0.296927,50.04,0.904
2025-03-13 13:45:00,220.76,5.2540,1159.88,2164.02,0.289971,50.17,0.931
2025-03-13 14:00:00,220.97,4.9941,1103.55,2185.36,0.275887,49.94,0.928
2025-03-13 14:15:00,222.84,5.6918,1268.39,2081.07,0.317097,49.91,0.840
2025-03-13 14:30:00,226.48,4.8790,1104.99,1979.25,0.276246,49.87,0.968
2025-03-13 14:45:00,217.67,6.9153,1505.23,3771.70,0.376308,50.12,0.853
2025-03-13 15:00:00,218.72,4.6681,1021.00,1525.51,0.255249,49.87,0.861
2025-03-13 15:15:00,223.50,4.5220,1010.69,1786.71,0.252673,50.00,0.962
2025-03-13 15:30:00,219.92,4.6727,1027.63,2043.51,0.256907,50.18,0.957
2025-03-13 15:45:00,222.90,4.3503,969.70,1816.14,0.242425,49.93,0.949
2025-03-13 16:00:00,222.75,2.9294,652.52,978.89,0.163131,49.92,0.828
2025-03-13 16:15:00,219.46,2.9492,647.22,1102.93,0.161804,49.91,0.910
2025-03-13 16:30:00,217.68,2.8684,624.40,880.92,0.156099,50.04,0.855
2025-03-13 16:45:00,222.22,2.6709,593.54,1064.77,0.148385,49.93,0.888
2025-03-13 17:00:00,225.16,1.7381,391.33,805.69,0.097833,49.93,0.852
2025-03-13 17:15:00,221.35,1.9574,433.28,792.25,0.108321,50.18,0.845
2025-03-13 17:30:00,227.20,1.8291,415.57,802.59,0.103892,49.80,0.925
2025-03-13 17:45:00,217.53,2.8179,612.97,1095.97,0.153243,50.02,0.966
2025-03-13 18:00:00,227.47,1.4806,336.80,623.33,0.084199,49.85,0.829
2025-03-13 18:15:00,224.45,1.3982,313.83,455.00,0.078459,49.83,0.919
2025-03-13 18:30:00,221.12,1.4313,316.49,461.41,0.079123,49.81,0.879
2025-03-13 18:45:00,221.75,1.6163,358.42,619.75,0.089605,49.87,0.856
2025-03-13 19:00:00,226.90,1.2408,281.54,495.17,0.070384,49.87,0.856
2025-03-13 19:15:00,224.22,1.4293,320.49,606.02,0.080121,50.06,0.871
2025-03-13 19:30:00,222.03,1.3838,307.25,626.11,0.076813,49.99,0.837
2025-03-13 19:45:00,223.54,1.6383,366.24,678.59,0.091561,49.89,0.890
2025-03-13 20:00:00,221.84,1.6661,369.60,710.35,0.092399,50.01,0.835
2025-03-13 20:15:00,226.09,1.6772,379.19,655.24,0.094797,49.94,0.836
2025-03-13 20:30:00,224.00,1.3679,306.41,599.03,0.076602,49.95,0.934
2025-03-13 20:45:00,217.76,1.3919,303.11,478.06,0.075778,49.81,0.919
2025-03-13 21:00:00,227.08,1.3902,315.70,623.26,0.078925,50.02,0.885
2025-03-13 21:15:00,227.69,1.5976,363.75,612.22,0.090937,50.00,0.879
2025-03-13 21:30:00,223.49,1.6298,364.25,793.78,0.091062,49.81,0.928
2025-03-13 21:45:00,224.07,1.7715,396.94,768.27,0.099235,50.14,0.908
2025-03-13 22:00:00,226.93,1.7953,407.40,643.61,0.101851,49.92,0.951
2025-03-13 22:15:00,218.81,1.7640,385.98,584.00,0.096494,49.93,0.917
2025-03-13 22:30:00,218.85,1.8358,401.76,606.50,0.100441,50.18,0.939
2025-03-13 22:45:00,225.03,1.9813,445.86,825.43,0.111465,49.89,0.962
2025-03-13 23:00:00,226.29,3.5266,798.03,1671.28,0.199507,50.14,0.890
2025-03-13 23:15:00,218.25,4.3009,938.66,1579.45,0.234666,50.09,0.847
2025-03-13 23:30:00,221.10,4.6837,1035.57,2237.60,0.258893,49.95,0.963
2025-03-13 23:45:00,223.07,3.9983,891.88,1727.30,0.222971,50.02,0.840
2025-03-14 00:00:00,226.44,4.3763,990.97,2056.65,0.247743,49.88,0.933
2025-03-14 00:15:00,219.52,4.7649,1045.98,1765.87,0.261494,49.80,0.967
2025-03-14 00:30:00,220.76,4.8492,1070.52,2139.69,0.267630,49.86,0.916
2025-03-14 00:45:00,221.66,9.2281,2045.47,3439.66,0.511366,50.00,0.909
2025-03-14 01:00:00,223.38,3.4887,779.31,1223.37,0.194828,50.04,0.826
2025-03-14 01:15:00,224.53,3.7534,842.74,1583.56,0.210686,49.97,0.825
2025-03-14 01:30:00,221.71,3.8985,864.34,1787.10,0.216085,50.02,0.869
2025-03-14 01:45:00,217.78,3.6775,800.89,1367.61,0.200223,50.02,0.919
2025-03-14 02:00:00,226.87,2.0678,469.12,900.57,0.117279,49.89,0.868
2025-03-14 02:15:00,221.83,2.8467,631.47,1178.14,0.157868,49.94,0.884
2025-03-14 02:30:00,225.75,2.4198,546.27,1152.01,0.136567,50.20,0.825
2025-03-14 02:45:00,227.70,2.6945,613.55,1095.16,0.153386,50.14,0.852
2025-03-14 03:00:00,221.41,1.9580,433.51,772.71,0.108378,49.93,0.890
2025-03-14 03:15:00,221.62,2.5324,561.22,955.39,0.140306,49.95,0.944
2025-03-14 03:30:00,221.78,2.0124,446.32,941.61,0.111580,50.17,0.905
2025-03-14 03:45:00,217.67,2.2522,490.24,857.46,0.122560,50.07,0.922
2025-03-14 04:00:00,223.20,2.1980,490.59,895.09,0.122648,50.03,0.862
2025-03-14 04:15:00,227.74,2.5287,575.90,917.79,0.143975,50.10,0.971
2025-03-14 04:30:00,223.67,2.6984,603.54,1231.45,0.150886,50.04,0.945
2025-03-14 04:45:00,226.02,2.2680,512.61,782.37,0.128152,50.05,0.887
2025-03-14 05:00:00,220.05,2.9278,644.26,1369.61,0.161065,50.08,0.837
2025-03-14 05:15:00,221.04,2.5520,564.08,1168.61,0.141021,50.08,0.886
2025-03-14 05:30:00,219.01,2.9190,639.28,912.65,0.159819,50.01,0.889
2025-03-14 05:45:00,224.96,3.1041,698.30,1270.44,0.174576,49.93,0.886
2025-03-14 06:00:00,221.02,2.3756,525.05,960.06,0.131264,49.83,0.909
2025-03-14 06:15:00,227.56,2.6498,602.97,1300.29,0.150743,50.14,0.917
2025-03-14 06:30:00,223.06,2.8884,644.28,984.61,0.161069,49.86,0.852
2025-03-14 06:45:00,222.02,3.0109,668.47,1466.24,0.167118,49.84,0.895
2025-03-14 07:00:00,225.46,2.2367,504.29,925.24,0.126074,49.85,0.834
2025-03-14 07:15:00,227.31,2.3836,541.81,957.48,0.135453,49.94,0.869
2025-03-14 07:30:00,220.50,2.4210,533.84,935.44,0.133459,50.11,0.848
2025-03-14 07:45:00,222.86,2.4329,542.21,982.46,0.135553,50.20,0.868
2025-03-14 08:00:00,226.72,2.3251,527.16,925.56,0.131790,49.85,0.889
2025-03-14 08:15:00,218.59,2.3355,510.52,1012.37,0.127631,49.98,0.897
2025-03-14 08:30:00,225.94,2.7854,629.32,967.06,0.157330,49.99,0.955
2025-03-14 08:45:00,223.80,2.3949,535.99,1084.07,0.133997,49.94,0.929
2025-03-14 09:00:00,219.18,3.1936,699.97,1057.00,0.174992,50.16,0.951
2025-03-14 09:15:00,227.77,3.0800,701.51,1090.18,0.175377,50.04,0.880
2025-03-14 09:30:00,221.70,3.4153,757.17,1566.24,0.189292,49.84,0.975
2025-03-14 09:45:00,223.19,3.2506,725.53,1446.05,0.181382,49.84,0.974
2025-03-14 10:00:00,219.10,5.1427,1126.75,2221.75,0.281687,49.99,0.821
2025-03-14 10:15:00,222.66,4.6899,1044.24,1735.87,0.261060,49.90,0.970
2025-03-14 10:30:00,224.93,4.4849,1008.81,1471.58,0.252203,49.93,0.865
2025-03-14 10:45:00,226.99,5.5931,1269.58,2726.89,0.317396,49.84,0.834
2025-03-14 11:00:00,227.12,7.1927,1633.57,3674.27,0.408393,50.12,0.910
2025-03-14 11:15:00,222.29,4.5829,1018.75,1865.05,0.254686,49.96,0.880
2025-03-14 11:30:00,222.12,5.5523,1233.26,2679.96,0.308316,50.20,0.915
2025-03-14 11:45:00,221.88,4.7048,1043.90,2126.27,0.260976,49.89,0.972
2025-03-14 12:00:00,223.98,6.5480,1466.62,2330.35,0.366656,49.89,0.895
2025-03-14 12:15:00,218.37,6.8595,1497.91,2147.99,0.374477,50.16,0.834
2025-03-14 12:30:00,225.37,4.9845,1123.35,2462.05,0.280837,50.12,0.912
2025-03-14 12:45:00,221.39,6.1677,1365.48,2928.04,0.341371,49.85,0.895
2025-03-14 13:00:00,226.54,4.8154,1090.86,1542.40,0.272714,49.87,0.824
2025-03-14 13:15:00,227.80,4.9066,1117.73,1691.50,0.279432,50.11,0.959
2025-03-14 13:30:00,219.46,5.2679,1156.08,1813.16,0.289021,50.10,0.827
2025-03-14 13:45:00,219.33,6.6209,1452.17,2443.23,0.363043,49.92,0.868
2025-03-14 14:00:00,217.98,5.7009,1242.66,2554.12,0.310666,49.87,0.914
2025-03-14 14:15:00,220.92,5.0878,1123.98,1605.16,0.280996,49.98,0.941
2025-03-14 14:30:00,219.57,4.5654,1002.45,1659.51,0.250614,49.93,0.922
2025-03-14 14:45:00,222.64,5.1817,1153.66,2485.55,0.288416,50.15,0.830
2025-03-14 15:00:00,218.06,3.9645,864.48,1810.60,0.216120,50.15,0.960
2025-03-14 15:15:00,222.41,4.4449,988.57,1708.33,0.247143,50.03,0.937
2025-03-14 15:30:00,221.04,3.9341,869.61,1625.17,0.217401,50.02,0.951
2025-03-14 15:45:00,218.54,4.6830,1023.42,2088.56,0.255855,50.17,0.970
2025-03-14 16:00:00,218.29,3.1830,694.81,1055.33,0.173701,50.03,0.909
2025-03-14 16:15:00,225.65,3.0266,682.95,1358.72,0.170736,50.18,0.975
2025-03-14 16:30:00,227.99,2.2583,514.87,894.08,0.128717,50.06,0.921
2025-03-14 16:45:00,221.72,2.5507,565.55,1221.50,0.141389,49.82,0.946
2025-03-14 17:00:00,225.23,3.5425,797.88,1126.00,0.199471,50.16,0.960
2025-03-14 17:15:00,222.26,1.7720,393.85,643.23,0.098463,49.95,0.939
2025-03-14 17:30:00,220.74,1.6559,365.53,647.09,0.091383,50.03,0.876
2025-03-14 17:45:00,224.78,1.8145,407.87,809.07,0.101967,50.02,0.860
2025-03-14 18:00:00,219.16,1.7114,375.08,710.36,0.093769,49.95,0.980
2025-03-14 18:15:00,226.14,1.7686,399.94,622.19,0.099985,50.19,0.849
2025-03-14 18:30:00,224.51,1.8873,423.72,677.30,0.105929,50.17,0.855
2025-03-14 18:45:00,224.93,1.8761,422.00,746.86,0.105499,50.04,0.874
2025-03-14 19:00:00,220.55,1.7975,396.45,833.56,0.099112,50.18,0.951
2025-03-14 19:15:00,223.83,1.6657,372.83,546.89,0.093208,50.00,0.828
2025-03-14 19:30:00,220.91,1.5508,342.59,695.52,0.085649,49.80,0.930
2025-03-14 19:45:00,227.79,1.5810,360.14,783.55,0.090035,49.85,0.933
2025-03-14 20:00:00,219.54,1.7289,379.56,675.00,0.094890,49.94,0.842
2025-03-14 20:15:00,224.90,1.4712,330.89,480.88,0.082721,49.97,0.848
2025-03-14 20:30:00,225.20,1.5681,353.14,609.84,0.088286,49.91,0.936
2025-03-14 20:45:00,219.31,1.7179,376.77,634.92,0.094191,49.84,0.840
2025-03-14 21:00:00,219.64,1.6396,360.11,639.57,0.090028,49.97,0.933
2025-03-14 21:15:00,220.21,1.9717,434.18,839.39,0.108546,50.11,0.901
2025-03-14 21:30:00,217.70,1.5819,344.38,654.86,0.086095,50.17,0.889
2025-03-14 21:45:00,219.55,1.8709,410.76,582.92,0.102689,50.17,0.919
2025-03-14 22:00:00,222.01,1.9718,437.76,881.31,0.109440,49.99,0.880
2025-03-14 22:15:00,225.30,2.4272,546.85,1000.66,0.136712,50.14,0.911
2025-03-14 22:30:00,224.17,2.0552,460.71,923.50,0.115177,49.95,0.912
2025-03-14 22:45:00,218.05,3.5307,769.87,1535.33,0.192468,50.03,0.836
2025-03-14 23:00:00,223.96,4.7842,1071.49,1558.57,0.267873,49.88,0.979
2025-03-14 23:15:00,224.88,5.0263,1130.29,1987.86,0.282572,50.08,0.952
2025-03-14 23:30:00,223.14,4.2660,951.89,1965.97,0.237973,49.95,0.874
2025-03-14 23:45:00,223.03,4.9570,1105.57,1701.70,0.276392,49.87,0.882
2025-03-15 00:00:00,220.37,6.0808,1340.03,2436.97,0.335008,49.98,0.876
2025-03-15 00:15:00,218.65,6.2926,1375.88,2179.84,0.343969,49.88,0.950
2025-03-15 00:30:00,222.27,6.5796,1462.45,3138.12,0.365614,50.08,0.930
2025-03-15 00:45:00,223.87,6.4415,1442.03,2185.51,0.360508,49.93,0.873
2025-03-15 01:00:00,224.86,4.0709,915.38,1532.46,0.228845,50.12,0.833
2025-03-15 01:15:00,225.36,5.0343,1134.53,2124.93,0.283633,50.06,0.850
2025-03-15 01:30:00,225.61,4.4601,1006.23,1752.58,0.251558,50.07,0.905
2025-03-15 01:45:00,221.11,4.6476,1027.63,1951.77,0.256908,50.14,0.887
2025-03-15 02:00:00,219.28,2.6069,571.63,1242.17,0.142907,50.07,0.946
2025-03-15 02:15:00,217.60,2.8869,628.18,913.02,0.157045,49.82,0.945
2025-03-15 02:30:00,218.07,2.9336,639.74,1344.61,0.159935,50.00,0.915
2025-03-15 02:45:00,218.96,4.4551,975.49,2573.73,0.243872,49.81,0.866
2025-03-15 03:00:00,227.61,2.5625,583.26,1097.33,0.145814,50.17,0.969
2025-03-15 03:15:00,227.29,2.6268,597.07,937.40,0.149266,49.93,0.921
2025-03-15 03:30:00,221.03,2.1939,484.92,728.05,0.121229,50.09,0.910
2025-03-15 03:45:00,223.70,2.7463,614.33,1010.65,0.153584,49.94,0.823
2025-03-15 04:00:00,223.82,3.0327,678.78,1286.46,0.169695,50.08,0.851
2025-03-15 04:15:00,227.93,2.4633,561.45,1199.10,0.140363,50.18,0.876
2025-03-15 04:30:00,219.27,2.4769,543.11,988.45,0.135778,49.91,0.928
2025-03-15 04:45:00,221.22,2.9836,660.03,1302.92,0.165008,50.16,0.964
2025-03-15 05:00:00,223.78,3.3538,750.51,1588.71,0.187628,49.82,0.974
2025-03-15 05:15:00,218.66,3.2300,706.27,1021.22,0.176567,49.90,0.879
2025-03-15 05:30:00,223.22,3.0199,674.09,1084.64,0.168524,50.18,0.940
2025-03-15 05:45:00,224.87,3.5255,792.78,1683.41,0.198195,49.84,0.925
2025-03-15 06:00:00,227.57,3.4371,782.18,1615.69,0.195546,50.08,0.827
2025-03-15 06:15:00,225.99,4.3049,972.85,2123.88,0.243212,49.90,0.964
2025-03-15 06:30:00,222.13,3.5354,785.33,1612.97,0.196333,50.03,0.858
2025-03-15 06:45:00,226.47,3.1435,711.92,1056.89,0.177979,50.01,0.905
2025-03-15 07:00:00,227.01,2.1597,490.27,1014.73,0.122568,49.83,0.913
2025-03-15 07:15:00,223.74,2.4903,557.17,803.59,0.139293,50.06,0.971
2025-03-15 07:30:00,218.99,2.8182,617.15,1323.52,0.154288,50.01,0.951
2025-03-15 07:45:00,222.65,2.7028,601.78,874.62,0.150445,50.18,0.837
2025-03-15 08:00:00,218.78,4.8838,1068.51,1535.98,0.267127,50.13,0.931
2025-03-15 08:15:00,223.14,2.7866,621.80,969.40,0.155451,49.93,0.966
2025-03-15 08:30:00,219.49,3.0280,664.62,1027.83,0.166155,50.06,0.860
2025-03-15 08:45:00,220.36,2.8296,623.53,1094.59,0.155882,49.95,0.875
2025-03-15 09:00:00,221.13,3.9972,883.92,1303.82,0.220979,50.06,0.949
2025-03-15 09:15:00,222.56,3.2904,732.32,1170.33,0.183079,50.07,0.852
2025-03-15 09:30:00,226.58,4.0947,927.79,1523.76,0.231946,50.14,0.972
2025-03-15 09:45:00,220.37,4.1752,920.09,1818.18,0.230022,50.19,0.923
2025-03-15 10:00:00,220.47,5.0102,1104.59,2100.18,0.276148,49.82,0.883
2025-03-15 10:15:00,225.15,8.7004,1958.92,4849.81,0.489729,50.16,0.891
2025-03-15 10:30:00,226.14,5.9412,1343.50,2605.98,0.335876,50.14,0.902
2025-03-15 10:45:00,222.19,7.3540,1633.99,2995.42,0.408498,49.81,0.841
2025-03-15 11:00:00,219.30,6.7571,1481.86,2758.49,0.370464,49.95,0.848
2025-03-15 11:15:00,226.58,6.6492,1506.58,3209.84,0.376645,50.05,0.967
2025-03-15 11:30:00,218.18,6.5329,1425.32,3134.43,0.356331,49.85,0.840
2025-03-15 11:45:00,223.35,6.7219,1501.35,3051.09,0.375338,50.03,0.830
2025-03-15 12:00:00,225.40,7.2815,1641.28,3101.81,0.410319,50.00,0.867
2025-03-15 12:15:00,223.28,7.6150,1700.28,2870.75,0.425069,50.07,0.873
2025-03-15 12:30:00,225.52,9.1639,2066.68,3820.11,0.516670,50.04,0.905
2025-03-15 12:45:00,226.48,7.5599,1712.14,3623.79,0.428035,50.12,0.844
2025-03-15 13:00:00,225.10,7.7377,1741.79,2522.27,0.435447,50.09,0.891
2025-03-15 13:15:00,226.60,7.4959,1698.57,3675.44,0.424643,49.98,0.931
2025-03-15 13:30:00,226.47,5.9742,1352.96,2652.60,0.338241,50.02,0.821
2025-03-15 13:45:00,220.76,7.3156,1615.02,2870.83,0.403756,49.96,0.958
2025-03-15 14:00:00,224.74,5.3512,1202.64,2441.30,0.300659,49.83,0.929
2025-03-15 14:15:00,220.42,6.1821,1362.64,1951.04,0.340659,49.90,0.950
2025-03-15 14:30:00,217.72,5.6422,1228.42,2522.74,0.307106,50.00,0.831
2025-03-15 14:45:00,222.97,5.3894,1201.70,2471.67,0.300426,50.04,0.876
2025-03-15 15:00:00,224.91,4.8261,1085.45,1860.11,0.271362,50.09,0.965
2025-03-15 15:15:00,223.11,5.3312,1189.45,2269.15,0.297363,50.09,0.944
2025-03-15 15:30:00,222.79,5.2722,1174.61,1834.01,0.293652,50.00,0.910
2025-03-15 15:45:00,227.15,4.1689,946.98,1905.55,0.236745,50.01,0.882
2025-03-15 16:00:00,225.81,3.0347,685.25,1164.76,0.171313,50.11,0.863
2025-03-15 16:15:00,217.86,3.1776,692.26,1027.68,0.173066,50.05,0.831
2025-03-15 16:30:00,220.24,2.7616,608.22,1308.31,0.152056,49.85,0.893
2025-03-15 16:45:00,219.12,3.0330,664.58,1191.71,0.166145,50.03,0.894
2025-03-15 17:00:00,227.78,2.1129,481.28,816.64,0.120320,49.94,0.831
2025-03-15 17:15:00,224.11,1.9186,429.99,718.32,0.107497,50.05,0.928
2025-03-15 17:30:00,225.83,2.7377,618.24,1466.66,0.154560,50.19,0.970
2025-03-15 17:45:00,224.05,2.0793,465.87,941.20,0.116468,49.97,0.829
2025-03-15 18:00:00,217.84,2.3433,510.46,819.11,0.127614,50.17,0.896
2025-03-15 18:15:00,219.29,1.6497,361.77,593.96,0.090442,50.05,0.957
2025-03-15 18:30:00,222.76,1.5886,353.88,638.52,0.088469,49.97,0.937
2025-03-15 18:45:00,226.54,1.5313,346.89,672.22,0.086723,49.97,0.842
2025-03-15 19:00:00,220.74,1.4472,319.45,536.45,0.079864,50.02,0.928
2025-03-15 19:15:00,224.75,1.6060,360.96,788.16,0.090240,50.09,0.907
2025-03-15 19:30:00,217.90,1.4603,318.19,695.27,0.079547,50.00,0.931
2025-03-15 19:45:00,222.78,1.8163,404.65,768.45,0.101162,50.04,0.859
2025-03-15 20:00:00,224.13,1.3640,305.71,608.02,0.076426,49.98,0.941
2025-03-15 20:15:00,219.33,1.7104,375.13,808.18,0.093783,50.15,0.917
2025-03-15 20:30:00,219.66,1.7454,383.38,683.13,0.095844,49.84,0.842
2025-03-15 20:45:00,220.92,1.8362,405.66,734.69,0.101416,50.20,0.971
2025-03-15 21:00:00,217.89,1.7130,373.24,727.83,0.093311,50.16,0.972
2025-03-15 21:15:00,220.01,1.5370,338.15,699.52,0.084538,49.89,0.843
2025-03-15 21:30:00,218.44,1.8045,394.19,657.27,0.098547,50.08,0.875
2025-03-15 21:45:00,222.27,1.9566,434.89,783.63,0.108723,50.19,0.977
2025-03-15 22:00:00,224.66,2.0251,454.95,909.77,0.113737,50.20,0.863
2025-03-15 22:15:00,225.80,2.1772,491.62,775.37,0.122905,49.88,0.850
2025-03-15 22:30:00,219.20,2.2076,483.91,680.05,0.120977,49.98,0.833
2025-03-15 22:45:00,225.52,2.3992,541.05,884.80,0.135263,50.06,0.942
2025-03-15 23:00:00,224.83,5.3114,1194.14,2175.14,0.298535,50.08,0.889
2025-03-15 23:15:00,224.30,4.9354,1107.00,1913.18,0.276751,50.03,0.976
2025-03-15 23:30:00,223.17,4.4534,993.85,2110.48,0.248463,50.04,0.854
2025-03-15 23:45:00,224.37,5.6804,1274.52,2672.60,0.318630,50.17,0.829
2025-03-16 00:00:00,221.32,6.0668,1342.72,2072.63,0.335681,49.86,0.908
2025-03-16 00:15:00,227.72,5.0993,1161.23,2181.50,0.290307,50.20,0.914
2025-03-16 00:30:00,223.43,6.0351,1348.39,1938.58,0.337098,49.84,0.826
2025-03-16 00:45:00,224.30,5.2986,1188.49,2174.86,0.297122,49.92,0.822
2025-03-16 01:00:00,223.68,5.2151,1166.50,2318.35,0.291625,50.12,0.933
2025-03-16 01:15:00,223.05,4.7454,1058.47,1751.16,0.264617,49.96,0.955
2025-03-16 01:30:00,224.74,4.6532,1045.77,1908.18,0.261443,50.19,0.902
2025-03-16 01:45:00,225.78,5.0874,1148.62,1862.07,0.287156,50.19,0.893
2025-03-16 02:00:00,224.86,3.0297,681.25,1066.93,0.170314,50.17,0.859
2025-03-16 02:15:00,225.15,2.9558,665.48,1039.60,0.166371,50.07,0.907
2025-03-16 02:30:00,224.67,2.9685,666.93,1364.47,0.166734,49.85,0.852
2025-03-16 02:45:00,226.55,2.4914,564.43,980.33,0.141107,50.11,0.913
2025-03-16 03:00:00,223.43,2.3816,532.13,975.30,0.133031,50.13,0.973
2025-03-16 03:15:00,222.92,2.1604,481.59,698.10,0.120398,49.84,0.822
2025-03-16 03:30:00,218.94,2.8864,631.94,1277.08,0.157986,50.16,0.842
2025-03-16 03:45:00,221.94,2.5563,567.35,1083.06,0.141837,50.00,0.956
2025-03-16 04:00:00,227.93,2.5170,573.70,963.40,0.143424,49.98,0.825
2025-03-16 04:15:00,218.02,2.7403,597.44,965.78,0.149361,49.86,0.974
2025-03-16 04:30:00,220.64,2.5700,567.05,1106.12,0.141763,50.13,0.885
2025-03-16 04:45:00,224.21,3.0247,678.15,1065.20,0.169537,50.14,0.866
2025-03-16 05:00:00,222.56,3.9135,870.99,1553.96,0.217747,50.14,0.956
2025-03-16 05:15:00,219.61,3.7035,813.31,1444.51,0.203326,49.82,0.925
2025-03-16 05:30:00,219.69,3.8482,845.40,1767.86,0.211349,50.00,0.916
2025-03-16 05:45:00,227.39,3.4675,788.46,1531.77,0.197114,49.80,0.827
2025-03-16 06:00:00,220.19,3.1924,702.94,1203.07,0.175735,50.08,0.911
2025-03-16 06:15:00,226.54,2.9045,657.96,1227.40,0.164491,50.11,0.883
2025-03-16 06:30:00,219.03,3.6625,802.20,1264.85,0.200550,49.93,0.830
2025-03-16 06:45:00,220.63,4.2652,941.03,2143.40,0.235257,50.13,0.872
2025-03-16 07:00:00,218.90,3.4154,747.64,1650.82,0.186910,49.98,0.831
2025-03-16 07:15:00,223.98,2.6765,599.47,979.54,0.149867,50.13,0.884
2025-03-16 07:30:00,221.47,2.5993,575.67,1245.99,0.143917,50.18,0.897
2025-03-16 07:45:00,220.88,2.4368,538.24,940.23,0.134560,49.94,0.926
2025-03-16 08:00:00,226.92,2.4101,546.90,943.36,0.136725,49.97,0.971
2025-03-16 08:15:00,217.54,3.0923,672.68,1170.92,0.168170,50.19,0.875
2025-03-16 08:30:00,224.60,2.6244,589.44,880.33,0.147360,50.04,0.849
2025-03-16 08:45:00,217.73,2.8086,611.51,1138.26,0.152877,49.94,0.846
2025-03-16 09:00:00,226.35,3.7711,853.57,1480.52,0.213393,50.17,0.891
2025-03-16 09:15:00,221.63,4.2565,943.36,1481.00,0.235841,49.90,0.951
2025-03-16 09:30:00,221.64,3.5811,793.70,1592.94,0.198426,49.98,0.960
2025-03-16 09:45:00,220.50,4.2151,929.43,1606.88,0.232358,49.92,0.975
2025-03-16 10:00:00,221.68,4.7712,1057.66,2298.75,0.264414,49.91,0.963
2025-03-16 10:15:00,224.21,6.0531,1357.14,2077.35,0.339285,49.98,0.954
2025-03-16 10:30:00,220.39,5.4733,1206.27,2616.47,0.301568,50.07,0.914
2025-03-16 10:45:00,224.18,4.9771,1115.78,1846.06,0.278944,50.02,0.909
2025-03-16 11:00:00,217.78,7.1742,1562.41,2684.75,0.390602,50.18,0.885
2025-03-16 11:15:00,217.76,7.3304,1596.29,3415.50,0.399073,50.17,0.917
2025-03-16 11:30:00,222.83,5.3071,1182.61,2586.49,0.295652,49.97,0.913
2025-03-16 11:45:00,227.61,9.6575,2198.16,5457.36,0.549539,49.99,0.891
2025-03-16 12:00:00,217.82,6.7990,1480.98,2214.62,0.370244,50.12,0.921
2025-03-16 12:15:00,226.24,7.4222,1679.21,3254.63,0.419803,49.80,0.882
2025-03-16 12:30:00,221.55,11.2944,2502.31,4316.55,0.625577,50.18,0.865
2025-03-16 12:45:00,222.90,7.2131,1607.83,2280.73,0.401958,50.20,0.850
2025-03-16 13:00:00,223.70,7.1872,1607.81,3233.85,0.401952,49.97,0.941
2025-03-16 13:15:00,227.70,6.2288,1418.32,2427.23,0.354580,50.00,0.830
2025-03-16 13:30:00,221.94,7.3984,1642.04,3126.76,0.410510,49.92,0.855
2025-03-16 13:45:00,221.62,9.8603,2185.25,4144.54,0.546312,50.17,0.878
2025-03-16 14:00:00,223.07,6.3527,1417.11,2255.74,0.354277,50.17,0.859
2025-03-16 14:15:00,224.62,5.2794,1185.87,2153.95,0.296469,50.08,0.921
2025-03-16 14:30:00,218.20,6.8183,1487.79,2976.40,0.371948,50.02,0.975
2025-03-16 14:45:00,221.15,5.9157,1308.26,1861.77,0.327066,49.96,0.973
2025-03-16 15:00:00,219.36,5.6117,1230.99,2180.22,0.307747,50.10,0.935
2025-03-16 15:15:00,221.61,5.3337,1182.02,1999.63,0.295505,50.13,0.908
2025-03-16 15:30:00,224.07,4.5826,1026.84,1649.26,0.256711,49.95,0.972
2025-03-16 15:45:00,220.44,4.5466,1002.24,1812.49,0.250559,49.82,0.901
2025-03-16 16:00:00,222.28,2.9417,653.87,1016.55,0.163467,49.87,0.837
2025-03-16 16:15:00,225.56,2.8955,653.12,1308.50,0.163279,49.92,0.870
2025-03-16 16:30:00,217.69,3.6748,799.99,1712.75,0.199997,49.98,0.887
2025-03-16 16:45:00,222.41,2.9831,663.47,1104.33,0.165868,49.92,0.822
2025-03-16 17:00:00,219.26,1.7901,392.50,651.46,0.098124,49.84,0.901
2025-03-16 17:15:00,220.36,1.8977,418.17,600.28,0.104542,49.87,0.872
2025-03-16 17:30:00,226.20,1.6450,372.10,567.68,0.093025,49.89,0.915
2025-03-16 17:45:00,217.62,1.5212,331.04,691.28,0.082759,50.18,0.920
2025-03-16 18:00:00,222.16,1.5994,355.32,768.57,0.088830,50.07,0.828
2025-03-16 18:15:00,227.34,1.5302,347.89,679.73,0.086972,49.85,0.932
2025-03-16 18:30:00,217.85,1.4455,314.89,543.67,0.078722,50.10,0.892
2025-03-16 18:45:00,227.00,1.5661,355.50,747.28,0.088875,49.84,0.897
2025-03-16 19:00:00,226.20,1.4235,322.00,687.83,0.080499,49.96,0.890
2025-03-16 19:15:00,220.65,2.0816,459.29,717.54,0.114823,49.99,0.843
2025-03-16 19:30:00,218.74,1.6165,353.59,707.74,0.088399,49.99,0.905
2025-03-16 19:45:00,221.59,1.7122,379.39,660.21,0.094848,50.13,0.926
2025-03-16 20:00:00,224.96,1.4232,320.17,496.24,0.080042,50.17,0.833
2025-03-16 20:15:00,223.38,1.2778,285.44,612.31,0.071359,49.84,0.838
2025-03-16 20:30:00,224.26,1.3765,308.69,631.58,0.077173,49.99,0.841
2025-03-16 20:45:00,221.27,1.2930,286.10,592.15,0.071524,49.86,0.884
2025-03-16 21:00:00,222.16,1.6879,374.99,651.88,0.093748,49.89,0.918
2025-03-16 21:15:00,219.10,1.4346,314.33,583.82,0.078581,50.11,0.962
2025-03-16 21:30:00,217.64,1.4990,326.25,482.03,0.081562,50.05,0.936
2025-03-16 21:45:00,223.72,2.4685,552.26,1003.12,0.138066,50.15,0.821
2025-03-16 22:00:00,225.45,1.7679,398.57,610.64,0.099643,50.07,0.904
2025-03-16 22:15:00,225.96,2.1678,489.85,862.45,0.122462,49.82,0.945
2025-03-16 22:30:00,222.75,2.0747,462.12,838.96,0.115530,50.02,0.933
2025-03-16 22:45:00,225.44,1.6630,374.90,541.18,0.093725,50.00,0.870
2025-03-16 23:00:00,226.93,4.1703,946.34,1421.61,0.236585,49.84,0.923
2025-03-16 23:15:00,218.80,4.5849,1003.19,2053.97,0.250797,49.80,0.863
2025-03-16 23:30:00,217.79,3.7693,820.93,1429.99,0.205233,49.85,0.869
2025-03-16 23:45:00,223.40,4.3274,966.74,1773.63,0.241686,49.98,0.946
2025-03-17 00:00:00,223.46,4.8647,1087.06,1859.23,0.271764,49.93,0.972
2025-03-17 00:15:00,223.36,5.5582,1241.49,2388.19,0.310371,49.81,0.830
2025-03-17 00:30:00,220.28,5.3415,1176.60,2552.02,0.294149,50.18,0.926
2025-03-17 00:45:00,220.20,4.8954,1077.97,1767.42,0.269491,49.91,0.963
2025-03-17 01:00:00,218.96,3.7824,828.21,1286.36,0.207052,50.06,0.893
2025-03-17 01:15:00,218.56,3.9462,862.50,1476.74,0.215624,49.94,0.872
2025-03-17 01:30:00,221.73,3.9947,885.75,1662.39,0.221438,49.82,0.887
2025-03-17 01:45:00,221.66,3.4820,771.81,1164.58,0.192953,50.11,0.967
2025-03-17 02:00:00,220.89,2.7965,617.74,1198.87,0.154435,49.87,0.877
2025-03-17 02:15:00,219.21,2.7227,596.86,889.81,0.149215,49.96,0.880
2025-03-17 02:30:00,223.05,2.4925,555.96,1074.59,0.138990,49.83,0.976
2025-03-17 02:45:00,226.82,2.5973,589.12,871.02,0.147279,50.02,0.906
2025-03-17 03:00:00,222.51,2.0910,465.27,980.30,0.116317,50.20,0.902
2025-03-17 03:15:00,217.73,2.1398,465.91,706.21,0.116477,50.01,0.964
2025-03-17 03:30:00,218.38,2.0689,451.82,735.52,0.112955,49.91,0.880
2025-03-17 03:45:00,221.19,2.3114,511.26,980.72,0.127815,50.07,0.858
2025-03-17 04:00:00,225.17,2.7533,619.97,911.90,0.154991,50.04,0.857
2025-03-17 04:15:00,217.63,3.9677,863.48,1408.99,0.215870,49.85,0.912
2025-03-17 04:30:00,222.81,2.8166,627.55,953.61,0.156889,50.06,0.926
2025-03-17 04:45:00,223.05,2.6960,601.34,1220.53,0.150334,50.00,0.890
2025-03-17 05:00:00,221.50,2.9912,662.55,1413.68,0.165638,49.88,0.882
2025-03-17 05:15:00,219.04,2.7185,595.48,1060.15,0.148870,49.94,0.856
2025-03-17 05:30:00,223.92,2.7333,612.03,1117.79,0.153008,49.86,0.859
2025-03-17 05:45:00,227.62,2.8475,648.15,1196.54,0.162036,49.93,0.962
2025-03-17 06:00:00,226.14,2.6096,590.13,980.59,0.147532,50.02,0.900
2025-03-17 06:15:00,225.18,3.0175,679.46,1169.26,0.169865,49.96,0.872
2025-03-17 06:30:00,218.77,2.4345,532.60,1033.82,0.133151,50.01,0.876
2025-03-17 06:45:00,227.96,2.9721,677.51,1319.30,0.169378,49.94,0.899
2025-03-17 07:00:00,218.81,2.0524,449.10,723.83,0.112276,50.19,0.892
2025-03-17 07:15:00,224.68,2.4078,541.00,1136.28,0.135249,50.05,0.908
2025-03-17 07:30:00,225.78,2.3965,541.09,918.25,0.135273,49.86,0.854
2025-03-17 07:45:00,224.04,2.4323,544.93,960.40,0.136233,50.03,0.974
2025-03-17 08:00:00,223.98,2.4808,555.66,965.64,0.138915,49.81,0.828
2025-03-17 08:15:00,225.17,2.1534,484.87,764.65,0.121218,49.92,0.925
2025-03-17 08:30:00,218.97,2.7193,595.44,971.08,0.148860,49.86,0.917
2025-03-17 08:45:00,226.50,2.2745,515.18,859.86,0.128795,49.85,0.910
2025-03-17 09:00:00,225.33,2.7113,610.94,887.50,0.152734,49.82,0.913
2025-03-17 09:15:00,222.96,3.6826,821.08,1739.92,0.205269,49.91,0.858
2025-03-17 09:30:00,220.02,3.5418,779.28,1290.51,0.194820,49.94,0.961
2025-03-17 09:45:00,217.54,3.2622,709.65,1120.42,0.177413,50.17,0.868
2025-03-17 10:00:00,225.30,4.6291,1042.96,1487.65,0.260740,50.12,0.979
2025-03-17 10:15:00,223.47,4.3747,977.61,1481.79,0.244402,49.82,0.961
2025-03-17 10:30:00,225.57,4.3847,989.06,1964.52,0.247265,49.91,0.961
2025-03-17 10:45:00,225.41,3.9181,883.17,1919.75,0.220793,50.16,0.891
2025-03-17 11:00:00,227.34,8.7187,1982.08,3675.30,0.495521,50.06,0.968
2025-03-17 11:15:00,223.19,4.4192,986.30,2168.89,0.246575,50.10,0.842
2025-03-17 11:30:00,223.58,4.5089,1008.09,1738.39,0.252023,49.99,0.858
2025-03-17 11:45:00,221.41,4.5879,1015.79,1491.09,0.253949,49.90,0.951
2025-03-17 12:00:00,224.09,6.4486,1445.06,2511.26,0.361266,50.12,0.850
2025-03-17 12:15:00,220.73,6.2624,1382.28,2053.66,0.345570,49.89,0.862
2025-03-17 12:30:00,223.85,6.3601,1423.72,2605.20,0.355930,50.03,0.933
2025-03-17 12:45:00,224.55,5.4237,1217.90,2665.08,0.304474,49.83,0.905
2025-03-17 13:00:00,222.48,5.5604,1237.08,2631.65,0.309270,50.12,0.894
2025-03-17 13:15:00,222.00,5.6438,1252.91,2489.07,0.313228,50.20,0.908
2025-03-17 13:30:00,222.68,8.5397,1901.62,3395.61,0.475405,50.00,0.976
2025-03-17 13:45:00,217.85,5.3565,1166.93,2213.36,0.291732,49.82,0.885
2025-03-17 14:00:00,225.08,5.8814,1323.79,2444.74,0.330947,50.14,0.892
2025-03-17 14:15:00,223.44,4.4393,991.93,1926.50,0.247983,49.91,0.939
2025-03-17 14:30:00,217.63,5.3022,1153.90,1696.67,0.288475,50.00,0.893
2025-03-17 14:45:00,221.97,5.4252,1204.23,2591.25,0.301056,49.82,0.830
2025-03-17 15:00:00,223.85,3.6067,807.35,1718.55,0.201836,49.98,0.907
2025-03-17 15:15:00,219.64,3.9404,865.48,1227.13,0.216370,49.92,0.946
2025-03-17 15:30:00,217.89,4.9273,1073.61,2285.53,0.268401,49.80,0.956
2025-03-17 15:45:00,222.07,4.1821,928.72,1945.48,0.232181,49.93,0.885
2025-03-17 16:00:00,226.58,4.5801,1037.75,2144.53,0.259438,50.01,0.917
2025-03-17 16:15:00,226.67,2.2986,521.01,1030.65,0.130252,50.02,0.897
2025-03-17 16:30:00,223.78,2.7120,606.88,917.51,0.151720,49.82,0.909
2025-03-17 16:45:00,219.41,3.0684,673.24,994.59,0.168309,49.85,0.925
2025-03-17 17:00:00,221.72,1.7367,385.06,679.35,0.096265,50.16,0.826
2025-03-17 17:15:00,221.22,1.9037,421.12,787.47,0.105280,50.02,0.912
2025-03-17 17:30:00,226.91,1.4872,337.47,585.76,0.084369,50.11,0.942
2025-03-17 17:45:00,223.18,1.8097,403.90,646.24,0.100976,50.01,0.939
2025-03-17 18:00:00,225.40,1.5249,343.72,526.33,0.085929,50.08,0.822
2025-03-17 18:15:00,218.19,1.6315,355.96,533.12,0.088991,49.94,0.931
2025-03-17 18:30:00,220.91,1.6947,374.38,688.18,0.093595,50.11,0.959
2025-03-17 18:45:00,222.82,1.3688,304.99,634.78,0.076248,50.06,0.939
2025-03-17 19:00:00,219.75,2.1905,481.37,1095.26,0.120342,49.91,0.976
2025-03-17 19:15:00,219.65,1.5728,345.46,539.73,0.086365,49.97,0.840
2025-03-17 19:30:00,219.77,1.5081,331.43,525.34,0.082858,49.99,0.836
2025-03-17 19:45:00,218.15,1.6787,366.20,739.83,0.091550,49.87,0.906
2025-03-17 20:00:00,223.45,1.5499,346.32,638.00,0.086581,49.91,0.886
2025-03-17 20:15:00,221.32,1.5863,351.08,639.09,0.087769,49.90,0.876
2025-03-17 20:30:00,225.03,1.4523,326.82,707.69,0.081704,50.09,0.877
2025-03-17 20:45:00,225.77,1.3133,296.51,611.50,0.074127,49.83,0.880
2025-03-17 21:00:00,225.51,1.4501,327.00,581.17,0.081750,49.86,0.880
2025-03-17 21:15:00,218.81,1.7154,375.35,786.44,0.093837,50.06,0.821
2025-03-17 21:30:00,227.27,2.5560,580.90,1169.80,0.145226,49.97,0.875
2025-03-17 21:45:00,219.66,1.6881,370.79,718.27,0.092698,50.11,0.932
2025-03-17 22:00:00,221.97,1.7512,388.70,583.92,0.097175,50.12,0.976
2025-03-17 22:15:00,225.43,2.0513,462.43,927.47,0.115608,50.18,0.846
2025-03-17 22:30:00,223.70,1.7140,383.41,795.57,0.095852,50.00,0.970
2025-03-17 22:45:00,224.37,2.1124,473.96,1002.53,0.118489,50.05,0.945
2025-03-17 23:00:00,222.10,4.3099,957.26,1946.74,0.239314,49.88,0.919
2025-03-17 23:15:00,223.85,7.3118,1636.77,2749.76,0.409193,49.95,0.881
2025-03-17 23:30:00,219.62,3.6531,802.30,1747.24,0.200575,49.87,0.926
2025-03-17 23:45:00,223.26,3.7817,844.31,1781.81,0.211077,50.19,0.847
2025-03-18 00:00:00,218.31,4.9644,1083.78,1635.34,0.270945,50.17,0.937
2025-03-18 00:15:00,226.98,4.3407,985.27,1769.28,0.246317,50.14,0.877
2025-03-18 00:30:00,218.16,4.3639,952.04,1907.19,0.238011,49.80,0.919
2025-03-18 00:45:00,225.43,6.8855,1552.17,3569.10,0.388042,50.10,0.889
2025-03-18 01:00:00,219.38,3.7038,812.55,1711.03,0.203136,49.94,0.855
2025-03-18 01:15:00,219.21,4.1147,901.97,1292.08,0.225493,49.97,0.924
2025-03-18 01:30:00,217.91,4.1424,902.65,1592.70,0.225663,50.07,0.865
2025-03-18 01:45:00,219.91,4.0255,885.25,1471.04,0.221313,50.00,0.913
2025-03-18 02:00:00,224.38,2.5754,577.86,1223.29,0.144466,49.94,0.863
2025-03-18 02:15:00,219.18,2.3012,504.38,848.72,0.126095,49.81,0.858
2025-03-18 02:30:00,226.84,2.3358,529.84,869.21,0.132460,49.89,0.967
2025-03-18 02:45:00,226.76,2.5441,576.89,1047.26,0.144222,49.92,0.843
2025-03-18 03:00:00,225.88,2.1963,496.12,973.90,0.124029,49.98,0.829
2025-03-18 03:15:00,223.02,1.9007,423.89,741.11,0.105973,50.20,0.908
2025-03-18 03:30:00,224.29,1.9582,439.22,897.09,0.109806,49.97,0.901
2025-03-18 03:45:00,221.07,2.5435,562.29,813.68,0.140573,49.96,0.947
2025-03-18 04:00:00,221.37,2.1227,469.90,775.42,0.117475,50.16,0.849
2025-03-18 04:15:00,221.52,2.4255,537.31,1120.09,0.134328,49.99,0.907
2025-03-18 04:30:00,227.61,2.6089,593.80,858.83,0.148449,50.11,0.821
2025-03-18 04:45:00,223.99,2.3026,515.76,816.26,0.128939,49.91,0.957
2025-03-18 05:00:00,223.33,2.7585,616.07,944.69,0.154018,49.83,0.974
2025-03-18 05:15:00,220.18,2.6206,577.02,1125.21,0.144255,50.02,0.872
2025-03-18 05:30:00,218.81,3.2494,710.99,1547.51,0.177747,49.80,0.906
2025-03-18 05:45:00,222.43,3.0311,674.22,1218.11,0.168556,49.90,0.942
2025-03-18 06:00:00,219.37,3.6958,810.74,2099.48,0.202685,49.87,0.956
2025-03-18 06:15:00,219.80,2.8182,619.44,1277.75,0.154859,50.14,0.898
2025-03-18 06:30:00,223.98,2.4089,539.56,902.74,0.134890,49.91,0.912
2025-03-18 06:45:00,220.00,2.6834,590.37,856.23,0.147593,50.08,0.954
2025-03-18 07:00:00,219.79,2.5733,565.57,895.27,0.141393,50.14,0.862
2025-03-18 07:15:00,224.32,2.3668,530.92,754.71,0.132731,50.00,0.844
2025-03-18 07:30:00,224.21,2.2766,510.44,1053.76,0.127610,49.88,0.839
2025-03-18 07:45:00,221.16,2.2736,502.83,1089.56,0.125707,49.92,0.855
2025-03-18 08:00:00,222.52,2.7699,616.35,1064.08,0.154088,50.05,0.950
2025-03-18 08:15:00,226.01,2.4253,548.15,944.31,0.137037,50.05,0.970
2025-03-18 08:30:00,225.02,2.2905,515.40,1020.15,0.128851,49.86,0.891
2025-03-18 08:45:00,220.91,2.5070,553.82,955.80,0.138456,50.17,0.852
2025-03-18 09:00:00,218.56,3.3549,733.25,1553.15,0.183312,50.17,0.841
2025-03-18 09:15:00,219.30,3.0226,662.84,1373.23,0.165711,49.91,0.890
2025-03-18 09:30:00,226.04,3.5709,807.16,1637.27,0.201789,50.09,0.970
2025-03-18 09:45:00,219.95,3.0986,681.53,1475.49,0.170382,50.16,0.907
2025-03-18 10:00:00,217.72,5.1962,1131.34,1699.28,0.282835,50.07,0.850
2025-03-18 10:15:00,225.75,4.8433,1093.40,2020.38,0.273349,50.02,0.877
2025-03-18 10:30:00,219.63,4.8306,1060.96,2281.89,0.265240,49.89,0.868
2025-03-18 10:45:00,222.02,4.5608,1012.61,1716.81,0.253152,49.95,0.835
2025-03-18 11:00:00,220.87,5.6945,1257.74,2648.17,0.314435,50.19,0.933
2025-03-18 11:15:00,221.90,5.4952,1219.39,2152.58,0.304847,49.89,0.863
2025-03-18 11:30:00,219.88,5.6548,1243.38,2346.44,0.310845,50.05,0.914
2025-03-18 11:45:00,226.44,4.5128,1021.87,2133.16,0.255467,50.18,0.979
2025-03-18 12:00:00,226.94,5.2130,1183.05,1938.47,0.295763,50.09,0.875
2025-03-18 12:15:00,222.52,6.1681,1372.52,2723.71,0.343130,50.16,0.943
2025-03-18 12:30:00,221.39,5.4817,1213.62,2552.94,0.303405,49.98,0.839
2025-03-18 12:45:00,218.49,6.1206,1337.31,2549.77,0.334326,50.13,0.845
2025-03-18 13:00:00,225.65,7.8509,1771.53,3987.69,0.442883,49.95,0.954
2025-03-18 13:15:00,226.53,5.3381,1209.26,2429.40,0.302315,49.84,0.893
2025-03-18 13:30:00,219.06,5.4600,1196.10,2301.97,0.299025,49.81,0.940
2025-03-18 13:45:00,219.02,5.5432,1214.07,2020.77,0.303517,50.19,0.837
2025-03-18 14:00:00,222.62,5.3822,1198.18,2438.92,0.299545,49.94,0.943
2025-03-18 14:15:00,224.84,5.8062,1305.45,1849.40,0.326362,49.99,0.892
2025-03-18 14:30:00,221.21,5.3641,1186.59,1980.91,0.296648,50.14,0.866
2025-03-18 14:45:00,220.21,4.5654,1005.37,1421.13,0.251342,50.19,0.963
2025-03-18 15:00:00,222.29,3.7350,830.26,1432.35,0.207565,49.91,0.915
2025-03-18 15:15:00,224.22,4.6673,1046.49,1744.64,0.261623,49.91,0.973
2025-03-18 15:30:00,219.12,4.4520,975.52,2082.56,0.243880,49.93,0.953
2025-03-18 15:45:00,217.72,4.4494,968.72,1687.91,0.242180,49.92,0.951
2025-03-18 16:00:00,223.91,2.8972,648.73,1124.64,0.162182,49.89,0.881
2025-03-18 16:15:00,223.72,2.5387,567.97,926.32,0.141992,50.13,0.897
2025-03-18 16:30:00,226.29,2.7911,631.60,1126.99,0.157900,50.02,0.861
2025-03-18 16:45:00,227.25,2.5868,587.86,1291.72,0.146964,49.95,0.851
2025-03-18 17:00:00,218.65,2.0246,442.69,904.34,0.110671,49.88,0.882
2025-03-18 17:15:00,224.76,1.6354,367.59,803.51,0.091896,50.04,0.844
2025-03-18 17:30:00,222.63,1.8520,412.32,681.35,0.103080,49.97,0.958
2025-03-18 17:45:00,223.06,1.6252,362.52,643.41,0.090629,49.82,0.937
2025-03-18 18:00:00,223.48,2.1389,478.01,1152.63,0.119503,49.85,0.953
2025-03-18 18:15:00,224.98,1.7105,384.82,624.01,0.096204,49.96,0.961
2025-03-18 18:30:00,225.43,1.4848,334.71,667.53,0.083676,49.86,0.959
2025-03-18 18:45:00,219.89,1.4828,326.06,668.35,0.081514,49.83,0.896
2025-03-18 19:00:00,221.85,1.6851,373.84,611.24,0.093461,49.90,0.852
2025-03-18 19:15:00,221.94,1.2913,286.59,445.02,0.071648,49.98,0.831
2025-03-18 19:30:00,223.89,1.2841,287.51,481.24,0.071877,49.91,0.865
2025-03-18 19:45:00,218.34,1.2962,283.01,601.26,0.070753,50.09,0.893
2025-03-18 20:00:00,218.25,1.4141,308.61,515.74,0.077153,50.12,0.951
2025-03-18 20:15:00,224.55,1.4679,329.62,563.06,0.082405,49.97,0.941
2025-03-18 20:30:00,224.84,1.6340,367.38,664.69,0.091844,49.82,0.891
2025-03-18 20:45:00,223.53,1.4430,322.57,476.02,0.080642,49.90,0.958
2025-03-18 21:00:00,226.02,1.7537,396.36,775.35,0.099091,49.81,0.828
2025-03-18 21:15:00,225.33,2.3028,518.89,1342.08,0.129722,50.06,0.843
2025-03-18 21:30:00,218.97,1.4702,321.94,518.33,0.080485,50.15,0.843
2025-03-18 21:45:00,221.38,1.7686,391.53,553.79,0.097882,49.83,0.868
2025-03-18 22:00:00,227.55,2.1157,481.42,976.74,0.120355,49.96,0.948
2025-03-18 22:15:00,227.00,1.8221,413.62,796.04,0.103406,49.88,0.947
2025-03-18 22:30:00,222.09,1.7916,397.89,609.99,0.099474,49.91,0.971
2025-03-18 22:45:00,222.45,2.2479,500.04,970.45,0.125011,50.11,0.831
2025-03-18 23:00:00,218.98,4.8649,1065.32,1581.15,0.266330,50.18,0.869
2025-03-18 23:15:00,225.10,3.5356,795.87,1203.27,0.198967,50.20,0.899
2025-03-18 23:30:00,224.80,4.3583,979.75,2069.69,0.244937,49.97,0.891
2025-03-18 23:45:00,226.83,3.7161,842.93,1528.92,0.210733,49.90,0.954
2025-03-19 00:00:00,222.34,5.0279,1117.90,1765.91,0.279475,49.84,0.833
2025-03-19 00:15:00,218.81,5.3542,1171.56,2251.98,0.292889,50.14,0.881
2025-03-19 00:30:00,221.92,4.9073,1089.01,2242.18,0.272253,50.18,0.971
2025-03-19 00:45:00,220.73,4.3333,956.52,1933.03,0.239129,50.01,0.848
2025-03-19 01:00:00,222.92,4.0273,897.76,1722.07,0.224440,49.83,0.927
2025-03-19 01:15:00,218.77,5.5176,1207.08,2610.54,0.301770,50.13,0.959
2025-03-19 01:30:00,224.26,4.3347,972.07,2073.52,0.243018,50.09,0.872
2025-03-19 01:45:00,227.35,3.9551,899.21,1565.40,0.224801,50.18,0.970
2025-03-19 02:00:00,227.22,2.3929,543.72,1178.97,0.135930,50.13,0.865
2025-03-19 02:15:00,219.17,2.4270,531.92,1031.91,0.132980,50.06,0.879
2025-03-19 02:30:00,223.20,2.2700,506.66,1012.82,0.126664,49.96,0.957
2025-03-19 02:45:00,224.97,2.0877,469.67,772.70,0.117418,50.14,0.828
2025-03-19 03:00:00,226.22,2.3849,539.52,1025.04,0.134881,50.09,0.950
2025-03-19 03:15:00,225.79,2.4078,543.65,1043.86,0.135912,49.87,0.871
2025-03-19 03:30:00,226.89,3.8981,884.45,1163.09,0.221112,49.92,0.828
2025-03-19 03:45:00,227.64,1.9758,449.78,989.25,0.112444,50.09,0.892
2025-03-19 04:00:00,225.05,2.5958,584.18,1086.29,0.146045,49.83,0.932
2025-03-19 04:15:00,227.52,2.7586,627.63,889.05,0.156909,49.82,0.900
2025-03-19 04:30:00,223.62,2.3709,530.18,942.80,0.132544,50.00,0.944
2025-03-19 04:45:00,224.17,2.5369,568.70,916.55,0.142174,49.87,0.860
2025-03-19 05:00:00,219.14,3.3013,723.44,1584.66,0.180860,49.99,0.859
2025-03-19 05:15:00,223.33,2.5304,565.12,909.73,0.141279,49.95,0.891
2025-03-19 05:30:00,220.93,2.5493,563.23,1184.73,0.140808,49.99,0.967
2025-03-19 05:45:00,220.20,3.3278,732.77,1477.26,0.183193,50.20,0.858
2025-03-19 06:00:00,224.44,2.9259,656.70,1062.92,0.164174,49.89,0.926
2025-03-19 06:15:00,224.36,2.3636,530.30,1092.09,0.132576,50.09,0.886
2025-03-19 06:30:00,219.84,3.0195,663.81,1037.51,0.165954,50.01,0.954
2025-03-19 06:45:00,222.09,5.3584,1190.04,1803.14,0.297510,49.83,0.828
2025-03-19 07:00:00,220.70,2.4816,547.70,1088.02,0.136924,50.01,0.856
2025-03-19 07:15:00,225.05,1.9745,444.36,800.06,0.111091,50.16,0.934
2025-03-19 07:30:00,225.07,2.4503,551.48,906.57,0.137869,49.84,0.866
2025-03-19 07:45:00,226.42,2.0022,453.33,679.28,0.113332,49.95,0.932
2025-03-19 08:00:00,225.95,2.2876,516.88,821.91,0.129220,49.90,0.872
2025-03-19 08:15:00,226.14,2.7462,621.04,1300.21,0.155259,50.16,0.880
2025-03-19 08:30:00,226.41,2.6390,597.48,1126.06,0.149370,50.04,0.943
2025-03-19 08:45:00,222.23,2.5717,571.51,1126.68,0.142877,50.03,0.831
2025-03-19 09:00:00,225.21,3.4631,779.94,1481.94,0.194984,50.20,0.857
2025-03-19 09:15:00,222.31,2.9449,654.70,993.52,0.163674,49.88,0.966
2025-03-19 09:30:00,218.63,3.6978,808.45,1152.37,0.202113,49.84,0.948
2025-03-19 09:45:00,217.57,3.1001,674.48,1304.66,0.168621,49.88,0.886
2025-03-19 10:00:00,223.27,4.0206,897.69,1945.71,0.224422,50.07,0.836
2025-03-19 10:15:00,223.89,4.5781,1024.99,2074.09,0.256248,49.91,0.856
2025-03-19 10:30:00,226.60,4.8254,1093.43,1571.29,0.273358,50.05,0.934
2025-03-19 10:45:00,224.78,4.8672,1094.05,1775.61,0.273513,50.09,0.933
2025-03-19 11:00:00,226.46,5.6636,1282.55,2575.02,0.320637,50.16,0.922
2025-03-19 11:15:00,220.48,5.5479,1223.21,2672.27,0.305804,49.80,0.829
2025-03-19 11:30:00,218.94,5.9885,1311.13,2012.95,0.327784,50.14,0.938
2025-03-19 11:45:00,223.13,5.4356,1212.83,1918.24,0.303208,50.18,0.861
2025-03-19 12:00:00,227.68,6.1992,1411.45,2715.69,0.352862,49.95,0.902
2025-03-19 12:15:00,218.71,6.6702,1458.88,2963.81,0.364719,49.90,0.827
2025-03-19 12:30:00,218.15,6.4984,1417.62,2309.45,0.354406,49.91,0.909
2025-03-19 12:45:00,224.36,6.5729,1474.69,2099.86,0.368672,50.01,0.921
2025-03-19 13:00:00,226.30,4.9361,1117.03,2324.23,0.279259,49.98,0.905
2025-03-19 13:15:00,225.45,5.9668,1345.22,2338.89,0.336304,49.86,0.820
2025-03-19 13:30:00,224.91,4.8798,1097.53,2216.02,0.274382,50.09,0.919
2025-03-19 13:45:00,220.86,6.2530,1381.02,2822.63,0.345256,49.99,0.957
2025-03-19 14:00:00,219.69,5.7313,1259.13,2174.18,0.314782,50.12,0.920
2025-03-19 14:15:00,218.58,4.6863,1024.36,2212.37,0.256089,50.19,0.916
2025-03-19 14:30:00,219.24,5.0018,1096.61,1914.63,0.274153,50.01,0.872
2025-03-19 14:45:00,226.30,5.6498,1278.57,2143.71,0.319642,50.10,0.979
2025-03-19 15:00:00,219.19,3.8096,835.01,1393.71,0.208752,49.83,0.929
2025-03-19 15:15:00,220.84,4.4606,985.09,1590.13,0.246272,49.97,0.867
2025-03-19 15:30:00,227.89,4.7135,1074.16,1706.70,0.268539,49.89,0.978
2025-03-19 15:45:00,219.88,3.8903,855.42,1548.05,0.213854,49.80,0.979
2025-03-19 16:00:00,227.21,2.4018,545.72,980.29,0.136430,50.05,0.843
2025-03-19 16:15:00,224.63,2.9519,663.09,1142.32,0.165772,50.06,0.914
2025-03-19 16:30:00,227.03,2.9834,677.30,1431.84,0.169326,50.14,0.913
2025-03-19 16:45:00,225.00,3.0253,680.71,1459.18,0.170179,49.86,0.955
2025-03-19 17:00:00,217.75,1.9412,422.69,698.22,0.105672,49.92,0.896
2025-03-19 17:15:00,219.88,1.7510,385.00,574.97,0.096250,50.08,0.918
2025-03-19 17:30:00,226.73,1.8453,418.38,658.11,0.104594,50.07,0.880
2025-03-19 17:45:00,218.07,1.7890,390.14,547.35,0.097534,49.93,0.834
2025-03-19 18:00:00,225.10,1.4286,321.57,533.02,0.080394,49.94,0.879
2025-03-19 18:15:00,219.98,1.5552,342.12,704.00,0.085530,50.06,0.826
2025-03-19 18:30:00,222.22,1.7628,391.72,646.81,0.097931,50.12,0.869
2025-03-19 18:45:00,223.53,2.5483,569.62,996.42,0.142405,50.18,0.897
2025-03-19 19:00:00,226.37,1.3640,308.78,629.57,0.077195,50.10,0.951
2025-03-19 19:15:00,219.94,1.5548,341.97,614.07,0.085492,49.98,0.913
2025-03-19 19:30:00,219.84,1.3195,290.08,503.41,0.072521,50.11,0.967
2025-03-19 19:45:00,223.88,1.3934,311.96,552.40,0.077991,50.02,0.878
2025-03-19 20:00:00,218.60,1.5374,336.08,632.54,0.084019,50.05,0.955
2025-03-19 20:15:00,225.93,1.2850,290.32,497.58,0.072579,50.01,0.903
2025-03-19 20:30:00,226.75,1.5799,358.24,738.67,0.089559,49.98,0.974
2025-03-19 20:45:00,221.12,1.4676,324.51,667.50,0.081126,50.17,0.832
2025-03-19 21:00:00,219.79,1.6258,357.33,632.71,0.089332,50.15,0.966
2025-03-19 21:15:00,221.90,1.6759,371.87,767.05,0.092967,50.05,0.876
2025-03-19 21:30:00,226.08,1.5226,344.23,549.62,0.086058,49.98,0.869
2025-03-19 21:45:00,223.06,1.3542,302.06,644.37,0.075516,50.12,0.835
2025-03-19 22:00:00,224.06,2.2394,501.76,855.18,0.125441,50.05,0.901
2025-03-19 22:15:00,227.43,1.7073,388.29,831.26,0.097072,50.03,0.892
2025-03-19 22:30:00,227.84,1.9580,446.12,762.55,0.111531,49.90,0.881
2025-03-19 22:45:00,223.19,1.8922,422.33,662.63,0.105584,49.97,0.948
2025-03-19 23:00:00,222.17,4.3510,966.66,1384.20,0.241665,49.93,0.828
2025-03-19 23:15:00,226.93,4.1627,944.66,1748.27,0.236165,49.94,0.918
2025-03-19 23:30:00,219.91,4.1721,917.48,1300.96,0.229371,50.12,0.833
2025-03-19 23:45:00,225.44,3.5266,795.02,1504.67,0.198755,49.87,0.969
2025-03-20 00:00:00,223.77,5.0991,1141.03,1725.64,0.285256,49.91,0.932
2025-03-20 00:15:00,219.66,5.6544,1242.04,2448.44,0.310510,49.80,0.835
2025-03-20 00:30:00,223.42,5.5827,1247.26,1964.50,0.311816,49.88,0.962
2025-03-20 00:45:00,219.64,4.7451,1042.21,1865.38,0.260553,49.89,0.944
2025-03-20 01:00:00,225.28,3.6714,827.08,1178.90,0.206769,50.14,0.892
2025-03-20 01:15:00,220.48,3.9254,865.47,1628.84,0.216367,50.08,0.899
2025-03-20 01:30:00,220.22,4.3823,965.05,2029.54,0.241264,50.18,0.891
2025-03-20 01:45:00,223.43,3.6586,817.46,1432.15,0.204364,49.92,0.850
2025-03-20 02:00:00,217.70,2.5073,545.85,1054.99,0.136464,49.88,0.911
2025-03-20 02:15:00,222.00,2.7532,611.21,1183.22,0.152801,50.06,0.889
2025-03-20 02:30:00,225.40,2.5356,571.53,1074.78,0.142883,50.05,0.878
2025-03-20 02:45:00,222.30,2.1125,469.61,1021.19,0.117403,50.06,0.894
2025-03-20 03:00:00,224.04,2.1890,490.43,1024.46,0.122608,50.03,0.872
2025-03-20 03:15:00,222.88,1.9989,445.53,749.81,0.111381,49.97,0.830
2025-03-20 03:30:00,221.30,2.0532,454.38,944.29,0.113595,49.88,0.875
2025-03-20 03:45:00,217.97,2.5067,546.38,1150.50,0.136596,50.11,0.975
2025-03-20 04:00:00,219.20,2.5767,564.82,1187.34,0.141205,49.84,0.821
2025-03-20 04:15:00,217.53,2.1800,474.21,921.89,0.118553,50.17,0.879
2025-03-20 04:30:00,226.08,2.6464,598.28,1043.80,0.149570,50.19,0.925
2025-03-20 04:45:00,227.56,2.7612,628.32,1158.92,0.157080,50.00,0.919
2025-03-20 05:00:00,226.42,2.6531,600.70,988.46,0.150176,49.90,0.871
2025-03-20 05:15:00,220.61,4.4398,979.49,2476.37,0.244872,49.98,0.868
2025-03-20 05:30:00,227.86,5.2033,1185.63,2227.00,0.296407,50.18,0.904
2025-03-20 05:45:00,220.35,3.3671,741.95,1130.30,0.185489,50.11,0.900
2025-03-20 06:00:00,220.65,4.7364,1045.09,1794.85,0.261273,50.00,0.928
2025-03-20 06:15:00,218.44,2.6546,579.86,1121.48,0.144966,49.85,0.979
2025-03-20 06:30:00,219.86,3.7809,831.28,1950.52,0.207819,50.19,0.971
2025-03-20 06:45:00,227.55,2.5775,586.51,986.39,0.146627,49.99,0.944
2025-03-20 07:00:00,221.67,4.0582,899.58,1610.57,0.224894,50.01,0.909
2025-03-20 07:15:00,220.53,2.2014,485.47,974.15,0.121368,50.08,0.825
2025-03-20 07:30:00,221.25,2.1926,485.11,798.20,0.121278,50.05,0.926
2025-03-20 07:45:00,226.99,2.2913,520.11,837.91,0.130028,49.99,0.837
2025-03-20 08:00:00,225.54,2.7919,629.70,1348.37,0.157425,49.86,0.965
2025-03-20 08:15:00,219.57,2.5180,552.88,962.96,0.138219,49.83,0.915
2025-03-20 08:30:00,223.48,2.3613,527.70,912.99,0.131926,50.07,0.849
2025-03-20 08:45:00,224.83,3.6265,815.35,1365.03,0.203838,49.91,0.937
2025-03-20 09:00:00,220.69,3.0144,665.26,1195.94,0.166314,49.84,0.939
2025-03-20 09:15:00,224.89,3.0973,696.56,1391.87,0.174139,49.86,0.919
2025-03-20 09:30:00,221.23,2.7960,618.57,911.90,0.154641,49.98,0.877
2025-03-20 09:45:00,218.30,3.3309,727.13,1132.96,0.181784,50.05,0.889
2025-03-20 10:00:00,223.29,4.0838,911.85,1361.54,0.227964,49.93,0.865
2025-03-20 10:15:00,223.98,3.9913,893.99,1542.50,0.223499,50.17,0.887
2025-03-20 10:30:00,222.03,4.8370,1073.95,2074.42,0.268488,50.06,0.856
2025-03-20 10:45:00,222.66,4.8161,1072.32,2192.57,0.268081,49.85,0.947
2025-03-20 11:00:00,220.87,5.7898,1278.80,2429.67,0.319699,50.00,0.832
2025-03-20 11:15:00,220.00,5.7911,1274.04,2486.51,0.318511,50.05,0.958
2025-03-20 11:30:00,220.66,4.4606,984.27,1633.97,0.246068,50.13,0.887
2025-03-20 11:45:00,218.98,5.9513,1303.25,2428.31,0.325812,50.20,0.847
2025-03-20 12:00:00,219.39,6.4957,1425.09,2542.86,0.356273,50.05,0.911
2025-03-20 12:15:00,223.25,6.4359,1436.78,3057.59,0.359195,49.94,0.903
2025-03-20 12:30:00,219.48,8.4145,1846.85,4638.17,0.461713,49.82,0.905
2025-03-20 12:45:00,218.60,5.5816,1220.14,1713.02,0.305034,50.03,0.963
2025-03-20 13:00:00,226.94,6.0574,1374.68,2399.85,0.343669,50.18,0.939
2025-03-20 13:15:00,220.56,6.4871,1430.82,2385.52,0.357706,49.81,0.856
2025-03-20 13:30:00,222.42,6.0190,1338.75,2073.68,0.334688,49.89,0.959
2025-03-20 13:45:00,225.47,6.3532,1432.44,3123.64,0.358111,50.01,0.889
2025-03-20 14:00:00,222.19,5.0559,1123.38,2266.11,0.280846,49.90,0.914
2025-03-20 14:15:00,227.59,5.6357,1282.63,2043.67,0.320657,49.81,0.838
2025-03-20 14:30:00,221.14,5.0452,1115.69,1998.22,0.278921,50.13,0.903
2025-03-20 14:45:00,219.37,5.5321,1213.61,2005.99,0.303402,50.09,0.970
2025-03-20 15:00:00,225.25,4.7675,1073.90,2147.99,0.268475,49.90,0.943
2025-03-20 15:15:00,224.05,3.6555,819.03,1227.70,0.204758,50.16,0.937
2025-03-20 15:30:00,226.60,3.5482,804.05,1506.32,0.201011,50.14,0.896
2025-03-20 15:45:00,221.11,3.7975,839.67,1457.52,0.209916,50.17,0.945
2025-03-20 16:00:00,224.27,2.3297,522.48,755.47,0.130621,50.07,0.904
2025-03-20 16:15:00,226.92,2.9326,665.46,1311.99,0.166366,50.09,0.932
2025-03-20 16:30:00,218.95,2.4389,533.99,828.59,0.133498,49.93,0.973
2025-03-20 16:45:00,217.98,3.1578,688.34,1452.90,0.172085,50.15,0.880
2025-03-20 17:00:00,226.92,1.4468,328.29,620.09,0.082073,49.84,0.950
2025-03-20 17:15:00,227.44,1.5683,356.69,673.79,0.089173,50.11,0.976
2025-03-20 17:30:00,225.36,1.9549,440.57,944.97,0.110143,50.11,0.877
2025-03-20 17:45:00,223.49,1.9791,442.30,944.81,0.110575,49.90,0.827
2025-03-20 18:00:00,227.02,1.5203,345.15,610.83,0.086287,50.12,0.972
2025-03-20 18:15:00,221.02,1.5944,352.38,653.92,0.088096,49.96,0.833
2025-03-20 18:30:00,222.79,1.5036,334.99,731.61,0.083747,50.09,0.827
2025-03-20 18:45:00,219.56,1.7073,374.85,528.05,0.093714,49.82,0.852
2025-03-20 19:00:00,227.09,1.3140,298.39,539.92,0.074596,49.94,0.825
2025-03-20 19:15:00,224.51,1.4250,319.92,476.14,0.079980,50.01,0.936
2025-03-20 19:30:00,222.40,1.5647,347.99,595.23,0.086997,49.93,0.970
2025-03-20 19:45:00,222.84,1.6030,357.20,776.58,0.089300,50.12,0.954
2025-03-20 20:00:00,221.97,1.5681,348.06,498.49,0.087016,50.09,0.850
2025-03-20 20:15:00,218.21,1.5799,344.75,603.96,0.086189,50.08,0.923
2025-03-20 20:30:00,220.84,1.6616,366.94,596.11,0.091735,50.16,0.968
2025-03-20 20:45:00,222.91,1.3873,309.26,491.13,0.077314,50.18,0.865
2025-03-20 21:00:00,227.94,1.4474,329.92,474.68,0.082480,49.82,0.922
2025-03-20 21:15:00,222.20,1.6533,367.36,714.71,0.091841,50.11,0.954
2025-03-20 21:30:00,217.77,1.7404,379.01,789.76,0.094751,50.12,0.830
2025-03-20 21:45:00,223.72,1.6520,369.57,675.36,0.092392,49.88,0.875
2025-03-20 22:00:00,220.46,2.0954,461.97,799.44,0.115493,50.06,0.911
2025-03-20 22:15:00,223.90,2.1451,480.28,835.07,0.120070,49.84,0.829
2025-03-20 22:30:00,226.18,2.1374,483.42,749.96,0.120855,49.81,0.918
2025-03-20 22:45:00,219.82,2.2834,501.95,1029.30,0.125487,49.83,0.937
2025-03-20 23:00:00,222.28,3.8767,861.71,1794.29,0.215427,49.85,0.952
2025-03-20 23:15:00,218.99,4.2520,931.14,1729.04,0.232784,49.87,0.926
2025-03-20 23:30:00,222.98,4.8085,1072.21,2246.00,0.268052,49.87,0.964
2025-03-20 23:45:00,223.36,4.6552,1039.79,1881.03,0.259947,49.95,0.940
2025-03-21 00:00:00,226.77,5.1823,1175.20,2310.46,0.293800,49.98,0.883
2025-03-21 00:15:00,218.96,4.9664,1087.43,1976.56,0.271859,49.86,0.937
2025-03-21 00:30:00,218.40,4.7838,1044.76,1811.47,0.261189,49.91,0.971
2025-03-21 00:45:00,225.92,4.3824,990.08,1492.92,0.247519,50.16,0.884
2025-03-21 01:00:00,225.06,5.7516,1294.45,2651.07,0.323612,50.18,0.923
2025-03-21 01:15:00,222.99,4.4323,988.37,1962.89,0.247093,49.81,0.908
2025-03-21 01:30:00,227.35,3.7404,850.36,1585.77,0.212590,50.13,0.843
2025-03-21 01:45:00,224.59,3.3728,757.50,1291.79,0.189374,49.94,0.899
2025-03-21 02:00:00,226.35,2.0876,472.52,811.46,0.118129,49.90,0.833
2025-03-21 02:15:00,220.02,2.2856,502.87,877.19,0.125718,49.88,0.857
2025-03-21 02:30:00,222.92,2.6248,585.13,1005.39,0.146282,50.04,0.846
2025-03-21 02:45:00,220.48,2.6359,581.16,1257.32,0.145291,50.18,0.916
2025-03-21 03:00:00,220.77,2.3231,512.87,1098.51,0.128216,50.13,0.953
2025-03-21 03:15:00,218.64,2.1700,474.44,767.58,0.118610,49.81,0.906
2025-03-21 03:30:00,222.54,3.5655,793.49,1552.51,0.198373,49.89,0.854
2025-03-21 03:45:00,225.02,2.0513,461.59,868.52,0.115396,49.89,0.851
2025-03-21 04:00:00,219.74,2.7881,612.65,1320.62,0.153162,49.88,0.947
2025-03-21 04:15:00,221.45,2.3300,515.96,1036.70,0.128991,50.02,0.940
2025-03-21 04:30:00,226.74,2.2479,509.69,961.15,0.127422,50.07,0.903
2025-03-21 04:45:00,221.92,2.8445,631.26,1376.59,0.157816,49.94,0.826
2025-03-21 05:00:00,223.32,3.0947,691.13,1182.74,0.172783,49.85,0.951
2025-03-21 05:15:00,227.34,3.0141,685.23,1476.76,0.171306,50.06,0.844
2025-03-21 05:30:00,225.76,2.5885,584.38,1068.80,0.146096,49.86,0.872
2025-03-21 05:45:00,224.28,3.1927,716.06,1192.04,0.179016,49.86,0.864
2025-03-21 06:00:00,220.26,2.4402,537.46,963.84,0.134366,50.08,0.823
2025-03-21 06:15:00,217.90,2.9414,640.94,1165.48,0.160236,50.19,0.861
2025-03-21 06:30:00,224.95,2.8553,642.31,967.12,0.160577,50.01,0.888
2025-03-21 06:45:00,223.75,3.2355,723.94,1358.27,0.180986,49.93,0.898
2025-03-21 07:00:00,221.34,2.3601,522.40,803.28,0.130600,50.05,0.951
2025-03-21 07:15:00,222.68,2.2308,496.76,789.32,0.124189,50.02,0.966
2025-03-21 07:30:00,217.80,2.2981,500.52,703.84,0.125131,49.80,0.885
2025-03-21 07:45:00,225.20,2.0217,455.29,929.60,0.113823,50.12,0.978
2025-03-21 08:00:00,220.67,2.7072,597.38,940.25,0.149345,50.13,0.857
2025-03-21 08:15:00,223.58,2.2080,493.67,991.47,0.123417,49.84,0.912
2025-03-21 08:30:00,223.97,2.3334,522.60,1136.23,0.130651,50.14,0.934
2025-03-21 08:45:00,217.63,2.8320,616.31,1189.67,0.154077,49.94,0.949
2025-03-21 09:00:00,225.87,3.2332,730.27,1264.85,0.182567,50.02,0.854
2025-03-21 09:15:00,227.25,2.8939,657.64,1060.14,0.164411,49.83,0.976
2025-03-21 09:30:00,224.17,3.2982,739.36,1148.07,0.184840,50.14,0.910
2025-03-21 09:45:00,219.13,2.8580,626.27,1326.93,0.156568,50.08,0.912
2025-03-21 10:00:00,219.42,4.9374,1083.36,1653.70,0.270841,50.03,0.902
2025-03-21 10:15:00,221.58,4.7736,1057.74,1808.57,0.264436,49.83,0.966
2025-03-21 10:30:00,227.95,4.8245,1099.71,1799.50,0.274929,50.10,0.951
2025-03-21 10:45:00,221.98,5.1230,1137.22,2040.54,0.284306,49.96,0.847
2025-03-21 11:00:00,225.96,4.4294,1000.89,2060.86,0.250223,50.19,0.941
2025-03-21 11:15:00,220.52,5.7000,1256.94,1881.79,0.314235,49.87,0.932
2025-03-21 11:30:00,221.46,5.0551,1119.53,2399.37,0.279882,50.11,0.843
2025-03-21 11:45:00,218.41,4.9121,1072.86,2169.90,0.268216,50.02,0.977
2025-03-21 12:00:00,222.71,6.4922,1445.85,2826.52,0.361463,49.81,0.875
2025-03-21 12:15:00,225.75,5.4746,1235.89,1734.01,0.308972,49.98,0.914
2025-03-21 12:30:00,221.29,6.0600,1341.01,1980.36,0.335253,49.92,0.940
2025-03-21 12:45:00,219.07,5.6251,1232.29,2490.18,0.308073,50.15,0.973
2025-03-21 13:00:00,224.25,9.4184,2112.10,3652.90,0.528024,49.96,0.838
2025-03-21 13:15:00,227.57,6.2092,1413.01,2602.03,0.353254,50.03,0.947
2025-03-21 13:30:00,223.40,6.2191,1389.35,2339.16,0.347338,50.03,0.876
2025-03-21 13:45:00,222.38,5.9580,1324.95,2345.16,0.331239,49.89,0.884
2025-03-21 14:00:00,222.81,4.7696,1062.69,1739.18,0.265673,49.91,0.959
2025-03-21 14:15:00,221.63,5.3186,1178.76,2349.95,0.294690,50.17,0.976
2025-03-21 14:30:00,223.82,4.8225,1079.36,1810.63,0.269840,49.94,0.849
2025-03-21 14:45:00,217.68,5.1327,1117.30,1649.12,0.279326,50.09,0.976
2025-03-21 15:00:00,218.44,4.2259,923.13,1332.47,0.230782,50.15,0.930
2025-03-21 15:15:00,222.49,3.8219,850.36,1391.20,0.212589,49.93,0.945
2025-03-21 15:30:00,225.18,4.1529,935.15,1658.25,0.233786,50.14,0.906
2025-03-21 15:45:00,225.17,3.9193,882.50,1263.00,0.220626,50.15,0.860
2025-03-21 16:00:00,217.55,2.9809,648.50,1321.95,0.162125,50.05,0.879
2025-03-21 16:15:00,222.39,3.0395,675.94,1238.58,0.168984,49.87,0.847
2025-03-21 16:30:00,224.83,2.4350,547.47,922.05,0.136868,49.84,0.957
2025-03-21 16:45:00,224.34,3.0471,683.58,1078.78,0.170894,49.88,0.945
2025-03-21 17:00:00,225.45,2.0484,461.80,723.99,0.115450,49.98,0.881
2025-03-21 17:15:00,225.50,2.0461,461.39,689.56,0.115348,50.05,0.939
2025-03-21 17:30:00,222.67,1.9241,428.43,720.81,0.107106,49.99,0.850
2025-03-21 17:45:00,226.75,1.7960,407.25,842.81,0.101812,49.93,0.832
2025-03-21 18:00:00,222.93,1.6285,363.03,600.49,0.090759,50.01,0.967
2025-03-21 18:15:00,219.40,1.9035,417.62,655.06,0.104406,49.91,0.979
2025-03-21 18:30:00,217.65,1.9251,418.99,753.10,0.104747,49.97,0.877
2025-03-21 18:45:00,222.83,1.5082,336.08,732.28,0.084019,49.89,0.941
2025-03-21 19:00:00,219.54,1.6320,358.28,688.11,0.089571,49.95,0.940
2025-03-21 19:15:00,218.04,1.8852,411.05,604.53,0.102763,49.91,0.950
2025-03-21 19:30:00,218.12,1.4366,313.35,521.50,0.078339,49.89,0.827
2025-03-21 19:45:00,221.22,1.5702,347.35,646.65,0.086838,50.16,0.973
2025-03-21 20:00:00,226.16,1.5507,350.72,548.51,0.087680,50.18,0.970
2025-03-21 20:15:00,220.52,2.2503,496.23,1272.00,0.124057,50.20,0.904
2025-03-21 20:30:00,223.68,1.7311,387.20,732.08,0.096801,49.95,0.933
2025-03-21 20:45:00,218.11,1.4152,308.68,565.76,0.077170,50.03,0.856
2025-03-21 21:00:00,220.72,1.9879,438.77,711.19,0.109692,49.88,0.848
2025-03-21 21:15:00,226.65,1.8491,419.11,667.49,0.104776,49.97,0.873
2025-03-21 21:30:00,224.46,1.8041,404.95,715.17,0.101237,49.89,0.839
2025-03-21 21:45:00,225.09,1.5128,340.50,710.22,0.085126,49.97,0.946
2025-03-21 22:00:00,225.62,1.9055,429.92,689.79,0.107480,49.86,0.923
2025-03-21 22:15:00,226.12,2.1537,486.99,1058.03,0.121747,50.01,0.946
2025-03-21 22:30:00,225.24,1.9143,431.18,634.78,0.107794,50.03,0.843
2025-03-21 22:45:00,220.32,2.2979,506.27,1092.15,0.126568,49.83,0.854
2025-03-21 23:00:00,222.33,5.0368,1119.81,2141.81,0.279954,50.15,0.931
2025-03-21 23:15:00,227.60,5.0419,1147.51,2362.88,0.286877,49.99,0.953
2025-03-21 23:30:00,221.20,4.3363,959.19,2078.46,0.239798,50.16,0.963
2025-03-21 23:45:00,220.56,7.0261,1549.69,2650.96,0.387424,50.05,0.839
2025-03-22 00:00:00,218.97,5.2440,1148.28,2188.88,0.287071,50.02,0.901
2025-03-22 00:15:00,218.92,6.3037,1380.00,2775.36,0.345001,50.13,0.821
2025-03-22 00:30:00,225.73,5.1812,1169.58,1842.40,0.292394,50.14,0.835
2025-03-22 00:45:00,220.55,5.4432,1200.47,2490.91,0.300118,50.19,0.840
2025-03-22 01:00:00,225.14,4.9893,1123.28,1977.63,0.280821,50.12,0.953
2025-03-22 01:15:00,225.98,4.4176,998.31,1982.95,0.249578,50.12,0.903
2025-03-22 01:30:00,221.16,4.8720,1077.47,1608.39,0.269368,50.16,0.942
2025-03-22 01:45:00,226.01,4.1844,945.72,1580.94,0.236431,49.98,0.842
2025-03-22 02:00:00,222.89,4.7890,1067.43,1967.77,0.266857,50.13,0.837
2025-03-22 02:15:00,220.83,3.1605,697.92,1473.42,0.174480,50.04,0.918
2025-03-22 02:30:00,222.44,2.4299,540.52,920.36,0.135131,50.11,0.908
2025-03-22 02:45:00,219.68,2.9420,646.29,1131.40,0.161571,49.96,0.867
2025-03-22 03:00:00,225.55,2.3487,529.75,990.01,0.132437,50.02,0.961
2025-03-22 03:15:00,219.77,2.8671,630.10,1214.11,0.157526,49.98,0.914
2025-03-22 03:30:00,221.33,2.7438,607.29,1035.00,0.151823,50.13,0.874
2025-03-22 03:45:00,226.89,2.1142,479.69,752.61,0.119923,49.81,0.852
2025-03-22 04:00:00,224.87,2.8586,642.80,946.34,0.160699,50.02,0.837
2025-03-22 04:15:00,226.24,2.8493,644.64,1295.53,0.161159,49.84,0.913
2025-03-22 04:30:00,223.93,2.8833,645.65,1076.78,0.161414,49.82,0.965
2025-03-22 04:45:00,222.08,2.9906,664.15,1406.62,0.166037,49.93,0.932
2025-03-22 05:00:00,223.22,3.3590,749.81,1185.99,0.187452,49.98,0.912
2025-03-22 05:15:00,227.59,6.0255,1371.33,2175.27,0.342833,49.93,0.944
2025-03-22 05:30:00,221.41,3.1317,693.39,1128.49,0.173347,50.03,0.834
2025-03-22 05:45:00,218.33,3.1901,696.50,1126.91,0.174124,50.04,0.911
2025-03-22 06:00:00,225.07,2.7122,610.45,1181.25,0.152613,50.12,0.948
2025-03-22 06:15:00,226.43,2.8364,642.26,1224.48,0.160564,49.82,0.847
2025-03-22 06:30:00,223.85,3.3660,753.50,1081.53,0.188374,50.11,0.836
2025-03-22 06:45:00,218.01,3.1333,683.09,1434.12,0.170772,49.82,0.932
2025-03-22 07:00:00,227.13,2.3885,542.49,946.42,0.135622,50.09,0.873
2025-03-22 07:15:00,227.44,2.5832,587.53,1091.44,0.146884,50.17,0.922
2025-03-22 07:30:00,221.72,2.2994,509.82,975.02,0.127455,50.05,0.931
2025-03-22 07:45:00,219.67,2.3488,515.96,1084.64,0.128991,50.04,0.948
2025-03-22 08:00:00,217.90,3.2321,704.25,1453.58,0.176063,50.16,0.872
2025-03-22 08:15:00,227.42,3.3302,757.36,1595.58,0.189341,49.93,0.855
2025-03-22 08:30:00,223.14,4.0971,914.21,2462.88,0.228552,49.99,0.865
2025-03-22 08:45:00,227.72,2.5338,576.99,1077.05,0.144247,50.01,0.876
2025-03-22 09:00:00,227.32,3.6493,829.54,1508.05,0.207386,50.13,0.931
2025-03-22 09:15:00,222.24,4.3268,961.59,1995.24,0.240398,49.80,0.935
2025-03-22 09:30:00,222.62,4.0438,900.25,1899.05,0.225062,50.04,0.848
2025-03-22 09:45:00,221.22,4.0098,887.05,1617.47,0.221763,50.14,0.936
2025-03-22 10:00:00,222.03,4.6631,1035.35,2153.54,0.258839,49.88,0.965
2025-03-22 10:15:00,222.31,5.8587,1302.45,2555.94,0.325611,49.95,0.881
2025-03-22 10:30:00,226.16,5.7700,1304.96,1879.69,0.326241,50.12,0.958
2025-03-22 10:45:00,227.44,4.6483,1057.21,1835.30,0.264302,50.19,0.841
2025-03-22 11:00:00,225.06,6.1849,1391.95,2168.31,0.347988,50.14,0.935
2025-03-22 11:15:00,223.47,6.0302,1347.57,2387.51,0.336893,49.93,0.884
2025-03-22 11:30:00,222.62,5.5243,1229.82,1773.65,0.307456,49.90,0.830
2025-03-22 11:45:00,218.60,6.9588,1521.17,2375.96,0.380294,50.19,0.895
2025-03-22 12:00:00,225.25,11.9119,2683.18,3384.64,0.670796,50.09,0.965
2025-03-22 12:15:00,224.98,6.0517,1361.49,2860.48,0.340373,50.05,0.830
2025-03-22 12:30:00,225.12,6.5689,1478.81,3211.69,0.369702,50.03,0.845
2025-03-22 12:45:00,225.07,6.6302,1492.24,2429.09,0.373059,50.16,0.972
2025-03-22 13:00:00,226.71,6.7813,1537.40,2369.90,0.384350,50.07,0.854
2025-03-22 13:15:00,225.25,6.5118,1466.80,2772.48,0.366700,49.90,0.829
2025-03-22 13:30:00,221.42,7.0739,1566.30,2575.17,0.391576,50.20,0.881
2025-03-22 13:45:00,221.62,6.5171,1444.32,2682.72,0.361080,50.20,0.931
2025-03-22 14:00:00,226.03,5.8029,1311.64,2421.27,0.327909,49.82,0.959
2025-03-22 14:15:00,219.82,10.4584,2298.94,3819.03,0.574735,49.92,0.891
2025-03-22 14:30:00,223.62,6.0057,1342.99,2087.07,0.335747,49.99,0.823
2025-03-22 14:45:00,222.01,5.4967,1220.32,1975.21,0.305080,50.14,0.869
2025-03-22 15:00:00,226.59,5.5156,1249.79,2013.02,0.312448,50.18,0.966
2025-03-22 15:15:00,219.30,4.7242,1036.03,2005.53,0.259007,49.81,0.956
2025-03-22 15:30:00,219.48,4.6643,1023.71,2240.89,0.255927,49.99,0.950
2025-03-22 15:45:00,223.09,5.1764,1154.78,2096.29,0.288694,50.16,0.880
2025-03-22 16:00:00,221.31,4.0273,891.30,1651.25,0.222824,50.19,0.942
2025-03-22 16:15:00,222.30,3.1212,693.85,1516.30,0.173464,49.87,0.967
2025-03-22 16:30:00,219.88,2.9192,641.86,1290.44,0.160465,49.87,0.826
2025-03-22 16:45:00,220.52,3.2558,717.95,1159.47,0.179487,50.10,0.847
2025-03-22 17:00:00,222.18,1.7334,385.13,763.76,0.096282,50.08,0.857
2025-03-22 17:15:00,227.48,1.7874,406.58,576.52,0.101645,49.94,0.832
2025-03-22 17:30:00,221.69,2.1775,482.73,962.74,0.120683,50.13,0.851
2025-03-22 17:45:00,220.75,1.9145,422.63,696.04,0.105657,49.82,0.847
2025-03-22 18:00:00,218.72,1.9794,432.94,695.81,0.108235,50.17,0.926
2025-03-22 18:15:00,220.93,1.6363,361.52,685.23,0.090379,50.07,0.952
2025-03-22 18:30:00,227.39,1.8474,420.08,749.36,0.105019,50.07,0.950
2025-03-22 18:45:00,227.25,1.7815,404.84,576.86,0.101209,50.02,0.823
2025-03-22 19:00:00,225.57,1.4602,329.38,473.71,0.082345,49.92,0.978
2025-03-22 19:15:00,225.81,1.3630,307.78,558.36,0.076945,50.01,0.827
2025-03-22 19:30:00,220.97,1.6953,374.59,703.90,0.093648,49.81,0.903
2025-03-22 19:45:00,224.28,1.7730,397.65,763.13,0.099413,49.91,0.864
2025-03-22 20:00:00,220.58,1.5059,332.17,609.02,0.083044,49.97,0.934
2025-03-22 20:15:00,227.54,1.7912,407.56,623.61,0.101890,49.88,0.829
2025-03-22 20:30:00,218.79,1.4110,308.72,597.29,0.077179,49.91,0.879
2025-03-22 20:45:00,218.47,1.4473,316.18,478.90,0.079046,49.80,0.867
2025-03-22 21:00:00,227.56,1.5596,354.90,626.89,0.088725,49.90,0.894
2025-03-22 21:15:00,221.20,1.6122,356.62,724.75,0.089154,50.12,0.899
2025-03-22 21:30:00,227.94,1.7982,409.87,633.59,0.102468,49.91,0.948
2025-03-22 21:45:00,219.18,2.3768,520.95,933.65,0.130238,49.84,0.848
2025-03-22 22:00:00,226.28,2.0586,465.83,683.91,0.116457,50.19,0.873
2025-03-22 22:15:00,226.78,2.2071,500.54,805.02,0.125134,50.10,0.957
2025-03-22 22:30:00,227.00,1.9387,440.08,817.49,0.110021,50.12,0.953
2025-03-22 22:45:00,222.71,2.1670,482.60,730.14,0.120649,50.06,0.887
2025-03-22 23:00:00,223.66,4.3321,968.90,1785.27,0.242225,49.93,0.842
2025-03-22 23:15:00,218.74,5.7425,1256.14,2606.80,0.314034,49.87,0.857
2025-03-22 23:30:00,227.88,5.3278,1214.10,1792.02,0.303524,50.05,0.921
2025-03-22 23:45:00,217.93,5.7430,1251.54,2720.64,0.312885,49.85,0.870
2025-03-23 00:00:00,218.41,6.4121,1400.45,2081.60,0.350111,50.17,0.897
2025-03-23 00:15:00,224.56,5.5337,1242.66,2341.25,0.310666,49.91,0.915
2025-03-23 00:30:00,222.48,5.0483,1123.15,2361.31,0.280788,49.91,0.831
2025-03-23 00:45:00,218.11,5.7727,1259.06,2136.42,0.314766,50.06,0.925
2025-03-23 01:00:00,218.93,5.2501,1149.43,2054.84,0.287359,49.82,0.971
2025-03-23 01:15:00,224.65,4.4829,1007.08,1526.92,0.251769,49.91,0.855
2025-03-23 01:30:00,218.53,4.8962,1069.99,2004.31,0.267498,49.88,0.891
2025-03-23 01:45:00,223.29,4.3059,961.48,1464.61,0.240369,50.15,0.917
2025-03-23 02:00:00,218.21,2.6357,575.13,963.16,0.143781,49.86,0.904
2025-03-23 02:15:00,225.96,2.8122,635.42,1013.10,0.158856,50.11,0.965
2025-03-23 02:30:00,221.94,2.7806,617.13,1038.59,0.154282,49.95,0.899
2025-03-23 02:45:00,220.61,2.7293,602.10,1059.71,0.150524,49.97,0.916
2025-03-23 03:00:00,219.19,2.2052,483.38,683.53,0.120844,49.90,0.923
2025-03-23 03:15:00,227.19,2.3390,531.40,846.80,0.132850,50.05,0.952
2025-03-23 03:30:00,224.47,2.5883,580.98,1108.28,0.145244,50.16,0.825
2025-03-23 03:45:00,224.60,2.7197,610.84,864.53,0.152709,50.15,0.919
2025-03-23 04:00:00,221.53,2.8186,624.38,911.32,0.156096,50.00,0.963
2025-03-23 04:15:00,224.99,4.8210,1084.66,2267.86,0.271165,50.04,0.976
2025-03-23 04:30:00,221.39,2.7620,611.46,1260.87,0.152866,50.07,0.957
2025-03-23 04:45:00,225.87,3.0193,681.96,1142.14,0.170490,49.82,0.930
2025-03-23 05:00:00,224.23,2.9663,665.13,1158.45,0.166283,50.09,0.926
2025-03-23 05:15:00,220.99,3.0357,670.87,1217.17,0.167717,50.04,0.901
2025-03-23 05:30:00,223.47,2.9336,655.58,1004.75,0.163895,49.95,0.837
2025-03-23 05:45:00,220.32,3.6933,813.72,1583.48,0.203430,49.91,0.952
2025-03-23 06:00:00,222.15,3.1536,700.57,1021.20,0.175142,50.08,0.896
2025-03-23 06:15:00,220.45,2.7865,614.30,1038.86,0.153574,50.10,0.869
2025-03-23 06:30:00,222.79,2.8634,637.94,1370.37,0.159484,49.92,0.870
2025-03-23 06:45:00,221.64,3.5828,794.10,1168.33,0.198525,49.91,0.858
2025-03-23 07:00:00,220.09,2.9191,642.47,1338.09,0.160618,49.81,0.968
2025-03-23 07:15:00,218.45,2.2318,487.55,682.79,0.121887,50.04,0.908
2025-03-23 07:30:00,225.24,2.8474,641.33,1141.89,0.160332,49.87,0.970
2025-03-23 07:45:00,220.31,2.6563,585.20,848.91,0.146300,49.92,0.866
2025-03-23 08:00:00,221.97,3.0443,675.75,969.93,0.168936,50.08,0.972
2025-03-23 08:15:00,222.40,4.1736,928.21,1516.39,0.232052,49.81,0.916
2025-03-23 08:30:00,218.69,3.7530,820.73,1502.78,0.205183,50.10,0.906
2025-03-23 08:45:00,227.48,2.9778,677.39,1251.10,0.169349,49.81,0.920
2025-03-23 09:00:00,224.94,3.2577,732.80,1581.34,0.183201,49.97,0.971
2025-03-23 09:15:00,224.68,5.4845,1232.25,2405.21,0.308062,50.07,0.887
2025-03-23 09:30:00,223.39,3.5489,792.80,1409.21,0.198200,50.06,0.866
2025-03-23 09:45:00,221.74,4.1216,913.92,1659.36,0.228481,50.02,0.877
2025-03-23 10:00:00,218.40,5.8092,1268.73,2446.54,0.317182,49.90,0.825
2025-03-23 10:15:00,219.34,4.9681,1089.68,2148.84,0.272420,50.08,0.843
2025-03-23 10:30:00,226.23,5.7156,1293.05,2458.36,0.323262,50.14,0.919
2025-03-23 10:45:00,225.06,5.6786,1278.04,2052.84,0.319509,50.00,0.904
2025-03-23 11:00:00,224.63,5.4777,1230.42,2431.56,0.307606,49.84,0.904
2025-03-23 11:15:00,227.48,6.3934,1454.40,2689.70,0.363599,49.84,0.869
2025-03-23 11:30:00,225.51,5.8312,1315.01,2535.69,0.328753,50.07,0.929
2025-03-23 11:45:00,219.54,6.0782,1334.42,2364.87,0.333606,50.19,0.971
2025-03-23 12:00:00,222.67,7.5805,1687.97,3180.04,0.421993,50.13,0.980
2025-03-23 12:15:00,223.05,6.1343,1368.28,2640.85,0.342070,49.97,0.842
2025-03-23 12:30:00,221.88,10.4290,2313.94,3627.30,0.578485,49.81,0.945
2025-03-23 12:45:00,225.25,7.7674,1749.59,2740.96,0.437398,50.08,0.946
2025-03-23 13:00:00,227.20,7.2468,1646.46,2886.24,0.411615,49.84,0.973
2025-03-23 13:15:00,224.23,7.6305,1710.95,2960.03,0.427737,49.93,0.887
2025-03-23 13:30:00,220.86,6.9706,1539.55,2886.99,0.384887,49.98,0.825
2025-03-23 13:45:00,222.65,7.5874,1689.31,3457.10,0.422327,49.84,0.840
2025-03-23 14:00:00,225.26,9.7519,2196.69,5066.47,0.549172,50.05,0.924
2025-03-23 14:15:00,225.24,6.5939,1485.21,2442.64,0.371303,50.06,0.841
2025-03-23 14:30:00,221.95,6.2438,1385.78,2935.28,0.346446,50.16,0.887
2025-03-23 14:45:00,220.44,6.6818,1472.96,2528.73,0.368240,50.17,0.851
2025-03-23 15:00:00,220.24,5.5615,1224.89,2023.57,0.306223,50.02,0.854
2025-03-23 15:15:00,222.78,5.6281,1253.84,1926.00,0.313460,49.96,0.871
2025-03-23 15:30:00,227.96,4.2943,978.93,2148.34,0.244733,50.09,0.882
2025-03-23 15:45:00,227.92,4.6448,1058.64,2077.94,0.264659,50.02,0.943
2025-03-23 16:00:00,223.77,2.6664,596.66,1207.71,0.149165,49.94,0.848
2025-03-23 16:15:00,221.10,3.3819,747.73,1146.83,0.186933,49.82,0.904
2025-03-23 16:30:00,222.10,3.4031,755.83,1608.03,0.188959,50.09,0.866
2025-03-23 16:45:00,218.73,3.6724,803.26,1433.46,0.200814,49.95,0.844
2025-03-23 17:00:00,226.47,1.7979,407.16,715.47,0.101791,50.13,0.933
2025-03-23 17:15:00,223.72,1.7679,395.50,806.48,0.098876,49.85,0.849
2025-03-23 17:30:00,219.47,1.6706,366.65,613.77,0.091662,49.88,0.841
2025-03-23 17:45:00,222.85,1.6645,370.94,724.19,0.092735,50.19,0.926
2025-03-23 18:00:00,224.70,1.7794,399.84,584.64,0.099961,50.03,0.965
2025-03-23 18:15:00,220.94,1.5102,333.68,498.60,0.083419,50.07,0.935
2025-03-23 18:30:00,226.44,1.5691,355.33,534.67,0.088831,50.15,0.865
2025-03-23 18:45:00,224.93,1.3603,305.98,570.24,0.076494,49.93,0.853
2025-03-23 19:00:00,218.73,1.6790,367.25,736.89,0.091813,50.12,0.883
2025-03-23 19:15:00,219.66,1.3524,297.06,421.08,0.074265,49.91,0.955
2025-03-23 19:30:00,227.36,1.3552,308.12,632.33,0.077029,50.00,0.862
2025-03-23 19:45:00,222.01,1.5064,334.43,569.98,0.083607,49.86,0.894
2025-03-23 20:00:00,225.55,2.6165,590.17,1019.13,0.147542,49.98,0.958
2025-03-23 20:15:00,218.76,1.4338,313.65,468.29,0.078413,49.91,0.822
2025-03-23 20:30:00,221.10,1.6826,372.03,790.60,0.093007,50.19,0.872
2025-03-23 20:45:00,220.86,2.4785,547.41,1389.21,0.136851,50.19,0.961
2025-03-23 21:00:00,221.30,1.8001,398.37,828.08,0.099593,50.01,0.924
2025-03-23 21:15:00,223.78,1.4052,314.46,650.25,0.078615,50.02,0.902
2025-03-23 21:30:00,227.64,1.5788,359.40,771.93,0.089850,50.13,0.965
2025-03-23 21:45:00,222.61,1.4079,313.40,665.53,0.078351,49.99,0.970
2025-03-23 22:00:00,226.44,1.9426,439.87,874.41,0.109967,49.99,0.882
2025-03-23 22:15:00,224.95,1.9571,440.26,694.29,0.110065,50.10,0.900
2025-03-23 22:30:00,226.18,2.0765,469.66,966.00,0.117415,50.17,0.957
2025-03-23 22:45:00,225.58,1.7050,384.61,604.59,0.096152,49.95,0.960
2025-03-23 23:00:00,225.99,4.4085,996.27,1935.93,0.249068,50.18,0.974
2025-03-23 23:15:00,223.28,7.4508,1663.61,3781.32,0.415902,50.07,0.848
2025-03-23 23:30:00,221.86,4.0835,905.97,1514.68,0.226493,50.17,0.822
2025-03-23 23:45:00,227.02,4.3915,996.97,2079.08,0.249242,50.13,0.944
2025-03-24 00:00:00,217.53,5.7929,1260.11,2491.31,0.315028,49.96,0.824
2025-03-24 00:15:00,223.95,5.1626,1156.19,1644.51,0.289047,50.14,0.887
2025-03-24 00:30:00,218.71,5.4512,1192.23,1782.72,0.298056,49.94,0.872
2025-03-24 00:45:00,218.97,5.4252,1187.93,1898.66,0.296982,49.94,0.891
2025-03-24 01:00:00,226.17,3.9705,898.00,1439.51,0.224500,50.17,0.944
2025-03-24 01:15:00,222.69,4.2941,956.24,1460.92,0.239060,49.83,0.955
2025-03-24 01:30:00,225.05,3.5467,798.18,1457.19,0.199545,49.99,0.903
2025-03-24 01:45:00,223.64,4.0062,895.95,1857.32,0.223987,49.92,0.943
2025-03-24 02:00:00,227.68,2.6438,601.94,1194.45,0.150484,49.92,0.896
2025-03-24 02:15:00,225.59,2.3589,532.15,894.94,0.133036,50.02,0.840
2025-03-24 02:30:00,221.77,2.6413,585.78,1096.50,0.146446,49.96,0.931
2025-03-24 02:45:00,222.60,2.2927,510.34,853.65,0.127585,49.98,0.916
2025-03-24 03:00:00,223.15,2.2782,508.38,1090.24,0.127095,50.07,0.979
2025-03-24 03:15:00,217.91,2.1987,479.11,841.47,0.119777,50.11,0.908
2025-03-24 03:30:00,225.65,2.3242,524.46,796.38,0.131115,50.19,0.871
2025-03-24 03:45:00,227.51,1.9724,448.74,797.83,0.112186,50.02,0.897
2025-03-24 04:00:00,221.21,2.4197,535.27,833.38,0.133818,50.02,0.966
2025-03-24 04:15:00,222.20,2.5692,570.88,1068.34,0.142721,50.12,0.843
2025-03-24 04:30:00,224.31,2.7584,618.75,1074.54,0.154688,50.03,0.855
2025-03-24 04:45:00,227.19,2.5011,568.22,801.23,0.142054,50.11,0.889
2025-03-24 05:00:00,227.21,2.6167,594.53,1237.01,0.148633,49.91,0.968
2025-03-24 05:15:00,223.41,3.3087,739.17,1584.23,0.184794,49.87,0.913
2025-03-24 05:30:00,224.81,2.8064,630.90,1290.14,0.157724,50.19,0.961
2025-03-24 05:45:00,221.82,3.0305,672.23,1280.53,0.168058,49.83,0.894
2025-03-24 06:00:00,219.87,2.6870,590.79,1268.15,0.147698,49.88,0.902
2025-03-24 06:15:00,223.07,2.3938,533.99,791.87,0.133497,49.93,0.958
2025-03-24 06:30:00,226.67,2.6742,606.14,861.00,0.151536,49.89,0.831
2025-03-24 06:45:00,218.54,2.9748,650.10,1193.49,0.162526,50.12,0.980
2025-03-24 07:00:00,220.51,2.0673,455.85,726.22,0.113962,49.95,0.972
2025-03-24 07:15:00,223.44,2.1590,482.40,889.89,0.120601,50.10,0.960
2025-03-24 07:30:00,224.52,2.0553,461.44,858.11,0.115359,50.06,0.935
2025-03-24 07:45:00,219.75,2.2560,495.74,1084.48,0.123935,49.83,0.822
2025-03-24 08:00:00,223.80,2.5362,567.60,1108.26,0.141899,50.16,0.930
2025-03-24 08:15:00,225.31,2.4320,547.95,1054.52,0.136987,49.93,0.937
2025-03-24 08:30:00,219.21,2.4302,532.73,953.22,0.133182,50.13,0.851
2025-03-24 08:45:00,225.23,2.6731,602.07,1071.33,0.150517,50.02,0.831
2025-03-24 09:00:00,221.02,3.1626,699.02,1528.39,0.174754,50.03,0.966
2025-03-24 09:15:00,218.64,3.5680,780.09,1488.62,0.195024,50.10,0.968
2025-03-24 09:30:00,225.96,5.4734,1236.76,2346.58,0.309191,49.96,0.968
2025-03-24 09:45:00,223.70,3.9513,883.90,2102.36,0.220974,50.18,0.879
2025-03-24 10:00:00,218.46,6.3848,1394.83,2884.09,0.348707,49.81,0.864
2025-03-24 10:15:00,223.71,4.3762,979.02,2148.39,0.244756,49.90,0.933
2025-03-24 10:30:00,218.13,6.7031,1462.13,3185.01,0.365531,49.91,0.828
2025-03-24 10:45:00,223.52,4.3111,963.63,1451.28,0.240906,49.95,0.945
2025-03-24 11:00:00,225.23,5.1613,1162.48,1857.04,0.290621,50.19,0.915
2025-03-24 11:15:00,217.67,4.8035,1045.60,1943.84,0.261400,50.15,0.900
2025-03-24 11:30:00,220.87,4.5938,1014.62,2055.40,0.253656,49.88,0.910
2025-03-24 11:45:00,221.93,4.5025,999.24,1599.03,0.249810,49.89,0.902
2025-03-24 12:00:00,227.66,6.3347,1442.18,2357.37,0.360545,50.10,0.864
2025-03-24 12:15:00,221.16,5.5699,1231.84,1881.87,0.307960,50.00,0.911
2025-03-24 12:30:00,227.58,6.5595,1492.83,2434.29,0.373207,49.94,0.969
2025-03-24 12:45:00,218.12,6.7092,1463.39,2077.18,0.365846,50.03,0.954
2025-03-24 13:00:00,219.24,9.8976,2169.97,3570.37,0.542492,50.09,0.939
2025-03-24 13:15:00,221.31,5.8027,1284.21,2383.63,0.321054,49.94,0.865
2025-03-24 13:30:00,225.74,5.5914,1262.22,2576.19,0.315556,50.11,0.933
2025-03-24 13:45:00,225.46,6.4463,1453.35,2137.10,0.363338,49.88,0.855
2025-03-24 14:00:00,218.07,5.0734,1106.38,1725.53,0.276594,49.90,0.937
2025-03-24 14:15:00,223.00,4.4028,981.85,2103.27,0.245463,50.03,0.974
2025-03-24 14:30:00,218.64,5.5878,1221.70,1992.25,0.305424,50.09,0.913
2025-03-24 14:45:00,226.27,5.2226,1181.69,1923.13,0.295424,50.01,0.844
2025-03-24 15:00:00,221.44,4.7104,1043.08,2121.35,0.260769,49.98,0.869
2025-03-24 15:15:00,224.87,4.0128,902.34,1596.66,0.225586,50.09,0.893
2025-03-24 15:30:00,218.77,4.6413,1015.39,1563.28,0.253847,50.12,0.963
2025-03-24 15:45:00,225.73,4.6074,1040.02,1804.40,0.260005,50.18,0.874
2025-03-24 16:00:00,227.69,3.8632,879.61,1513.93,0.219903,50.01,0.938
2025-03-24 16:15:00,217.69,3.8062,828.59,1730.96,0.207147,49.89,0.890
2025-03-24 16:30:00,221.68,2.7264,604.40,1104.67,0.151099,49.97,0.967
2025-03-24 16:45:00,217.52,2.4732,537.98,1162.73,0.134494,50.16,0.836
2025-03-24 17:00:00,226.99,1.8842,427.68,917.82,0.106921,49.81,0.848
2025-03-24 17:15:00,222.70,1.7556,390.95,676.31,0.097739,49.82,0.909
2025-03-24 17:30:00,225.02,1.9254,433.26,814.88,0.108314,49.89,0.883
2025-03-24 17:45:00,222.49,2.0269,450.97,919.91,0.112743,49.93,0.865
2025-03-24 18:00:00,226.24,1.6474,372.72,527.83,0.093180,49.91,0.905
2025-03-24 18:15:00,224.18,1.3453,301.58,547.48,0.075396,49.86,0.934
2025-03-24 18:30:00,220.38,1.5163,334.18,525.94,0.083544,49.92,0.868
2025-03-24 18:45:00,220.70,1.7585,388.10,784.38,0.097026,49.82,0.820
2025-03-24 19:00:00,226.46,1.4407,326.26,655.06,0.081565,49.83,0.937
2025-03-24 19:15:00,219.48,2.3916,524.92,921.53,0.131229,49.96,0.847
2025-03-24 19:30:00,223.61,1.4717,329.10,567.48,0.082275,50.08,0.885
2025-03-24 19:45:00,225.41,1.5801,356.17,610.67,0.089041,50.19,0.880
2025-03-24 20:00:00,222.69,2.3333,519.59,1179.57,0.129898,50.05,0.930
2025-03-24 20:15:00,224.48,1.5859,356.00,779.94,0.089000,50.10,0.835
2025-03-24 20:30:00,224.89,1.3944,313.59,637.71,0.078397,49.99,0.892
2025-03-24 20:45:00,227.86,1.3253,301.99,551.15,0.075497,49.91,0.845
2025-03-24 21:00:00,227.52,1.5595,354.82,756.32,0.088705,49.93,0.962
2025-03-24 21:15:00,220.65,1.3922,307.19,556.71,0.076797,50.03,0.916
2025-03-24 21:30:00,225.42,1.3401,302.09,549.66,0.075523,49.92,0.856
2025-03-24 21:45:00,219.74,1.8338,402.95,588.47,0.100739,49.93,0.954
2025-03-24 22:00:00,227.11,1.8810,427.20,851.99,0.106800,50.18,0.868
2025-03-24 22:15:00,219.69,1.8201,399.85,622.25,0.099963,50.02,0.896
2025-03-24 22:30:00,222.77,1.7138,381.80,736.88,0.095450,49.93,0.974
2025-03-24 22:45:00,218.22,1.9597,427.65,642.89,0.106912,50.01,0.947
2025-03-24 23:00:00,225.62,4.0059,903.81,1855.69,0.225952,49.94,0.869
2025-03-24 23:15:00,221.48,3.9578,876.57,1847.46,0.219143,49.87,0.924
2025-03-24 23:30:00,218.32,4.2343,924.45,1419.49,0.231114,49.83,0.845
2025-03-24 23:45:00,219.64,4.2271,928.47,1669.19,0.232117,49.89,0.857
2025-03-25 00:00:00,220.90,9.0151,1991.45,3322.78,0.497862,50.13,0.834
2025-03-25 00:15:00,221.72,4.4540,987.52,1616.54,0.246881,49.82,0.851
2025-03-25 00:30:00,224.24,5.0336,1128.74,2445.24,0.282186,49.89,0.967
2025-03-25 00:45:00,224.80,4.8286,1085.46,1914.54,0.271365,50.01,0.834
2025-03-25 01:00:00,225.21,4.0454,911.06,1840.40,0.227764,49.93,0.977
2025-03-25 01:15:00,218.23,4.2894,936.06,1976.01,0.234016,49.85,0.900
2025-03-25 01:30:00,227.73,4.0640,925.49,1981.94,0.231373,50.12,0.941
2025-03-25 01:45:00,217.55,4.3591,948.35,1853.08,0.237088,49.92,0.943
2025-03-25 02:00:00,219.73,2.2940,504.07,1095.73,0.126018,49.88,0.862
2025-03-25 02:15:00,224.26,2.5883,580.46,1182.41,0.145116,50.12,0.848
2025-03-25 02:30:00,218.85,2.8424,622.06,1299.54,0.155516,50.00,0.898
2025-03-25 02:45:00,227.45,2.7744,631.03,1387.78,0.157758,49.97,0.918
2025-03-25 03:00:00,220.90,2.3394,516.78,810.66,0.129195,50.07,0.948
2025-03-25 03:15:00,224.90,2.9070,653.78,1955.55,0.163446,50.17,0.871
2025-03-25 03:30:00,217.67,2.2940,499.33,905.52,0.124831,50.13,0.844
2025-03-25 03:45:00,218.78,2.3544,515.09,1056.49,0.128772,50.03,0.873
2025-03-25 04:00:00,218.61,2.4563,536.97,941.37,0.134242,49.98,0.889
2025-03-25 04:15:00,220.81,2.7224,601.13,1186.53,0.150281,49.84,0.971
2025-03-25 04:30:00,225.97,2.4652,557.07,920.19,0.139267,50.04,0.883
2025-03-25 04:45:00,227.41,2.7595,627.55,1251.24,0.156887,49.99,0.881
2025-03-25 05:00:00,223.83,3.1324,701.13,1532.69,0.175283,49.93,0.938
2025-03-25 05:15:00,224.23,2.5240,565.95,1159.84,0.141488,49.96,0.930
2025-03-25 05:30:00,225.96,2.6132,590.46,873.21,0.147615,49.98,0.915
2025-03-25 05:45:00,227.73,2.5196,573.79,1203.16,0.143449,50.09,0.899
2025-03-25 06:00:00,225.16,2.9996,675.39,1459.84,0.168847,50.06,0.856
2025-03-25 06:15:00,224.96,2.3361,525.54,1077.64,0.131386,49.88,0.952
2025-03-25 06:30:00,223.97,3.8495,862.17,1899.66,0.215542,50.01,0.869
2025-03-25 06:45:00,223.62,2.6823,599.83,1192.47,0.149957,49.91,0.948
2025-03-25 07:00:00,227.70,2.0107,457.84,946.97,0.114461,49.93,0.941
2025-03-25 07:15:00,227.52,4.1636,947.31,1440.20,0.236827,49.84,0.973
2025-03-25 07:30:00,226.92,2.3855,541.32,786.45,0.135330,49.90,0.832
2025-03-25 07:45:00,223.69,1.9114,427.55,884.92,0.106888,49.98,0.964
2025-03-25 08:00:00,225.24,2.5102,565.40,1206.67,0.141350,49.90,0.862
2025-03-25 08:15:00,220.73,2.4545,541.79,1159.44,0.135446,49.89,0.857
2025-03-25 08:30:00,226.28,2.7744,627.79,1054.31,0.156949,49.89,0.850
2025-03-25 08:45:00,222.59,2.6297,585.37,833.73,0.146342,49.93,0.832
2025-03-25 09:00:00,227.86,4.4029,1003.25,1897.65,0.250813,49.85,0.940
2025-03-25 09:15:00,223.07,3.6510,814.45,1580.45,0.203613,50.09,0.823
2025-03-25 09:30:00,227.35,3.2453,737.83,1065.25,0.184457,49.92,0.923
2025-03-25 09:45:00,227.96,3.0311,690.96,1266.31,0.172739,50.15,0.890
2025-03-25 10:00:00,218.64,5.0816,1111.05,2307.33,0.277762,50.08,0.890
2025-03-25 10:15:00,224.93,4.3105,969.57,1479.12,0.242392,49.96,0.890
2025-03-25 10:30:00,222.65,3.9730,884.59,1553.15,0.221148,49.93,0.949
2025-03-25 10:45:00,227.66,4.4963,1023.61,2097.26,0.255902,49.92,0.943
2025-03-25 11:00:00,220.65,5.6927,1256.11,2557.53,0.314028,49.82,0.948
2025-03-25 11:15:00,225.71,5.6516,1275.63,2446.64,0.318906,50.13,0.945
2025-03-25 11:30:00,220.39,5.1997,1145.94,2416.95,0.286485,49.95,0.826
2025-03-25 11:45:00,227.09,5.0111,1137.97,2294.40,0.284493,50.03,0.868
2025-03-25 12:00:00,218.43,5.9831,1306.91,2861.18,0.326728,49.90,0.857
2025-03-25 12:15:00,223.37,6.2043,1385.88,2677.23,0.346471,50.05,0.870
2025-03-25 12:30:00,220.02,6.3759,1402.85,2065.54,0.350713,50.01,0.948
2025-03-25 12:45:00,219.20,5.6087,1229.42,1765.23,0.307354,50.06,0.859
2025-03-25 13:00:00,217.74,5.8143,1266.00,2601.85,0.316500,50.17,0.886
2025-03-25 13:15:00,218.21,5.0025,1091.59,1953.22,0.272899,50.08,0.980
2025-03-25 13:30:00,222.08,5.3966,1198.46,1919.69,0.299615,50.16,0.963
2025-03-25 13:45:00,217.86,5.1878,1130.21,1996.59,0.282553,49.95,0.833
2025-03-25 14:00:00,219.11,5.1482,1128.04,1969.39,0.282011,49.99,0.952
2025-03-25 14:15:00,225.95,5.4511,1231.70,2318.51,0.307924,50.02,0.889
2025-03-25 14:30:00,226.92,4.4938,1019.74,1850.68,0.254935,49.85,0.920
2025-03-25 14:45:00,220.14,4.8602,1069.91,1830.47,0.267477,50.12,0.956
2025-03-25 15:00:00,226.24,4.6818,1059.22,2187.32,0.264806,49.93,0.841
2025-03-25 15:15:00,225.90,4.1063,927.62,1653.96,0.231904,49.84,0.829
2025-03-25 15:30:00,226.40,3.7471,848.35,1368.93,0.212088,49.81,0.951
2025-03-25 15:45:00,219.06,4.7418,1038.75,1818.56,0.259688,50.15,0.952
2025-03-25 16:00:00,226.07,2.4983,564.80,1161.51,0.141200,49.99,0.866
2025-03-25 16:15:00,222.59,2.3982,533.81,1016.71,0.133453,50.16,0.936
2025-03-25 16:30:00,219.74,2.4372,535.56,834.54,0.133890,49.90,0.915
2025-03-25 16:45:00,224.93,3.0005,674.90,1169.98,0.168725,50.17,0.888
2025-03-25 17:00:00,224.71,1.7158,385.56,772.14,0.096391,50.15,0.906
2025-03-25 17:15:00,221.49,1.4957,331.28,468.01,0.082820,49.87,0.906
2025-03-25 17:30:00,222.20,1.4753,327.81,521.35,0.081953,49.82,0.827
2025-03-25 17:45:00,221.65,1.9546,433.25,826.77,0.108311,50.05,0.901
2025-03-25 18:00:00,219.54,2.9278,642.76,1166.40,0.160690,49.96,0.937
2025-03-25 18:15:00,217.76,1.4694,319.97,600.33,0.079992,50.10,0.861
2025-03-25 18:30:00,222.90,2.1888,487.86,1167.06,0.121966,50.20,0.951
2025-03-25 18:45:00,225.66,1.4918,336.64,721.65,0.084159,50.17,0.861
2025-03-25 19:00:00,217.86,1.3255,288.76,451.11,0.072191,49.92,0.842
2025-03-25 19:15:00,223.82,1.5119,338.40,644.05,0.084601,50.05,0.840
2025-03-25 19:30:00,222.77,1.3136,292.63,503.20,0.073157,49.87,0.852
2025-03-25 19:45:00,221.93,1.4637,324.82,571.34,0.081206,50.13,0.885
2025-03-25 20:00:00,224.38,1.4870,333.65,620.29,0.083414,50.09,0.825
2025-03-25 20:15:00,222.00,1.4373,319.08,573.61,0.079769,50.14,0.969
2025-03-25 20:30:00,220.76,1.4266,314.93,481.13,0.078732,50.11,0.922
2025-03-25 20:45:00,220.66,1.5822,349.13,743.16,0.087281,49.99,0.880
2025-03-25 21:00:00,222.23,1.7665,392.58,734.23,0.098146,50.14,0.862
2025-03-25 21:15:00,226.58,1.6754,379.61,710.03,0.094903,49.87,0.845
2025-03-25 21:30:00,222.30,1.7973,399.54,632.10,0.099885,50.03,0.854
2025-03-25 21:45:00,219.26,1.6458,360.86,728.11,0.090214,49.92,0.836
2025-03-25 22:00:00,221.14,2.2360,494.45,1019.00,0.123613,50.10,0.902
2025-03-25 22:15:00,227.72,1.8910,430.62,634.79,0.107655,49.84,0.858
2025-03-25 22:30:00,218.79,1.9421,424.90,655.45,0.106224,49.88,0.962
2025-03-25 22:45:00,226.66,1.6861,382.18,817.32,0.095545,49.97,0.891
2025-03-25 23:00:00,223.83,4.0913,915.74,1291.63,0.228935,50.02,0.939
2025-03-25 23:15:00,223.10,3.6046,804.21,1233.28,0.201052,50.01,0.923
2025-03-25 23:30:00,220.89,4.1672,920.47,1531.76,0.230116,49.93,0.858
2025-03-25 23:45:00,225.90,4.5579,1029.63,2123.08,0.257406,49.99,0.946
2025-03-26 00:00:00,221.60,4.4727,991.15,1919.12,0.247788,50.19,0.907
2025-03-26 00:15:00,224.13,5.6152,1258.51,2744.62,0.314627,49.87,0.965
2025-03-26 00:30:00,221.57,4.8877,1082.98,1564.51,0.270745,50.19,0.971
2025-03-26 00:45:00,218.74,4.6793,1023.56,2229.52,0.255891,50.05,0.968
2025-03-26 01:00:00,224.66,4.1953,942.51,1759.30,0.235627,50.12,0.872
2025-03-26 01:15:00,218.15,4.4552,971.89,1401.46,0.242974,49.83,0.972
2025-03-26 01:30:00,225.49,3.8478,867.63,1842.69,0.216908,50.11,0.850
2025-03-26 01:45:00,226.31,4.2446,960.59,1832.53,0.240147,50.01,0.874
2025-03-26 02:00:00,222.20,2.5784,572.93,839.11,0.143234,50.04,0.872
2025-03-26 02:15:00,223.29,2.3640,527.86,1146.69,0.131964,49.91,0.935
2025-03-26 02:30:00,218.58,2.5829,564.58,1033.97,0.141144,50.00,0.939
2025-03-26 02:45:00,224.72,2.8116,631.83,1366.23,0.157958,50.06,0.935
2025-03-26 03:00:00,219.35,2.1677,475.48,713.80,0.118870,49.92,0.886
2025-03-26 03:15:00,225.70,2.4885,561.66,922.71,0.140414,49.88,0.843
2025-03-26 03:30:00,225.00,2.1369,480.80,858.55,0.120200,49.95,0.821
2025-03-26 03:45:00,225.84,1.8988,428.83,710.17,0.107208,49.82,0.951
2025-03-26 04:00:00,224.76,2.4819,557.85,880.93,0.139463,50.19,0.934
2025-03-26 04:15:00,219.94,2.7250,599.32,1303.98,0.149829,50.08,0.881
2025-03-26 04:30:00,220.27,2.3499,517.61,1005.13,0.129402,50.08,0.935
2025-03-26 04:45:00,219.47,2.8757,631.12,925.22,0.157781,49.82,0.923
2025-03-26 05:00:00,220.68,2.6657,588.27,885.83,0.147067,50.07,0.825
2025-03-26 05:15:00,226.31,2.9738,673.02,1366.77,0.168254,49.96,0.887
2025-03-26 05:30:00,226.30,2.5062,567.16,1185.72,0.141790,49.96,0.917
2025-03-26 05:45:00,218.61,2.8460,622.16,1146.84,0.155540,49.84,0.965
2025-03-26 06:00:00,220.07,2.9235,643.37,1104.76,0.160843,49.91,0.840
2025-03-26 06:15:00,222.31,2.7805,618.11,1076.07,0.154528,50.16,0.972
2025-03-26 06:30:00,220.62,2.5173,555.37,1114.29,0.138843,50.06,0.941
2025-03-26 06:45:00,218.76,2.5611,560.26,938.03,0.140065,50.01,0.956
2025-03-26 07:00:00,225.39,3.6358,819.47,1761.40,0.204867,50.04,0.920
2025-03-26 07:15:00,223.39,2.5415,567.74,859.05,0.141936,49.82,0.829
2025-03-26 07:30:00,226.19,2.2879,517.52,1115.29,0.129379,50.05,0.978
2025-03-26 07:45:00,221.05,1.9626,433.83,632.53,0.108457,49.89,0.974
2025-03-26 08:00:00,223.06,2.1706,484.18,917.06,0.121044,49.90,0.938
2025-03-26 08:15:00,220.39,2.4489,539.72,857.57,0.134929,50.12,0.859
2025-03-26 08:30:00,218.66,2.6843,586.95,1059.30,0.146738,49.89,0.967
2025-03-26 08:45:00,220.41,2.7263,600.91,1235.71,0.150227,50.07,0.887
2025-03-26 09:00:00,224.26,2.8342,635.58,1199.86,0.158896,50.13,0.917
2025-03-26 09:15:00,221.23,3.4526,763.82,1242.46,0.190955,50.12,0.855
2025-03-26 09:30:00,221.08,3.3786,746.94,1304.07,0.186736,50.06,0.931
2025-03-26 09:45:00,221.20,3.0378,671.96,1370.43,0.167990,49.85,0.866
2025-03-26 10:00:00,220.98,4.9411,1091.92,1656.47,0.272979,50.13,0.934
2025-03-26 10:15:00,222.22,4.5959,1021.30,2031.59,0.255326,49.81,0.935
2025-03-26 10:30:00,221.35,4.6734,1034.47,1861.88,0.258617,50.18,0.919
2025-03-26 10:45:00,218.24,5.0195,1095.47,1879.56,0.273867,49.99,0.888
2025-03-26 11:00:00,219.59,5.9799,1313.12,2701.29,0.328280,49.81,0.926
2025-03-26 11:15:00,217.96,5.6314,1227.41,2200.76,0.306853,49.82,0.914
2025-03-26 11:30:00,223.93,5.3956,1208.23,2399.96,0.302057,50.06,0.916
2025-03-26 11:45:00,218.76,5.1956,1136.56,1707.99,0.284141,49.85,0.930
2025-03-26 12:00:00,221.07,5.9026,1304.89,2275.18,0.326222,50.19,0.979
2025-03-26 12:15:00,219.85,6.7289,1479.35,2339.09,0.369837,49.80,0.950
2025-03-26 12:30:00,221.19,7.7085,1705.02,3652.79,0.426255,49.93,0.925
2025-03-26 12:45:00,219.67,5.9605,1309.35,1869.01,0.327337,49.98,0.917
2025-03-26 13:00:00,220.33,6.4499,1421.14,2300.91,0.355284,50.07,0.909
2025-03-26 13:15:00,221.88,6.5406,1451.19,2906.31,0.362797,49.87,0.939
2025-03-26 13:30:00,227.19,5.9515,1352.13,2788.66,0.338034,50.10,0.913
2025-03-26 13:45:00,221.23,5.7264,1266.85,1959.18,0.316713,49.99,0.943
2025-03-26 14:00:00,222.85,4.8348,1077.41,2106.26,0.269353,50.03,0.822
2025-03-26 14:15:00,218.96,5.4214,1187.07,2098.71,0.296768,50.19,0.893
2025-03-26 14:30:00,222.91,5.0889,1134.37,1684.02,0.283593,50.06,0.830
2025-03-26 14:45:00,221.63,8.7087,1930.13,3065.37,0.482533,50.05,0.824
2025-03-26 15:00:00,225.74,3.5569,802.91,1708.72,0.200728,49.83,0.970
2025-03-26 15:15:00,220.18,4.5663,1005.39,2153.01,0.251348,49.87,0.954
2025-03-26 15:30:00,220.50,4.4096,972.31,1843.22,0.243077,49.84,0.963
2025-03-26 15:45:00,223.72,4.3168,965.74,1578.01,0.241436,49.91,0.949
2025-03-26 16:00:00,221.32,3.1008,686.28,1455.50,0.171569,50.15,0.910
2025-03-26 16:15:00,218.86,2.4066,526.73,843.13,0.131682,49.86,0.943
2025-03-26 16:30:00,223.50,4.6510,1039.50,2260.93,0.259875,50.18,0.954
2025-03-26 16:45:00,222.70,4.5399,1011.05,2160.39,0.252762,50.00,0.965
2025-03-26 17:00:00,219.90,1.5988,351.56,720.96,0.087890,50.15,0.886
2025-03-26 17:15:00,226.00,1.4866,335.97,494.14,0.083993,50.00,0.969
2025-03-26 17:30:00,220.29,1.9313,425.44,887.51,0.106360,50.05,0.967
2025-03-26 17:45:00,227.61,1.8499,421.06,686.62,0.105264,50.15,0.896
2025-03-26 18:00:00,223.35,1.7955,401.03,855.68,0.100257,49.82,0.960
2025-03-26 18:15:00,227.60,1.5715,357.66,664.64,0.089416,49.92,0.822
2025-03-26 18:30:00,219.51,1.4078,309.01,668.64,0.077253,50.03,0.975
2025-03-26 18:45:00,226.02,1.4175,320.39,532.59,0.080097,50.16,0.828
2025-03-26 19:00:00,220.29,1.2747,280.80,571.80,0.070201,50.03,0.842
2025-03-26 19:15:00,219.83,1.5318,336.74,623.35,0.084186,49.88,0.931
2025-03-26 19:30:00,225.17,1.6566,373.00,627.49,0.093251,49.87,0.944
2025-03-26 19:45:00,218.35,1.4319,312.66,665.81,0.078165,50.10,0.882
2025-03-26 20:00:00,220.35,1.3407,295.42,491.50,0.073854,50.06,0.886
2025-03-26 20:15:00,223.37,1.6904,377.60,752.90,0.094401,49.97,0.842
2025-03-26 20:30:00,219.86,1.6558,364.05,509.84,0.091013,49.89,0.846
2025-03-26 20:45:00,227.51,1.4916,339.36,513.22,0.084840,50.09,0.925
2025-03-26 21:00:00,225.42,1.6495,371.84,799.50,0.092960,49.93,0.909
2025-03-26 21:15:00,224.10,1.3926,312.07,616.92,0.078017,50.16,0.848
2025-03-26 21:30:00,225.60,1.6011,361.21,733.37,0.090302,49.93,0.920
2025-03-26 21:45:00,224.52,1.6045,360.25,654.55,0.090063,49.80,0.967
2025-03-26 22:00:00,221.11,1.9427,429.57,759.99,0.107392,50.19,0.884
2025-03-26 22:15:00,222.22,2.6182,581.80,1285.59,0.145451,50.13,0.875
2025-03-26 22:30:00,218.12,1.8664,407.10,753.48,0.101775,50.17,0.825
2025-03-26 22:45:00,221.78,2.1607,479.19,963.15,0.119796,49.93,0.879
2025-03-26 23:00:00,222.30,4.5673,1015.33,1516.57,0.253832,49.88,0.889
2025-03-26 23:15:00,221.04,4.1593,919.36,1494.28,0.229840,49.91,0.841
2025-03-26 23:30:00,226.37,4.2042,951.71,1365.33,0.237928,49.95,0.977
2025-03-26 23:45:00,223.95,4.2991,962.81,1814.53,0.240702,50.07,0.863
2025-03-27 00:00:00,226.62,4.4328,1004.55,1732.39,0.251138,49.90,0.939
2025-03-27 00:15:00,224.85,5.3271,1197.83,1778.08,0.299457,49.98,0.962
2025-03-27 00:30:00,220.11,4.3410,955.48,2003.29,0.238871,50.12,0.936
2025-03-27 00:45:00,219.56,4.3273,950.09,1532.19,0.237522,50.17,0.937
2025-03-27 01:00:00,225.07,4.0868,919.80,1599.07,0.229950,50.17,0.964
2025-03-27 01:15:00,222.21,3.6352,807.78,1360.08,0.201945,50.16,0.874
2025-03-27 01:30:00,218.67,4.3990,961.96,1887.43,0.240490,49.91,0.840
2025-03-27 01:45:00,224.71,3.7230,836.61,1622.87,0.209153,50.16,0.890
2025-03-27 02:00:00,224.31,2.7992,627.89,1229.83,0.156974,50.12,0.899
2025-03-27 02:15:00,227.06,2.7022,613.56,985.70,0.153389,49.85,0.862
2025-03-27 02:30:00,226.65,2.5042,567.57,1150.25,0.141894,49.94,0.962
2025-03-27 02:45:00,217.87,2.8994,631.70,941.01,0.157925,50.11,0.919
2025-03-27 03:00:00,225.39,2.5128,566.35,939.66,0.141588,50.12,0.923
2025-03-27 03:15:00,217.69,2.6016,566.34,963.24,0.141584,50.18,0.951
2025-03-27 03:30:00,226.73,2.2802,516.99,868.51,0.129248,49.89,0.927
2025-03-27 03:45:00,227.38,2.1621,491.62,1081.45,0.122906,49.96,0.952
2025-03-27 04:00:00,226.19,2.3217,525.15,742.35,0.131288,49.85,0.871
2025-03-27 04:15:00,220.72,2.4225,534.69,1090.87,0.133672,49.99,0.859
2025-03-27 04:30:00,218.01,2.3246,506.79,1053.69,0.126698,49.81,0.824
2025-03-27 04:45:00,217.60,2.3942,520.96,733.25,0.130239,49.98,0.821
2025-03-27 05:00:00,227.17,3.0015,681.84,1495.58,0.170461,49.96,0.882
2025-03-27 05:15:00,225.13,3.3202,747.48,1446.25,0.186870,50.08,0.953
2025-03-27 05:30:00,225.88,2.9710,671.09,1457.77,0.167772,49.90,0.846
2025-03-27 05:45:00,225.05,3.2765,737.39,1317.04,0.184347,50.15,0.962
2025-03-27 06:00:00,219.33,2.5146,551.52,1057.02,0.137880,50.09,0.907
2025-03-27 06:15:00,220.26,3.1564,695.23,1524.25,0.173808,50.02,0.853
2025-03-27 06:30:00,220.86,2.7324,603.48,1069.08,0.150870,49.87,0.896
2025-03-27 06:45:00,219.64,2.8652,629.32,963.14,0.157330,49.86,0.932
2025-03-27 07:00:00,217.54,2.3454,510.23,737.56,0.127558,49.81,0.822
2025-03-27 07:15:00,221.42,2.5315,560.53,1137.37,0.140131,50.00,0.973
2025-03-27 07:30:00,219.13,2.2874,501.23,1041.06,0.125308,49.90,0.970
2025-03-27 07:45:00,226.31,2.4890,563.29,897.41,0.140822,50.11,0.843
2025-03-27 08:00:00,223.58,2.4406,545.67,892.83,0.136417,49.86,0.836
2025-03-27 08:15:00,219.97,2.8590,628.90,1151.14,0.157225,50.16,0.907
2025-03-27 08:30:00,218.36,2.7228,594.54,1218.75,0.148634,50.12,0.866
2025-03-27 08:45:00,224.33,2.5527,572.64,1128.35,0.143161,50.11,0.942
2025-03-27 09:00:00,223.98,3.6084,808.22,1483.92,0.202054,49.96,0.902
2025-03-27 09:15:00,225.98,3.2507,734.60,1588.32,0.183651,50.10,0.905
2025-03-27 09:30:00,220.81,3.5547,784.89,1441.12,0.196222,50.01,0.823
2025-03-27 09:45:00,223.04,3.4671,773.32,1111.99,0.193329,49.93,0.911
2025-03-27 10:00:00,222.67,4.9093,1093.15,1566.05,0.273289,50.09,0.902
2025-03-27 10:15:00,224.87,4.4680,1004.70,1438.18,0.251174,50.18,0.840
2025-03-27 10:30:00,217.74,3.9076,850.86,1735.24,0.212714,49.89,0.853
2025-03-27 10:45:00,220.21,4.2849,943.56,1450.22,0.235891,49.89,0.976
2025-03-27 11:00:00,226.94,7.5029,1702.71,3617.19,0.425677,49.99,0.900
2025-03-27 11:15:00,218.07,6.0677,1323.19,2771.37,0.330797,50.01,0.949
2025-03-27 11:30:00,218.51,5.8978,1288.70,1961.29,0.322174,49.92,0.942
2025-03-27 11:45:00,218.31,5.1840,1131.73,1912.11,0.282931,49.99,0.861
2025-03-27 12:00:00,225.75,6.2988,1421.98,2402.96,0.355495,50.19,0.887
2025-03-27 12:15:00,225.00,6.2633,1409.27,2080.70,0.352316,49.99,0.979
2025-03-27 12:30:00,223.59,6.0511,1352.97,2506.60,0.338242,49.90,0.957
2025-03-27 12:45:00,219.92,6.2750,1380.01,2763.88,0.345003,49.89,0.899
2025-03-27 13:00:00,219.37,5.7360,1258.34,2493.26,0.314586,49.93,0.867
2025-03-27 13:15:00,224.49,5.3536,1201.80,1990.17,0.300451,49.94,0.901
2025-03-27 13:30:00,221.91,6.5216,1447.24,2598.41,0.361810,50.05,0.944
2025-03-27 13:45:00,227.26,5.3478,1215.35,1899.20,0.303838,50.04,0.911
2025-03-27 14:00:00,221.59,5.1437,1139.80,1659.91,0.284951,50.11,0.877
2025-03-27 14:15:00,221.91,4.9706,1103.04,2204.44,0.275760,49.90,0.909
2025-03-27 14:30:00,220.82,5.4643,1206.63,1979.17,0.301659,50.01,0.875
2025-03-27 14:45:00,217.65,4.7917,1042.92,1976.86,0.260729,50.16,0.888
2025-03-27 15:00:00,220.18,3.9457,868.76,1630.75,0.217190,49.90,0.851
2025-03-27 15:15:00,223.33,4.6181,1031.35,2098.34,0.257837,49.91,0.913
2025-03-27 15:30:00,225.66,4.7381,1069.20,1970.99,0.267299,49.82,0.892
2025-03-27 15:45:00,219.42,4.4109,967.84,1462.08,0.241961,49.94,0.941
2025-03-27 16:00:00,219.18,2.6743,586.15,994.52,0.146538,50.15,0.938
2025-03-27 16:15:00,218.85,2.9928,654.96,1348.04,0.163741,49.83,0.852
2025-03-27 16:30:00,225.98,2.8716,648.92,1128.17,0.162231,49.87,0.961
2025-03-27 16:45:00,226.10,2.5422,574.79,818.49,0.143696,50.09,0.914
2025-03-27 17:00:00,226.79,1.6205,367.51,696.22,0.091878,50.13,0.896
2025-03-27 17:15:00,221.84,1.6979,376.66,744.06,0.094165,49.90,0.978
2025-03-27 17:30:00,221.76,1.5950,353.70,600.30,0.088426,49.94,0.905
2025-03-27 17:45:00,218.83,1.6415,359.21,621.88,0.089802,49.92,0.937
2025-03-27 18:00:00,220.17,1.4951,329.16,547.06,0.082291,50.15,0.834
2025-03-27 18:15:00,227.39,1.7312,393.66,630.90,0.098415,49.81,0.834
2025-03-27 18:30:00,226.40,3.0546,691.55,1019.50,0.172888,50.19,0.946
2025-03-27 18:45:00,217.94,1.7505,381.50,713.18,0.095375,49.90,0.848
2025-03-27 19:00:00,220.35,1.2909,284.45,536.76,0.071112,50.05,0.863
2025-03-27 19:15:00,223.87,1.5970,357.52,747.79,0.089381,50.13,0.860
2025-03-27 19:30:00,224.16,1.3780,308.90,664.78,0.077226,50.15,0.880
2025-03-27 19:45:00,222.30,1.4068,312.73,617.25,0.078183,50.20,0.940
2025-03-27 20:00:00,217.50,1.4614,317.87,466.04,0.079467,49.83,0.929
2025-03-27 20:15:00,226.09,1.2793,289.25,547.65,0.072312,49.86,0.865
2025-03-27 20:30:00,219.32,1.5431,338.43,662.80,0.084607,50.09,0.863
2025-03-27 20:45:00,226.77,1.3412,304.13,462.22,0.076032,49.91,0.838
2025-03-27 21:00:00,217.50,1.4229,309.48,605.10,0.077370,49.93,0.866
2025-03-27 21:15:00,219.44,2.4247,532.07,1537.17,0.133017,49.94,0.876
2025-03-27 21:30:00,217.70,2.1525,468.60,1170.13,0.117150,50.18,0.960
2025-03-27 21:45:00,220.13,1.7326,381.40,728.24,0.095350,49.86,0.915
2025-03-27 22:00:00,227.98,2.1404,487.97,837.61,0.121993,49.88,0.871
2025-03-27 22:15:00,225.57,1.8637,420.40,714.33,0.105099,50.07,0.947
2025-03-27 22:30:00,224.47,2.0787,466.61,782.92,0.116652,50.06,0.844
2025-03-27 22:45:00,218.20,2.0985,457.89,709.53,0.114473,50.09,0.951
2025-03-27 23:00:00,221.07,4.0803,902.04,1438.46,0.225510,50.10,0.882
2025-03-27 23:15:00,218.70,7.1348,1560.39,2310.69,0.390099,49.92,0.958
2025-03-27 23:30:00,226.62,3.9490,894.92,1711.33,0.223729,49.96,0.916
2025-03-27 23:45:00,227.13,3.7772,857.90,1538.80,0.214474,50.06,0.862
2025-03-28 00:00:00,226.09,5.5196,1247.91,2208.67,0.311977,50.08,0.894
2025-03-28 00:15:00,218.25,4.9854,1088.10,2228.29,0.272024,49.85,0.875
2025-03-28 00:30:00,225.74,4.8525,1095.40,1575.83,0.273850,50.09,0.898
2025-03-28 00:45:00,218.08,4.6570,1015.58,1627.39,0.253895,49.95,0.843
2025-03-28 01:00:00,222.48,3.4404,765.41,1208.24,0.191352,50.18,0.880
2025-03-28 01:15:00,226.27,3.7165,840.93,1820.26,0.210234,50.02,0.821
2025-03-28 01:30:00,219.28,3.7990,833.05,1279.57,0.208262,49.97,0.872
2025-03-28 01:45:00,221.99,4.3151,957.89,1807.01,0.239472,49.93,0.929
2025-03-28 02:00:00,225.43,2.2682,511.33,858.55,0.127833,50.11,0.872
2025-03-28 02:15:00,220.12,2.2919,504.49,998.60,0.126123,49.82,0.972
2025-03-28 02:30:00,223.38,2.1546,481.29,836.17,0.120322,49.91,0.962
2025-03-28 02:45:00,224.18,2.6816,601.18,992.63,0.150296,49.91,0.899
2025-03-28 03:00:00,222.83,2.1864,487.20,795.87,0.121800,50.01,0.831
2025-03-28 03:15:00,218.87,2.4281,531.45,825.21,0.132862,50.16,0.974
2025-03-28 03:30:00,220.87,1.9906,439.65,832.35,0.109913,49.90,0.976
2025-03-28 03:45:00,222.69,3.6228,806.76,1437.18,0.201691,50.18,0.884
2025-03-28 04:00:00,227.98,2.5286,576.47,1148.40,0.144117,50.02,0.905
2025-03-28 04:15:00,219.50,2.6803,588.31,1234.59,0.147078,49.98,0.907
2025-03-28 04:30:00,222.43,2.5348,563.83,797.48,0.140959,49.96,0.946
2025-03-28 04:45:00,221.76,3.3368,739.98,1743.10,0.184995,49.92,0.844
2025-03-28 05:00:00,220.16,3.2679,719.47,1344.80,0.179867,50.13,0.879
2025-03-28 05:15:00,226.37,2.8078,635.60,1204.77,0.158901,50.07,0.916
2025-03-28 05:30:00,224.13,2.9110,652.44,1262.63,0.163110,49.89,0.877
2025-03-28 05:45:00,219.66,2.5593,562.18,1212.85,0.140546,49.91,0.896
2025-03-28 06:00:00,220.54,2.7980,617.09,945.44,0.154273,50.04,0.858
2025-03-28 06:15:00,220.01,2.4293,534.45,890.38,0.133613,49.82,0.886
2025-03-28 06:30:00,223.93,2.5123,562.57,1227.66,0.140642,50.20,0.855
2025-03-28 06:45:00,227.83,2.7241,620.64,1177.43,0.155161,49.86,0.922
2025-03-28 07:00:00,226.31,2.0458,462.98,1014.32,0.115745,50.06,0.881
2025-03-28 07:15:00,217.63,2.2902,498.43,941.66,0.124607,49.84,0.976
2025-03-28 07:30:00,227.11,2.4420,554.61,1167.43,0.138652,50.06,0.908
2025-03-28 07:45:00,224.05,2.3652,529.93,1003.54,0.132483,50.09,0.933
2025-03-28 08:00:00,218.20,2.2796,497.41,945.91,0.124352,50.03,0.952
2025-03-28 08:15:00,226.52,2.6201,593.49,1230.07,0.148373,49.88,0.922
2025-03-28 08:30:00,218.46,2.5093,548.17,873.18,0.137042,50.17,0.829
2025-03-28 08:45:00,222.15,2.1350,474.29,774.09,0.118571,50.09,0.932
2025-03-28 09:00:00,223.82,3.2851,735.25,1421.85,0.183813,49.98,0.965
2025-03-28 09:15:00,217.62,2.9269,636.96,1005.25,0.159240,49.96,0.820
2025-03-28 09:30:00,224.89,3.5713,803.17,1705.05,0.200792,50.06,0.875
2025-03-28 09:45:00,219.04,4.2758,936.58,1811.77,0.234145,50.07,0.936
2025-03-28 10:00:00,225.22,4.5333,1020.98,2118.28,0.255245,49.95,0.869
2025-03-28 10:15:00,219.30,3.8884,852.72,1669.18,0.213180,49.81,0.919
2025-03-28 10:30:00,225.67,4.9576,1118.79,2284.64,0.279697,50.12,0.830
2025-03-28 10:45:00,222.92,4.5601,1016.55,1937.69,0.254136,50.04,0.944
2025-03-28 11:00:00,217.66,5.1932,1130.34,1663.49,0.282586,50.18,0.874
2025-03-28 11:15:00,226.01,5.3354,1205.86,2555.70,0.301464,50.00,0.864
2025-03-28 11:30:00,224.79,4.4212,993.82,1548.04,0.248456,49.99,0.854
2025-03-28 11:45:00,221.91,5.8061,1288.47,2599.29,0.322117,49.98,0.946
2025-03-28 12:00:00,218.86,6.9111,1512.54,2683.74,0.378136,50.00,0.883
2025-03-28 12:15:00,217.69,5.3094,1155.84,2020.41,0.288959,49.83,0.890
2025-03-28 12:30:00,227.06,5.5678,1264.26,2327.78,0.316064,49.82,0.972
2025-03-28 12:45:00,224.51,9.4366,2118.64,3766.79,0.529660,49.87,0.930
2025-03-28 13:00:00,221.47,5.6380,1248.61,2316.57,0.312153,50.09,0.875
2025-03-28 13:15:00,219.74,5.6417,1239.71,1749.80,0.309928,50.02,0.866
2025-03-28 13:30:00,223.34,8.1382,1817.59,4466.48,0.454398,50.08,0.821
2025-03-28 13:45:00,223.70,5.6159,1256.29,2309.24,0.314072,49.81,0.927
2025-03-28 14:00:00,223.60,5.4598,1220.82,2460.12,0.305205,50.02,0.922
2025-03-28 14:15:00,220.69,4.8082,1061.11,1843.02,0.265279,50.18,0.854
2025-03-28 14:30:00,221.78,5.2146,1156.52,1688.31,0.289129,50.19,0.975
2025-03-28 14:45:00,223.20,5.0722,1132.11,1887.84,0.283028,49.98,0.922
2025-03-28 15:00:00,224.33,6.0436,1355.78,2628.79,0.338944,50.19,0.831
2025-03-28 15:15:00,221.17,4.4211,977.83,1760.15,0.244458,50.16,0.849
2025-03-28 15:30:00,219.14,4.5176,990.01,2130.85,0.247504,49.98,0.918
2025-03-28 15:45:00,227.36,4.0511,921.07,1732.41,0.230268,49.85,0.826
2025-03-28 16:00:00,226.71,2.3089,523.45,1112.23,0.130863,50.11,0.843
2025-03-28 16:15:00,218.64,2.4892,544.25,815.98,0.136064,49.81,0.919
2025-03-28 16:30:00,223.87,2.8135,629.86,1287.49,0.157464,50.18,0.955
2025-03-28 16:45:00,227.40,3.0423,691.83,1256.99,0.172958,49.87,0.855
2025-03-28 17:00:00,218.79,2.1893,479.00,751.79,0.119751,50.17,0.938
2025-03-28 17:15:00,221.37,1.9441,430.35,920.42,0.107588,49.82,0.961
2025-03-28 17:30:00,226.58,1.6867,382.16,761.61,0.095540,50.18,0.960
2025-03-28 17:45:00,227.09,1.6708,379.41,702.84,0.094853,49.94,0.929
2025-03-28 18:00:00,227.26,1.8432,418.88,881.32,0.104720,50.11,0.892
2025-03-28 18:15:00,218.90,1.9768,432.71,644.88,0.108177,49.97,0.940
2025-03-28 18:30:00,226.84,1.8224,413.38,721.81,0.103345,50.13,0.943
2025-03-28 18:45:00,220.68,1.5382,339.45,509.77,0.084863,50.08,0.978
2025-03-28 19:00:00,218.93,1.6656,364.65,784.56,0.091161,50.19,0.840
2025-03-28 19:15:00,220.01,1.8121,398.68,607.13,0.099670,49.88,0.942
2025-03-28 19:30:00,225.61,1.5577,351.44,682.89,0.087860,50.06,0.972
2025-03-28 19:45:00,221.31,1.5710,347.67,532.52,0.086919,50.15,0.823
2025-03-28 20:00:00,220.13,1.5482,340.80,507.54,0.085200,49.94,0.964
2025-03-28 20:15:00,221.30,1.3828,306.01,512.81,0.076503,49.81,0.909
2025-03-28 20:30:00,220.30,1.7984,396.19,832.50,0.099047,49.80,0.923
2025-03-28 20:45:00,218.12,1.7600,383.89,675.69,0.095973,49.82,0.895
2025-03-28 21:00:00,224.16,1.7407,390.19,764.31,0.097548,49.93,0.910
2025-03-28 21:15:00,221.16,1.7629,389.89,617.00,0.097472,50.00,0.976
2025-03-28 21:30:00,218.81,1.9106,418.07,857.87,0.104518,50.01,0.923
2025-03-28 21:45:00,220.75,1.9746,435.90,830.11,0.108974,50.19,0.836
2025-03-28 22:00:00,222.80,2.2383,498.68,1011.08,0.124670,50.14,0.855
2025-03-28 22:15:00,226.46,1.8759,424.83,868.31,0.106207,49.97,0.820
2025-03-28 22:30:00,220.22,2.1455,472.47,957.35,0.118118,50.11,0.882
2025-03-28 22:45:00,222.98,2.5009,557.67,825.19,0.139417,49.80,0.954
2025-03-28 23:00:00,225.26,5.3461,1204.25,2407.71,0.301063,50.19,0.863
2025-03-28 23:15:00,220.51,4.5631,1006.22,1863.27,0.251555,49.88,0.902
2025-03-28 23:30:00,221.20,8.9079,1970.41,5216.90,0.492602,50.11,0.930
2025-03-28 23:45:00,224.67,5.0340,1130.98,1999.34,0.282744,50.06,0.835
2025-03-29 00:00:00,224.93,5.3372,1200.47,2163.63,0.300119,50.06,0.872
2025-03-29 00:15:00,226.33,6.6073,1495.46,2194.30,0.373864,50.00,0.867
2025-03-29 00:30:00,219.01,10.0772,2206.97,4395.02,0.551743,49.89,0.885
2025-03-29 00:45:00,223.62,5.0931,1138.94,1975.04,0.284735,50.08,0.929
2025-03-29 01:00:00,226.93,5.1019,1157.78,2310.27,0.289445,50.15,0.864
2025-03-29 01:15:00,220.19,4.5350,998.57,1509.88,0.249642,50.13,0.941
2025-03-29 01:30:00,224.24,6.4377,1443.59,2901.97,0.360898,50.05,0.843
2025-03-29 01:45:00,218.97,5.1327,1123.89,2192.81,0.280972,50.17,0.932
2025-03-29 02:00:00,221.57,2.8558,632.78,1155.69,0.158195,50.02,0.912
2025-03-29 02:15:00,218.89,3.0703,672.06,1203.08,0.168016,49.94,0.933
2025-03-29 02:30:00,220.21,3.1259,688.37,988.48,0.172092,49.83,0.921
2025-03-29 02:45:00,225.46,3.0743,693.12,1170.63,0.173279,49.86,0.862
2025-03-29 03:00:00,224.04,2.4224,542.71,854.73,0.135677,49.97,0.872
2025-03-29 03:15:00,227.57,2.4446,556.32,923.68,0.139081,50.19,0.830
2025-03-29 03:30:00,222.14,3.7477,832.49,1826.99,0.208123,50.08,0.836
2025-03-29 03:45:00,217.57,2.4572,534.60,889.38,0.133651,50.08,0.942
2025-03-29 04:00:00,221.51,2.9227,647.40,1109.57,0.161851,50.07,0.950
2025-03-29 04:15:00,227.90,2.9518,672.70,1387.69,0.168176,49.97,0.916
2025-03-29 04:30:00,227.32,2.7771,631.30,1346.74,0.157825,49.88,0.876
2025-03-29 04:45:00,220.35,2.5015,551.21,875.67,0.137801,50.06,0.933
2025-03-29 05:00:00,219.43,3.3702,739.53,1115.25,0.184883,50.07,0.979
2025-03-29 05:15:00,226.25,3.4577,782.30,1293.95,0.195576,50.14,0.919
2025-03-29 05:30:00,217.75,3.4992,761.94,1463.62,0.190485,49.98,0.851
2025-03-29 05:45:00,220.90,3.9405,870.45,1876.32,0.217612,50.06,0.825
2025-03-29 06:00:00,218.00,3.2659,711.96,1256.47,0.177989,50.04,0.905
2025-03-29 06:15:00,222.07,2.7136,602.60,1154.11,0.150651,50.13,0.960
2025-03-29 06:30:00,225.57,2.7570,621.90,1331.66,0.155474,49.95,0.878
2025-03-29 06:45:00,226.31,2.9882,676.27,1120.57,0.169067,50.08,0.929
2025-03-29 07:00:00,223.76,3.6265,811.49,1874.81,0.202872,49.86,0.841
2025-03-29 07:15:00,226.32,2.5305,572.71,816.71,0.143177,49.91,0.929
2025-03-29 07:30:00,223.59,2.6341,588.97,1196.20,0.147241,49.94,0.940
2025-03-29 07:45:00,227.24,2.5910,588.77,1153.73,0.147193,49.82,0.837
2025-03-29 08:00:00,219.00,3.0663,671.51,1431.89,0.167877,50.20,0.900
2025-03-29 08:15:00,227.89,3.3637,766.54,1640.28,0.191636,49.95,0.896
2025-03-29 08:30:00,218.35,2.5130,548.73,850.25,0.137182,49.96,0.836
2025-03-29 08:45:00,218.59,3.0769,672.59,1216.20,0.168148,49.83,0.858
2025-03-29 09:00:00,227.27,3.9061,887.76,1541.10,0.221940,49.85,0.925
2025-03-29 09:15:00,217.82,4.2431,924.21,1595.93,0.231053,49.85,0.822
2025-03-29 09:30:00,221.22,3.8642,854.86,1259.23,0.213715,49.87,0.973
2025-03-29 09:45:00,222.53,3.9973,889.52,1672.89,0.222379,50.15,0.951
2025-03-29 10:00:00,217.55,5.4678,1189.49,2468.12,0.297373,49.99,0.899
2025-03-29 10:15:00,221.66,5.7568,1276.06,2637.99,0.319015,49.93,0.859
2025-03-29 10:30:00,221.54,5.4783,1213.67,1736.41,0.303418,50.10,0.928
2025-03-29 10:45:00,224.73,5.7258,1286.76,2405.48,0.321691,50.07,0.873
2025-03-29 11:00:00,221.64,7.1986,1595.47,2442.26,0.398867,49.91,0.968
2025-03-29 11:15:00,224.79,6.5393,1469.99,2844.52,0.367498,50.08,0.867
2025-03-29 11:30:00,218.79,7.0184,1535.52,2375.80,0.383880,49.90,0.842
2025-03-29 11:45:00,225.38,7.0453,1587.90,3065.07,0.396976,49.84,0.821
2025-03-29 12:00:00,221.73,6.1544,1364.63,2942.06,0.341159,50.12,0.887
2025-03-29 12:15:00,222.41,6.2022,1379.44,2416.61,0.344859,49.97,0.830
2025-03-29 12:30:00,226.33,8.0621,1824.66,3990.47,0.456166,49.96,0.840
2025-03-29 12:45:00,223.50,7.6378,1707.05,2710.94,0.426763,50.20,0.942
2025-03-29 13:00:00,220.72,7.4374,1641.57,2777.42,0.410393,50.18,0.937
2025-03-29 13:15:00,221.96,7.2987,1620.03,2290.75,0.405008,49.81,0.897
2025-03-29 13:30:00,218.92,6.1873,1354.51,2322.89,0.338629,50.04,0.970
2025-03-29 13:45:00,223.61,7.3194,1636.71,2471.64,0.409178,50.12,0.838
2025-03-29 14:00:00,222.79,6.7826,1511.11,2500.96,0.377778,49.87,0.980
2025-03-29 14:15:00,227.89,6.9903,1593.00,2852.45,0.398249,50.03,0.920
2025-03-29 14:30:00,225.20,5.5486,1249.54,2133.83,0.312385,49.97,0.883
2025-03-29 14:45:00,224.76,6.4537,1450.56,2798.94,0.362641,50.14,0.971
2025-03-29 15:00:00,222.62,5.6018,1247.07,2584.41,0.311769,49.85,0.834
2025-03-29 15:15:00,219.11,5.4482,1193.78,2473.71,0.298444,50.10,0.918
2025-03-29 15:30:00,218.74,5.0337,1101.04,2217.91,0.275261,50.11,0.841
2025-03-29 15:45:00,223.29,5.5999,1250.39,2149.17,0.312598,50.14,0.828
2025-03-29 16:00:00,224.02,2.9116,652.27,1348.73,0.163066,50.09,0.874
2025-03-29 16:15:00,224.33,3.0379,681.49,1205.51,0.170372,49.81,0.869
2025-03-29 16:30:00,227.60,2.7773,632.11,1054.04,0.158029,49.99,0.855
2025-03-29 16:45:00,218.83,3.3748,738.52,1560.53,0.184630,49.94,0.907
2025-03-29 17:00:00,225.17,1.8313,412.37,617.60,0.103092,50.16,0.906
2025-03-29 17:15:00,222.07,1.7701,393.10,691.62,0.098275,49.81,0.957
2025-03-29 17:30:00,221.47,1.7121,379.18,623.37,0.094795,49.99,0.827
2025-03-29 17:45:00,227.91,3.2249,734.99,1123.01,0.183746,49.99,0.947
2025-03-29 18:00:00,220.46,1.7118,377.39,682.59,0.094348,50.01,0.938
2025-03-29 18:15:00,218.10,1.5790,344.38,614.71,0.086094,49.92,0.835
2025-03-29 18:30:00,223.66,1.7433,389.89,850.92,0.097472,50.07,0.932
2025-03-29 18:45:00,222.25,1.8033,400.79,730.80,0.100197,49.95,0.963
2025-03-29 19:00:00,223.78,1.4457,323.53,644.41,0.080882,50.16,0.823
2025-03-29 19:15:00,222.35,1.6575,368.55,776.97,0.092137,50.11,0.882
2025-03-29 19:30:00,227.38,1.7551,399.09,796.66,0.099772,50.06,0.842
2025-03-29 19:45:00,220.34,1.6036,353.33,618.14,0.088333,49.89,0.881
2025-03-29 20:00:00,226.88,1.5482,351.26,578.75,0.087814,50.08,0.904
2025-03-29 20:15:00,221.55,1.7659,391.22,638.39,0.097804,49.94,0.906
2025-03-29 20:30:00,219.36,1.5110,331.45,655.39,0.082864,50.16,0.911
2025-03-29 20:45:00,224.84,1.7619,396.15,733.22,0.099037,49.97,0.890
2025-03-29 21:00:00,219.84,1.6251,357.26,519.50,0.089316,49.96,0.906
2025-03-29 21:15:00,224.49,1.9041,427.44,808.47,0.106859,50.04,0.858
2025-03-29 21:30:00,222.87,1.7100,381.10,687.51,0.095274,50.06,0.907
2025-03-29 21:45:00,218.25,2.6089,569.40,938.06,0.142351,50.07,0.895
2025-03-29 22:00:00,218.55,3.7566,821.01,1601.75,0.205252,50.14,0.862
2025-03-29 22:15:00,223.38,2.3635,527.96,979.17,0.131990,50.14,0.946
2025-03-29 22:30:00,221.12,2.3470,518.98,968.71,0.129744,50.04,0.883
2025-03-29 22:45:00,218.06,2.3821,519.44,747.11,0.129859,50.19,0.854
2025-03-29 23:00:00,224.52,5.6565,1270.01,2496.38,0.317502,49.98,0.925
2025-03-29 23:15:00,221.07,5.1716,1143.27,1886.97,0.285817,49.99,0.864
2025-03-29 23:30:00,217.93,4.8015,1046.39,1855.95,0.261598,49.92,0.934
2025-03-29 23:45:00,224.89,5.5242,1242.34,1841.91,0.310584,50.06,0.975
2025-03-30 00:00:00,223.70,5.3455,1195.78,1926.53,0.298945,49.85,0.831
2025-03-30 00:15:00,219.85,6.4021,1407.50,2631.73,0.351876,49.89,0.944
2025-03-30 00:30:00,226.71,5.1344,1164.01,2023.73,0.291003,50.04,0.928
2025-03-30 00:45:00,224.45,11.2722,2530.04,5113.21,0.632510,49.90,0.969
2025-03-30 01:00:00,222.71,4.2331,942.77,1672.07,0.235692,50.04,0.948
2025-03-30 01:15:00,218.37,6.7721,1478.79,2896.06,0.369697,49.83,0.847
2025-03-30 01:30:00,226.87,5.2847,1198.93,2517.39,0.299732,50.08,0.965
2025-03-30 01:45:00,220.04,4.2793,941.59,1680.37,0.235398,49.93,0.904
2025-03-30 02:00:00,227.01,2.6357,598.32,1096.75,0.149581,49.95,0.939
2025-03-30 02:15:00,220.22,2.8241,621.92,1113.40,0.155481,49.80,0.898
2025-03-30 02:30:00,222.46,2.5616,569.85,1082.56,0.142462,50.01,0.966
2025-03-30 02:45:00,219.82,2.9363,645.46,1110.19,0.161364,50.11,0.858
2025-03-30 03:00:00,217.51,2.4898,541.54,790.01,0.135386,49.99,0.910
2025-03-30 03:15:00,223.21,2.3199,517.83,849.59,0.129458,50.18,0.932
2025-03-30 03:30:00,222.52,2.2783,506.97,812.53,0.126743,50.15,0.839
2025-03-30 03:45:00,224.35,2.4490,549.43,1050.01,0.137358,49.89,0.854
2025-03-30 04:00:00,221.71,3.9722,880.69,1943.24,0.220172,50.20,0.935
2025-03-30 04:15:00,219.99,4.0715,895.69,2218.57,0.223924,49.94,0.976
2025-03-30 04:30:00,221.94,3.2281,716.46,1476.71,0.179115,49.81,0.841
2025-03-30 04:45:00,217.75,2.8228,614.67,1083.04,0.153668,49.87,0.949
2025-03-30 05:00:00,225.36,2.9880,673.38,1337.57,0.168346,49.82,0.966
2025-03-30 05:15:00,227.57,4.7534,1081.75,2525.39,0.270436,49.97,0.888
2025-03-30 05:30:00,227.31,3.0851,701.29,1016.28,0.175323,49.96,0.964
2025-03-30 05:45:00,227.07,3.6836,836.44,1690.36,0.209110,49.88,0.922
2025-03-30 06:00:00,225.50,2.7599,622.36,936.01,0.155591,49.95,0.901
2025-03-30 06:15:00,225.86,2.9211,659.74,1097.60,0.164936,50.13,0.879
2025-03-30 06:30:00,224.99,3.1756,714.47,1191.21,0.178618,50.04,0.864
2025-03-30 06:45:00,218.77,3.5356,773.50,1503.09,0.193374,49.95,0.886
2025-03-30 07:00:00,222.23,3.0264,672.55,1737.81,0.168138,50.14,0.916
2025-03-30 07:15:00,219.54,5.0655,1112.05,2635.60,0.278012,50.13,0.977
2025-03-30 07:30:00,219.44,2.2965,503.94,810.55,0.125985,50.03,0.941
2025-03-30 07:45:00,225.25,3.9614,892.30,1328.98,0.223075,50.05,0.842
2025-03-30 08:00:00,227.48,2.7094,616.34,1105.68,0.154085,49.81,0.959
2025-03-30 08:15:00,227.82,3.9894,908.86,2402.19,0.227214,50.14,0.980
2025-03-30 08:30:00,220.82,2.7694,611.53,996.74,0.152883,49.93,0.861
2025-03-30 08:45:00,226.80,3.0006,680.54,1400.40,0.170135,49.96,0.898
2025-03-30 09:00:00,224.91,3.4091,766.73,1641.77,0.191682,50.07,0.939
2025-03-30 09:15:00,225.91,4.0361,911.80,1343.66,0.227950,50.09,0.888
2025-03-30 09:30:00,219.09,3.9006,854.58,1260.23,0.213645,49.89,0.838
2025-03-30 09:45:00,219.13,3.4841,763.49,1192.36,0.190871,50.04,0.824
2025-03-30 10:00:00,218.20,5.0354,1098.72,1624.26,0.274681,50.02,0.962
2025-03-30 10:15:00,221.91,4.8934,1085.89,1662.93,0.271472,50.19,0.902
2025-03-30 10:30:00,219.55,4.6556,1022.14,1876.69,0.255535,50.02,0.877
2025-03-30 10:45:00,217.88,5.8151,1267.02,2258.59,0.316756,50.13,0.867
2025-03-30 11:00:00,224.27,7.0702,1585.66,3292.95,0.396416,50.02,0.839
2025-03-30 11:15:00,217.83,9.7750,2129.32,4762.01,0.532330,49.83,0.882
2025-03-30 11:30:00,220.65,6.0836,1342.32,2578.88,0.335580,49.82,0.966
2025-03-30 11:45:00,226.61,6.2298,1411.73,2073.49,0.352932,49.95,0.979
2025-03-30 12:00:00,224.94,6.7686,1522.54,2202.71,0.380635,50.17,0.823
2025-03-30 12:15:00,220.13,6.2871,1383.95,2405.81,0.345988,49.94,0.893
2025-03-30 12:30:00,223.82,7.7432,1733.10,3462.67,0.433274,50.11,0.846
2025-03-30 12:45:00,218.93,7.9503,1740.52,3084.88,0.435129,50.04,0.884
2025-03-30 13:00:00,226.62,7.0748,1603.26,2889.82,0.400816,50.09,0.860
2025-03-30 13:15:00,222.96,7.2488,1616.21,2618.61,0.404053,50.04,0.926
2025-03-30 13:30:00,225.68,7.1978,1624.39,2334.04,0.406098,50.12,0.943
2025-03-30 13:45:00,223.27,6.3484,1417.43,2429.40,0.354357,49.82,0.966
2025-03-30 14:00:00,224.25,6.8911,1545.34,2436.18,0.386334,49.92,0.881
2025-03-30 14:15:00,224.74,6.9392,1559.51,2514.22,0.389877,50.19,0.876
2025-03-30 14:30:00,227.86,5.4612,1244.40,2308.26,0.311099,50.02,0.908
2025-03-30 14:45:00,224.71,5.7098,1283.03,2723.30,0.320757,49.89,0.909
2025-03-30 15:00:00,218.65,4.6786,1022.98,2068.08,0.255744,49.83,0.868
2025-03-30 15:15:00,220.78,5.0404,1112.83,1881.56,0.278206,50.14,0.965
2025-03-30 15:30:00,218.88,5.1788,1133.54,2249.21,0.283386,50.00,0.935
2025-03-30 15:45:00,218.75,4.8261,1055.69,2262.98,0.263922,49.83,0.837
2025-03-30 16:00:00,226.84,3.4370,779.64,1188.06,0.194911,49.89,0.951
2025-03-30 16:15:00,224.69,3.2142,722.20,1063.82,0.180550,49.85,0.939
2025-03-30 16:30:00,220.54,2.9081,641.35,943.04,0.160338,49.97,0.958
2025-03-30 16:45:00,218.59,3.5883,784.35,1529.23,0.196089,50.14,0.971
2025-03-30 17:00:00,227.76,1.9401,441.88,850.87,0.110471,50.03,0.865
2025-03-30 17:15:00,224.64,1.8683,419.69,861.32,0.104922,49.89,0.905
2025-03-30 17:30:00,222.10,1.8186,403.91,856.70,0.100978,49.87,0.936
2025-03-30 17:45:00,218.33,1.6568,361.73,615.47,0.090433,50.06,0.856
2025-03-30 18:00:00,226.71,1.3278,301.02,571.67,0.075255,49.87,0.980
2025-03-30 18:15:00,221.79,1.7240,382.35,644.02,0.095588,50.03,0.949
2025-03-30 18:30:00,222.77,1.4357,319.83,576.99,0.079958,49.81,0.947
2025-03-30 18:45:00,227.72,1.5593,355.09,553.50,0.088771,49.98,0.875
2025-03-30 19:00:00,222.93,2.1974,489.87,1368.41,0.122468,50.03,0.965
2025-03-30 19:15:00,226.07,1.3740,310.63,603.94,0.077657,49.96,0.899
2025-03-30 19:30:00,224.83,1.4538,326.86,643.91,0.081714,49.99,0.928
2025-03-30 19:45:00,225.44,1.4737,332.22,553.09,0.083056,49.97,0.898
2025-03-30 20:00:00,224.33,1.3201,296.13,581.41,0.074032,49.92,0.861
2025-03-30 20:15:00,225.60,1.6121,363.70,592.90,0.090924,50.12,0.936
2025-03-30 20:30:00,222.14,1.6738,371.83,601.58,0.092958,50.11,0.868
2025-03-30 20:45:00,218.24,1.5668,341.95,545.92,0.085487,50.06,0.833
2025-03-30 21:00:00,221.37,1.6117,356.77,732.48,0.089193,50.03,0.879
2025-03-30 21:15:00,220.87,1.4197,313.57,462.80,0.078392,49.99,0.840
2025-03-30 21:30:00,221.91,1.7712,393.04,658.03,0.098260,49.85,0.895
2025-03-30 21:45:00,222.46,1.4474,321.99,478.91,0.080498,49.92,0.924
2025-03-30 22:00:00,222.58,1.8273,406.71,756.61,0.101677,49.94,0.850
2025-03-30 22:15:00,221.66,1.9124,423.90,913.17,0.105975,50.15,0.869
2025-03-30 22:30:00,220.25,2.2925,504.94,842.79,0.126235,49.91,0.944
2025-03-30 22:45:00,222.25,1.7532,389.65,599.22,0.097414,49.96,0.965
2025-03-30 23:00:00,218.99,4.6463,1017.51,1470.40,0.254377,49.99,0.956
2025-03-30 23:15:00,221.10,3.9494,873.23,1478.35,0.218307,50.03,0.823
2025-03-30 23:30:00,222.67,4.8210,1073.51,1953.80,0.268377,50.03,0.907
2025-03-30 23:45:00,226.51,4.3377,982.54,2096.70,0.245634,50.08,0.976
2025-03-31 00:00:00,218.97,5.6122,1228.90,1955.62,0.307226,50.06,0.844
2025-03-31 00:15:00,221.47,4.7482,1051.58,1575.63,0.262896,49.86,0.881
2025-03-31 00:30:00,227.90,4.1254,940.18,2038.08,0.235046,50.17,0.941
2025-03-31 00:45:00,220.07,4.6858,1031.22,1645.34,0.257804,49.99,0.943
2025-03-31 01:00:00,217.95,4.2521,926.77,1545.97,0.231692,49.84,0.874
2025-03-31 01:15:00,227.55,5.2606,1197.04,2307.85,0.299260,49.93,0.932
2025-03-31 01:30:00,220.06,3.6778,809.34,1310.11,0.202334,49.84,0.895
2025-03-31 01:45:00,220.07,4.2058,925.56,1703.78,0.231389,50.02,0.888
2025-03-31 02:00:00,219.75,2.8649,629.58,944.03,0.157396,49.85,0.923
2025-03-31 02:15:00,223.90,2.2447,502.59,1028.16,0.125647,50.08,0.880
2025-03-31 02:30:00,219.43,2.4868,545.68,1020.44,0.136421,50.04,0.841
2025-03-31 02:45:00,221.83,3.9537,877.06,1509.73,0.219266,49.80,0.838
2025-03-31 03:00:00,219.39,2.3585,517.42,965.29,0.129355,49.96,0.885
2025-03-31 03:15:00,217.55,2.5240,549.08,858.83,0.137271,50.16,0.950
2025-03-31 03:30:00,224.00,1.9867,445.02,959.21,0.111254,50.04,0.945
2025-03-31 03:45:00,220.47,2.1393,471.66,696.00,0.117914,49.95,0.939
2025-03-31 04:00:00,223.77,4.0087,897.02,2529.33,0.224255,50.02,0.836
2025-03-31 04:15:00,219.76,3.1395,689.96,1314.10,0.172489,49.82,0.918
2025-03-31 04:30:00,225.85,2.5138,567.72,1197.74,0.141930,49.91,0.930
2025-03-31 04:45:00,223.47,2.8007,625.88,952.69,0.156469,49.97,0.876
2025-03-31 05:00:00,222.33,2.9076,646.43,1234.08,0.161608,49.94,0.929
2025-03-31 05:15:00,222.35,2.8477,633.19,1285.28,0.158299,50.13,0.870
2025-03-31 05:30:00,227.37,2.9051,660.53,1350.15,0.165133,50.03,0.951
2025-03-31 05:45:00,226.31,2.9460,666.70,955.97,0.166676,50.18,0.971
2025-03-31 06:00:00,221.38,2.3859,528.18,1129.76,0.132045,49.91,0.972
2025-03-31 06:15:00,224.70,3.0765,691.30,1507.56,0.172826,50.11,0.903
2025-03-31 06:30:00,220.37,2.4820,546.95,923.98,0.136738,50.09,0.920
2025-03-31 06:45:00,227.22,2.5220,573.05,1117.27,0.143262,50.01,0.901
2025-03-31 07:00:00,225.69,2.1532,485.96,926.37,0.121489,49.86,0.906
2025-03-31 07:15:00,222.79,2.3127,515.23,905.26,0.128807,50.05,0.901
2025-03-31 07:30:00,227.18,1.8999,431.61,724.03,0.107903,49.91,0.873
2025-03-31 07:45:00,225.59,2.3392,527.70,1052.96,0.131924,49.92,0.841
2025-03-31 08:00:00,220.18,2.3863,525.42,1015.15,0.131356,50.03,0.875
2025-03-31 08:15:00,223.10,2.4038,536.30,855.95,0.134076,50.15,0.929
2025-03-31 08:30:00,220.69,2.1598,476.64,808.63,0.119159,50.04,0.856
2025-03-31 08:45:00,221.44,2.1183,469.08,985.45,0.117269,50.00,0.895
2025-03-31 09:00:00,223.04,3.4485,769.17,1638.49,0.192293,50.14,0.882
2025-03-31 09:15:00,218.54,2.9562,646.07,1183.79,0.161517,50.14,0.839
2025-03-31 09:30:00,226.34,3.5530,804.17,1147.13,0.201043,49.82,0.955
2025-03-31 09:45:00,221.22,4.4081,975.16,1671.47,0.243791,49.88,0.954
2025-03-31 10:00:00,226.54,4.8772,1104.90,2320.17,0.276225,49.86,0.854
2025-03-31 10:15:00,226.40,4.9102,1111.65,1771.01,0.277912,49.96,0.885
2025-03-31 10:30:00,221.79,3.9584,877.93,1576.74,0.219484,50.11,0.894
2025-03-31 10:45:00,220.84,4.0415,892.52,1368.57,0.223131,50.17,0.876
2025-03-31 11:00:00,222.45,5.5027,1224.09,2010.68,0.306022,50.04,0.862
2025-03-31 11:15:00,227.72,4.5981,1047.07,1502.71,0.261767,50.11,0.953
2025-03-31 11:30:00,223.48,5.2640,1176.42,1740.97,0.294105,50.14,0.861
2025-03-31 11:45:00,226.17,5.4872,1241.04,2444.43,0.310261,49.99,0.824
2025-03-31 12:00:00,218.80,6.5171,1425.96,2621.73,0.356491,50.01,0.824
2025-03-31 12:15:00,224.09,6.2618,1403.23,2271.84,0.350808,49.84,0.823
2025-03-31 12:30:00,222.82,6.5940,1469.29,2672.90,0.367322,50.18,0.935
2025-03-31 12:45:00,221.56,5.6734,1257.00,2277.95,0.314249,50.16,0.917
2025-03-31 13:00:00,226.94,6.2013,1407.33,2964.56,0.351832,49.95,0.850
2025-03-31 13:15:00,224.95,5.8171,1308.53,2178.65,0.327134,50.11,0.898
2025-03-31 13:30:00,220.72,5.8131,1283.07,2446.41,0.320767,49.84,0.873
2025-03-31 13:45:00,222.29,4.8739,1083.43,1745.14,0.270856,50.01,0.954
2025-03-31 14:00:00,221.14,5.1972,1149.32,2292.10,0.287330,49.80,0.926
2025-03-31 14:15:00,222.13,5.4819,1217.70,2205.40,0.304424,50.19,0.862
2025-03-31 14:30:00,224.49,4.5660,1025.03,1493.89,0.256258,49.81,0.878
2025-03-31 14:45:00,219.10,5.7595,1261.93,1807.14,0.315484,49.89,0.914
2025-03-31 15:00:00,218.50,4.3255,945.14,1443.61,0.236285,49.98,0.854
2025-03-31 15:15:00,225.35,4.5626,1028.21,1927.25,0.257051,49.99,0.974
2025-03-31 15:30:00,227.01,4.5091,1023.63,2131.04,0.255907,49.91,0.855
2025-03-31 15:45:00,225.74,4.3953,992.20,2029.82,0.248051,49.95,0.871
2025-03-31 16:00:00,225.60,2.5384,572.66,805.88,0.143165,50.19,0.966
2025-03-31 16:15:00,222.13,2.4827,551.48,1081.61,0.137869,50.19,0.839
2025-03-31 16:30:00,220.62,2.4380,537.87,1080.89,0.134468,49.98,0.903
2025-03-31 16:45:00,219.56,2.5839,567.32,885.36,0.141829,49.90,0.956
2025-03-31 17:00:00,219.92,1.8237,401.07,585.49,0.100268,49.82,0.895
2025-03-31 17:15:00,219.76,2.0369,447.64,818.76,0.111911,49.88,0.959
2025-03-31 17:30:00,224.85,1.8854,423.92,789.54,0.105980,50.03,0.833
2025-03-31 17:45:00,227.13,2.0387,463.06,884.46,0.115765,50.19,0.887
2025-03-31 18:00:00,218.61,1.7839,389.97,832.16,0.097493,49.95,0.863
2025-03-31 18:15:00,222.34,1.7356,385.88,808.98,0.096471,49.93,0.970
2025-03-31 18:30:00,222.88,1.6908,376.85,557.15,0.094212,49.93,0.922
2025-03-31 18:45:00,218.91,1.6415,359.34,714.48,0.089834,49.90,0.832
2025-03-31 19:00:00,224.42,1.3798,309.67,572.80,0.077417,49.89,0.870
2025-03-31 19:15:00,226.78,1.5123,342.96,584.65,0.085741,49.86,0.967
2025-03-31 19:30:00,227.35,1.6813,382.25,835.07,0.095562,50.04,0.883
2025-03-31 19:45:00,221.68,2.1926,486.05,753.30,0.121512,49.96,0.979
2025-03-31 20:00:00,226.93,1.7898,406.15,880.47,0.101538,49.87,0.946
2025-03-31 20:15:00,226.89,1.6490,374.14,806.78,0.093535,50.14,0.884
2025-03-31 20:30:00,222.08,1.6866,374.55,692.15,0.093638,50.00,0.836
2025-03-31 20:45:00,222.56,1.5230,338.96,625.11,0.084739,50.10,0.897
2025-03-31 21:00:00,219.56,1.5378,337.65,569.53,0.084413,50.12,0.867
2025-03-31 21:15:00,221.13,1.8483,408.70,607.32,0.102175,50.05,0.903
2025-03-31 21:30:00,226.64,1.7636,399.69,632.61,0.099923,50.04,0.941
2025-03-31 21:45:00,220.50,1.5692,346.01,617.38,0.086503,49.87,0.927
2025-03-31 22:00:00,221.51,3.2784,726.19,1374.42,0.181548,50.00,0.963
2025-03-31 22:15:00,225.34,2.1326,480.56,824.23,0.120140,50.07,0.862
2025-03-31 22:30:00,226.90,2.1504,487.93,1016.13,0.121984,49.87,0.974
2025-03-31 22:45:00,223.32,2.0608,460.20,740.91,0.115050,50.18,0.878
2025-03-31 23:00:00,226.33,4.1901,948.36,1832.78,0.237091,49.99,0.942
2025-03-31 23:15:00,226.58,3.8586,874.29,1464.17,0.218573,49.83,0.975
2025-03-31 23:30:00,221.39,4.6610,1031.91,1767.21,0.257977,50.14,0.884
2025-03-31 23:45:00,219.57,4.5336,995.43,1640.68,0.248857,49.97,0.951
2025-04-01 00:00:00,219.58,4.8633,1067.88,1952.52,0.266970,49.97,0.947
2025-04-01 00:15:00,226.98,4.5618,1035.43,1892.73,0.258859,50.10,0.894
2025-04-01 00:30:00,220.92,5.0905,1124.59,2440.52,0.281148,50.10,0.932
2025-04-01 00:45:00,220.72,5.6843,1254.65,1794.02,0.313662,49.90,0.854
2025-04-01 01:00:00,221.67,3.7518,831.66,1336.33,0.207914,49.92,0.849
2025-04-01 01:15:00,226.61,4.2857,971.16,1762.78,0.242789,49.86,0.948
2025-04-01 01:30:00,225.82,3.8162,861.80,1867.18,0.215450,49.88,0.975
2025-04-01 01:45:00,223.83,3.9497,884.08,1476.69,0.221021,50.01,0.899
2025-04-01 02:00:00,226.11,2.7886,630.53,1191.26,0.157631,49.98,0.909
2025-04-01 02:15:00,220.32,2.7650,609.18,1114.43,0.152295,49.88,0.891
2025-04-01 02:30:00,223.96,2.6017,582.67,1246.55,0.145668,49.89,0.966
2025-04-01 02:45:00,217.55,2.8314,615.95,1000.59,0.153988,49.95,0.878
2025-04-01 03:00:00,223.91,2.4252,543.02,959.14,0.135755,50.12,0.835
2025-04-01 03:15:00,222.36,2.6015,578.46,956.09,0.144615,50.14,0.822
2025-04-01 03:30:00,224.62,2.1443,481.66,915.31,0.120415,50.09,0.851
2025-04-01 03:45:00,224.06,2.1074,472.19,778.17,0.118048,50.18,0.967
2025-04-01 04:00:00,220.79,2.8581,631.03,1369.79,0.157758,49.90,0.894
2025-04-01 04:15:00,225.98,2.7214,614.98,948.49,0.153746,49.82,0.880
2025-04-01 04:30:00,222.29,2.5202,560.21,1195.63,0.140054,49.95,0.893
2025-04-01 04:45:00,223.67,2.3895,534.46,1073.26,0.133615,50.19,0.927
2025-04-01 05:00:00,226.18,3.2546,736.11,1399.58,0.184028,49.81,0.910
2025-04-01 05:15:00,224.09,2.8247,632.99,1117.61,0.158247,49.89,0.823
2025-04-01 05:30:00,226.60,3.3019,748.21,1307.30,0.187053,50.14,0.864
2025-04-01 05:45:00,224.26,2.7909,625.87,1217.04,0.156469,50.12,0.946
2025-04-01 06:00:00,224.46,3.2302,725.05,1084.80,0.181264,49.80,0.834
2025-04-01 06:15:00,227.92,2.5428,579.54,919.83,0.144884,50.00,0.942
2025-04-01 06:30:00,222.16,2.5394,564.15,826.58,0.141037,49.84,0.956
2025-04-01 06:45:00,223.92,2.7998,626.95,1367.02,0.156737,49.87,0.943
2025-04-01 07:00:00,223.05,2.1635,482.56,1040.44,0.120641,49.95,0.966
2025-04-01 07:15:00,220.76,2.1366,471.68,803.80,0.117919,49.94,0.944
2025-04-01 07:30:00,226.10,2.2991,519.82,874.45,0.129956,50.01,0.906
2025-04-01 07:45:00,224.05,2.3954,536.68,1118.10,0.134170,49.93,0.869
2025-04-01 08:00:00,219.70,2.5020,549.70,1164.31,0.137425,49.80,0.861
2025-04-01 08:15:00,225.20,2.7600,621.56,1325.27,0.155389,50.17,0.960
2025-04-01 08:30:00,219.72,3.7711,828.57,1567.48,0.207143,50.03,0.915
2025-04-01 08:45:00,223.39,2.6977,602.64,932.67,0.150661,50.16,0.876
2025-04-01 09:00:00,224.80,3.0892,694.47,1402.90,0.173617,49.97,0.928
2025-04-01 09:15:00,219.64,3.6963,811.86,1378.28,0.202966,49.96,0.854
2025-04-01 09:30:00,224.04,4.8570,1088.14,1619.22,0.272036,49.81,0.828
2025-04-01 09:45:00,221.01,3.9390,870.58,1685.65,0.217646,50.05,0.834
2025-04-01 10:00:00,220.69,4.5729,1009.19,2191.96,0.252299,49.82,0.872
2025-04-01 10:15:00,226.81,4.2106,954.99,1460.92,0.238748,50.06,0.881
2025-04-01 10:30:00,226.89,4.8496,1100.32,1715.35,0.275079,49.98,0.964
2025-04-01 10:45:00,222.37,4.8676,1082.43,2062.19,0.270606,50.19,0.922
2025-04-01 11:00:00,223.06,5.6453,1259.26,2358.29,0.314814,49.86,0.903
2025-04-01 11:15:00,224.36,5.2855,1185.88,2292.17,0.296469,50.09,0.915
2025-04-01 11:30:00,223.83,5.5326,1238.36,1936.21,0.309589,50.19,0.958
2025-04-01 11:45:00,224.14,5.7003,1277.63,2260.37,0.319408,49.87,0.927
2025-04-01 12:00:00,225.81,6.5170,1471.63,2437.08,0.367907,50.02,0.880
2025-04-01 12:15:00,217.83,6.9110,1505.40,2990.33,0.376350,50.19,0.977
2025-04-01 12:30:00,219.51,6.9081,1516.36,3263.92,0.379089,50.11,0.946
2025-04-01 12:45:00,223.27,5.6084,1252.21,2435.43,0.313053,50.14,0.922
2025-04-01 13:00:00,219.07,6.7556,1479.94,2508.75,0.369984,49.87,0.861
2025-04-01 13:15:00,217.97,7.0963,1546.75,2619.80,0.386688,50.17,0.882
2025-04-01 13:30:00,224.59,6.6861,1501.64,2518.54,0.375409,49.85,0.885
2025-04-01 13:45:00,218.43,6.8621,1498.86,2230.06,0.374716,50.04,0.977
2025-04-01 14:00:00,222.94,5.8993,1315.17,2351.47,0.328792,49.89,0.940
2025-04-01 14:15:00,219.90,6.2002,1363.40,2739.05,0.340850,49.87,0.962
2025-04-01 14:30:00,220.51,5.6404,1243.75,2713.28,0.310936,50.13,0.857
2025-04-01 14:45:00,222.02,5.4620,1212.64,2641.55,0.303160,49.84,0.850
2025-04-01 15:00:00,219.73,4.3816,962.77,1978.62,0.240693,49.93,0.946
2025-04-01 15:15:00,222.09,4.0948,909.42,1862.29,0.227356,50.19,0.942
2025-04-01 15:30:00,221.90,4.2133,934.95,1332.49,0.233739,50.03,0.875
2025-04-01 15:45:00,217.90,4.0148,874.84,1450.13,0.218711,50.03,0.848
2025-04-01 16:00:00,225.96,2.6608,601.23,1135.56,0.150308,50.08,0.902
2025-04-01 16:15:00,222.42,3.1980,711.29,1528.05,0.177823,49.92,0.945
2025-04-01 16:30:00,226.94,2.8130,638.39,994.08,0.159596,49.92,0.967
2025-04-01 16:45:00,222.06,3.2586,723.61,1456.97,0.180903,49.82,0.822
2025-04-01 17:00:00,220.63,1.8133,400.08,780.38,0.100019,49.94,0.821
2025-04-01 17:15:00,222.72,1.9960,444.56,703.33,0.111140,49.98,0.955
2025-04-01 17:30:00,223.31,2.1118,471.58,773.03,0.117895,50.10,0.919
2025-04-01 17:45:00,225.81,1.9320,436.25,792.47,0.109063,50.16,0.968
2025-04-01 18:00:00,223.80,1.7125,383.27,774.47,0.095817,49.92,0.954
2025-04-01 18:15:00,220.91,1.5236,336.57,711.92,0.084143,49.98,0.959
2025-04-01 18:30:00,218.60,1.6746,366.07,739.21,0.091517,49.81,0.945
2025-04-01 18:45:00,221.03,1.6891,373.33,748.89,0.093333,49.90,0.919
2025-04-01 19:00:00,220.94,1.5799,349.06,661.76,0.087264,50.18,0.881
2025-04-01 19:15:00,222.13,1.6771,372.52,528.58,0.093130,50.04,0.824
2025-04-01 19:30:00,221.38,1.7827,394.65,850.47,0.098664,49.84,0.882
2025-04-01 19:45:00,223.45,1.4893,332.79,540.92,0.083197,50.08,0.966
2025-04-01 20:00:00,227.03,1.3813,313.60,670.40,0.078401,50.00,0.978
2025-04-01 20:15:00,226.87,1.6240,368.44,711.39,0.092109,49.81,0.869
2025-04-01 20:30:00,225.62,1.4704,331.74,493.23,0.082935,50.06,0.967
2025-04-01 20:45:00,220.49,1.8221,401.77,726.85,0.100443,50.10,0.932
2025-04-01 21:00:00,228.00,1.5098,344.22,506.59,0.086056,49.97,0.970
2025-04-01 21:15:00,227.73,1.6228,369.54,578.60,0.092386,50.00,0.878
2025-04-01 21:30:00,219.33,1.6358,358.80,632.17,0.089699,50.07,0.970
2025-04-01 21:45:00,222.05,1.9119,424.55,856.56,0.106137,50.07,0.854
2025-04-01 22:00:00,219.90,2.1067,463.27,942.75,0.115817,50.15,0.856
2025-04-01 22:15:00,225.09,2.2387,503.90,743.99,0.125976,50.16,0.929
2025-04-01 22:30:00,217.56,2.3548,512.32,1028.42,0.128080,49.94,0.909
2025-04-01 22:45:00,225.40,1.8518,417.40,886.51,0.104351,49.86,0.915
2025-04-01 23:00:00,219.91,4.0237,884.83,1482.36,0.221209,49.96,0.844
2025-04-01 23:15:00,219.91,4.0908,899.59,1857.67,0.224897,49.91,0.828
2025-04-01 23:30:00,225.10,4.7813,1076.25,2317.76,0.269063,50.17,0.925
2025-04-01 23:45:00,220.08,4.0268,886.23,1372.87,0.221556,49.89,0.944
2025-04-02 00:00:00,217.52,5.6118,1220.66,2562.28,0.305164,50.01,0.938
2025-04-02 00:15:00,225.51,5.3393,1204.06,1978.77,0.301016,50.00,0.883
2025-04-02 00:30:00,223.51,6.0310,1347.98,2301.90,0.336996,50.00,0.975
2025-04-02 00:45:00,222.35,5.9402,1320.79,2441.94,0.330197,50.18,0.932
2025-04-02 01:00:00,223.63,3.7053,828.64,1383.98,0.207160,50.00,0.969
2025-04-02 01:15:00,224.89,4.6252,1040.16,1814.61,0.260040,49.93,0.954
2025-04-02 01:30:00,224.43,3.9570,888.09,1311.87,0.222022,49.91,0.969
2025-04-02 01:45:00,223.61,3.8936,870.66,1348.37,0.217664,50.06,0.953
2025-04-02 02:00:00,217.86,2.3662,515.51,854.75,0.128878,50.19,0.920
2025-04-02 02:15:00,220.59,2.4857,548.31,813.29,0.137077,49.87,0.843
2025-04-02 02:30:00,221.16,2.3245,514.11,999.03,0.128527,49.94,0.885
2025-04-02 02:45:00,220.96,2.7516,607.98,991.22,0.151994,50.03,0.973
2025-04-02 03:00:00,225.10,2.1890,492.75,954.13,0.123187,50.20,0.904
2025-04-02 03:15:00,222.30,3.3335,741.02,1608.92,0.185256,50.07,0.837
2025-04-02 03:30:00,218.86,2.0800,455.22,984.50,0.113805,50.04,0.874
2025-04-02 03:45:00,221.22,2.5352,560.85,1090.95,0.140212,49.91,0.966
2025-04-02 04:00:00,225.64,2.7087,611.20,1318.00,0.152800,49.82,0.892
2025-04-02 04:15:00,220.99,2.7968,618.04,1294.26,0.154511,49.84,0.870
2025-04-02 04:30:00,218.16,2.6346,574.75,1152.41,0.143689,49.83,0.902
2025-04-02 04:45:00,219.90,2.6883,591.15,1017.80,0.147788,50.02,0.904
2025-04-02 05:00:00,222.32,2.7255,605.93,1252.97,0.151482,49.94,0.936
2025-04-02 05:15:00,223.79,4.5182,1011.14,2718.66,0.252784,50.06,0.873
2025-04-02 05:30:00,223.14,3.2394,722.86,1298.94,0.180715,49.97,0.881
2025-04-02 05:45:00,227.73,3.5631,811.43,1447.09,0.202857,50.19,0.916
2025-04-02 06:00:00,226.54,2.4493,554.87,1151.88,0.138717,50.15,0.859
2025-04-02 06:15:00,226.52,2.6513,600.57,1091.65,0.150143,49.97,0.851
2025-04-02 06:30:00,225.20,2.9491,664.12,1455.54,0.166031,49.95,0.947
2025-04-02 06:45:00,223.86,2.7023,604.93,1222.74,0.151232,49.96,0.831
2025-04-02 07:00:00,223.42,4.5859,1024.57,1669.29,0.256144,49.90,0.949
2025-04-02 07:15:00,225.21,2.6027,586.16,1097.48,0.146541,50.13,0.839
2025-04-02 07:30:00,218.11,2.1699,473.28,843.63,0.118321,50.10,0.972
2025-04-02 07:45:00,223.27,2.5605,571.69,946.33,0.142923,49.98,0.849
2025-04-02 08:00:00,220.89,2.6682,589.38,1242.48,0.147346,49.84,0.958
2025-04-02 08:15:00,222.64,2.3538,524.05,1048.54,0.131014,49.83,0.826
2025-04-02 08:30:00,224.05,2.7114,607.48,1300.98,0.151870,50.18,0.930
2025-04-02 08:45:00,227.87,2.7834,634.26,924.88,0.158565,50.00,0.910
2025-04-02 09:00:00,227.81,3.7227,848.07,1611.25,0.212018,49.94,0.971
2025-04-02 09:15:00,225.10,3.3761,759.97,1311.45,0.189992,49.89,0.957
2025-04-02 09:30:00,223.35,3.3011,737.30,1064.93,0.184325,49.97,0.909
2025-04-02 09:45:00,222.38,3.0962,688.53,1068.58,0.172131,50.11,0.941
2025-04-02 10:00:00,218.52,5.5093,1203.90,2176.87,0.300975,49.92,0.906
2025-04-02 10:15:00,220.79,4.6545,1027.67,1604.40,0.256918,50.13,0.949
2025-04-02 10:30:00,227.49,5.0517,1149.23,1626.25,0.287307,49.81,0.870
2025-04-02 10:45:00,227.82,5.3500,1218.85,2178.38,0.304713,49.89,0.926
2025-04-02 11:00:00,221.50,6.0089,1330.95,2498.05,0.332738,50.08,0.919
2025-04-02 11:15:00,227.44,6.0659,1379.60,2630.04,0.344900,50.10,0.863
2025-04-02 11:30:00,218.96,5.3851,1179.11,2426.15,0.294777,50.07,0.910
2025-04-02 11:45:00,223.56,6.1772,1380.98,2146.98,0.345246,49.98,0.839
2025-04-02 12:00:00,223.52,6.1265,1369.38,2589.86,0.342344,49.85,0.850
2025-04-02 12:15:00,224.21,6.2328,1397.44,2121.63,0.349360,50.13,0.909
2025-04-02 12:30:00,225.06,6.0025,1350.93,2217.27,0.337732,50.12,0.931
2025-04-02 12:45:00,225.19,6.1875,1393.35,2763.69,0.348338,49.84,0.958
2025-04-02 13:00:00,218.86,6.6364,1452.45,2452.80,0.363113,50.19,0.840
2025-04-02 13:15:00,223.37,5.7983,1295.19,1858.92,0.323798,50.02,0.910
2025-04-02 13:30:00,221.80,6.9018,1530.81,2658.83,0.382702,49.88,0.845
2025-04-02 13:45:00,218.72,6.6133,1446.46,2299.64,0.361614,49.97,0.871
2025-04-02 14:00:00,225.03,5.5059,1239.00,2130.87,0.309749,50.13,0.879
2025-04-02 14:15:00,219.27,5.9515,1305.00,2023.91,0.326249,49.81,0.848
2025-04-02 14:30:00,217.74,9.9663,2170.02,5068.88,0.542506,50.06,0.975
2025-04-02 14:45:00,219.40,6.3047,1383.26,2629.69,0.345814,50.18,0.832
2025-04-02 15:00:00,221.45,4.3355,960.12,1747.74,0.240029,50.10,0.907
2025-04-02 15:15:00,223.13,4.1179,918.84,1779.08,0.229709,49.84,0.824
2025-04-02 15:30:00,226.81,4.1829,948.71,1528.21,0.237178,50.04,0.895
2025-04-02 15:45:00,226.29,4.2706,966.38,1928.92,0.241594,49.88,0.953
2025-04-02 16:00:00,227.55,2.4966,568.10,972.79,0.142025,49.94,0.903
2025-04-02 16:15:00,218.53,3.0479,666.07,1345.18,0.166517,50.19,0.836
2025-04-02 16:30:00,218.14,3.2998,719.81,1217.72,0.179952,49.83,0.912
2025-04-02 16:45:00,226.65,4.3138,977.73,1898.95,0.244434,49.93,0.937
2025-04-02 17:00:00,218.68,1.7294,378.19,633.65,0.094547,49.82,0.944
2025-04-02 17:15:00,225.58,1.8361,414.18,745.68,0.103544,49.97,0.951
2025-04-02 17:30:00,219.74,1.6321,358.62,528.06,0.089656,50.03,0.980
2025-04-02 17:45:00,218.34,1.9369,422.91,779.21,0.105727,50.08,0.866
2025-04-02 18:00:00,226.74,1.6711,378.89,721.78,0.094723,50.05,0.969
2025-04-02 18:15:00,227.58,2.6952,613.37,1014.33,0.153342,50.18,0.913
2025-04-02 18:30:00,224.01,1.8977,425.10,612.79,0.106276,50.14,0.946
2025-04-02 18:45:00,224.89,1.7387,391.00,644.08,0.097751,49.84,0.900
2025-04-02 19:00:00,219.51,1.7615,386.66,764.54,0.096665,50.18,0.856
2025-04-02 19:15:00,221.19,1.6377,362.25,564.02,0.090562,50.05,0.874
2025-04-02 19:30:00,224.36,2.2326,500.89,1004.05,0.125224,49.96,0.971
2025-04-02 19:45:00,220.35,1.7076,376.27,790.24,0.094067,50.18,0.895
2025-04-02 20:00:00,227.82,1.6766,381.96,586.64,0.095489,50.15,0.937
2025-04-02 20:15:00,226.01,1.6152,365.06,601.08,0.091265,50.08,0.821
2025-04-02 20:30:00,222.05,1.6124,358.03,506.56,0.089509,50.13,0.948
2025-04-02 20:45:00,220.14,1.6384,360.68,548.48,0.090171,49.93,0.867
2025-04-02 21:00:00,226.73,1.7432,395.24,713.07,0.098811,50.16,0.930
2025-04-02 21:15:00,226.59,1.7723,401.58,639.68,0.100396,49.90,0.827
2025-04-02 21:30:00,223.58,1.7715,396.07,715.87,0.099019,50.07,0.869
2025-04-02 21:45:00,221.85,1.5175,336.65,558.85,0.084162,49.92,0.966
2025-04-02 22:00:00,217.62,2.0743,451.41,807.03,0.112852,50.09,0.822
2025-04-02 22:15:00,226.52,1.9680,445.78,913.70,0.111445,50.19,0.828
2025-04-02 22:30:00,225.89,2.3351,527.47,753.60,0.131867,49.86,0.827
2025-04-02 22:45:00,221.43,2.1630,478.95,842.76,0.119737,50.14,0.921
2025-04-02 23:00:00,227.58,4.2534,967.98,2128.23,0.241996,49.88,0.964
2025-04-02 23:15:00,217.72,4.4600,971.05,2058.51,0.242763,49.93,0.835
2025-04-02 23:30:00,227.65,4.3749,995.96,1501.23,0.248989,50.00,0.909
2025-04-02 23:45:00,224.72,4.0339,906.51,1599.95,0.226628,49.93,0.847
2025-04-03 00:00:00,221.20,5.7334,1268.24,2588.55,0.317060,49.89,0.909
2025-04-03 00:15:00,219.23,4.7281,1036.52,1765.86,0.259129,49.81,0.942
2025-04-03 00:30:00,226.32,5.9342,1343.00,2100.36,0.335750,49.96,0.897
2025-04-03 00:45:00,222.29,5.2906,1176.03,2204.06,0.294008,49.98,0.875
2025-04-03 01:00:00,219.99,4.2219,928.76,1368.46,0.232191,50.06,0.855
2025-04-03 01:15:00,224.77,3.9642,891.03,1756.82,0.222757,49.87,0.896
2025-04-03 01:30:00,223.61,3.8585,862.81,1895.71,0.215702,50.13,0.825
2025-04-03 01:45:00,220.10,4.7739,1050.74,2034.60,0.262686,49.90,0.900
2025-04-03 02:00:00,220.27,2.6992,594.58,1021.87,0.148644,50.05,0.902
2025-04-03 02:15:00,227.24,2.4719,561.72,948.55,0.140430,50.02,0.918
2025-04-03 02:30:00,218.69,2.3191,507.15,872.06,0.126788,50.02,0.935
2025-04-03 02:45:00,220.97,2.7589,609.63,914.53,0.152409,50.19,0.950
2025-04-03 03:00:00,224.73,2.5238,567.19,1148.78,0.141797,50.06,0.846
2025-04-03 03:15:00,225.38,2.4078,542.66,1186.61,0.135664,50.18,0.893
2025-04-03 03:30:00,220.20,2.2683,499.47,920.76,0.124868,49.81,0.895
2025-04-03 03:45:00,219.77,2.6452,581.34,1227.79,0.145335,49.95,0.881
2025-04-03 04:00:00,219.38,2.8266,620.11,1041.03,0.155026,50.20,0.965
2025-04-03 04:15:00,223.26,2.4721,551.93,987.26,0.137983,49.96,0.965
2025-04-03 04:30:00,224.98,2.7980,629.48,1017.96,0.157370,49.84,0.976
2025-04-03 04:45:00,222.93,2.6688,594.97,871.49,0.148742,50.07,0.837
2025-04-03 05:00:00,222.11,3.2940,731.63,1069.32,0.182907,50.17,0.956
2025-04-03 05:15:00,222.58,3.1419,699.33,1456.09,0.174833,50.10,0.836
2025-04-03 05:30:00,226.20,2.7494,621.91,1250.36,0.155479,49.81,0.887
2025-04-03 05:45:00,218.74,3.5366,773.62,1389.47,0.193405,50.12,0.891
2025-04-03 06:00:00,218.06,5.2097,1136.04,2525.93,0.284009,50.07,0.948
2025-04-03 06:15:00,225.04,2.7172,611.50,888.16,0.152874,49.87,0.930
2025-04-03 06:30:00,222.68,3.3153,738.25,1153.35,0.184562,50.17,0.967
2025-04-03 06:45:00,227.03,2.7772,630.49,1214.19,0.157623,49.87,0.890
2025-04-03 07:00:00,222.11,2.3847,529.65,1035.57,0.132413,49.85,0.861
2025-04-03 07:15:00,219.85,2.2516,495.00,708.78,0.123749,49.82,0.902
2025-04-03 07:30:00,224.87,2.4109,542.14,792.77,0.135535,50.03,0.862
2025-04-03 07:45:00,221.98,2.5719,570.90,945.49,0.142724,49.87,0.851
2025-04-03 08:00:00,217.91,2.5405,553.60,891.12,0.138400,50.01,0.918
2025-04-03 08:15:00,226.19,2.5505,576.91,1080.75,0.144227,49.88,0.848
2025-04-03 08:30:00,217.70,2.5144,547.39,1013.05,0.136847,49.90,0.895
2025-04-03 08:45:00,222.61,2.5226,561.55,1212.99,0.140387,49.94,0.853
2025-04-03 09:00:00,223.14,3.8244,853.37,1659.16,0.213343,49.91,0.956
2025-04-03 09:15:00,220.82,3.3143,731.86,1526.80,0.182964,50.18,0.830
2025-04-03 09:30:00,220.63,5.2776,1164.38,2271.55,0.291096,49.89,0.894
2025-04-03 09:45:00,218.99,3.5263,772.23,1145.95,0.193058,49.94,0.919
2025-04-03 10:00:00,221.82,4.2970,953.15,1428.12,0.238286,50.12,0.940
2025-04-03 10:15:00,221.03,5.0663,1119.79,2163.39,0.279948,49.89,0.839
2025-04-03 10:30:00,226.48,4.2561,963.91,1510.29,0.240978,50.04,0.915
2025-04-03 10:45:00,218.13,4.4307,966.46,1823.55,0.241615,50.06,0.913
2025-04-03 11:00:00,227.44,4.8108,1094.18,2112.84,0.273544,50.20,0.837
2025-04-03 11:15:00,222.66,5.1225,1140.58,2034.16,0.285146,50.01,0.830
2025-04-03 11:30:00,227.83,5.4190,1234.59,2190.17,0.308647,50.04,0.966
2025-04-03 11:45:00,221.95,6.1359,1361.86,2150.78,0.340464,50.07,0.857
2025-04-03 12:00:00,226.14,5.9332,1341.71,2079.49,0.335427,50.02,0.840
2025-04-03 12:15:00,222.59,10.2859,2289.53,4852.99,0.572383,49.93,0.832
2025-04-03 12:30:00,219.81,6.1157,1344.31,2357.79,0.336077,50.08,0.897
2025-04-03 12:45:00,222.57,7.1379,1588.66,2770.62,0.397164,50.07,0.928
2025-04-03 13:00:00,218.91,6.7174,1470.48,2611.17,0.367619,49.95,0.879
2025-04-03 13:15:00,222.85,5.4274,1209.50,1800.87,0.302374,50.12,0.954
2025-04-03 13:30:00,219.41,5.3104,1165.13,2475.58,0.291283,50.12,0.891
2025-04-03 13:45:00,222.49,6.1701,1372.78,2629.11,0.343194,49.89,0.848
2025-04-03 14:00:00,224.57,6.1379,1378.39,2524.30,0.344598,50.19,0.834
2025-04-03 14:15:00,222.68,5.9401,1322.77,2090.03,0.330693,50.18,0.888
2025-04-03 14:30:00,221.00,6.3967,1413.68,2855.09,0.353419,50.01,0.932
2025-04-03 14:45:00,220.57,5.1715,1140.69,2466.04,0.285172,50.13,0.854
2025-04-03 15:00:00,226.73,4.4406,1006.82,2108.59,0.251705,49.95,0.840
2025-04-03 15:15:00,227.22,3.9508,897.72,1922.31,0.224429,50.02,0.849
2025-04-03 15:30:00,221.38,4.6178,1022.29,2083.44,0.255572,50.01,0.862
2025-04-03 15:45:00,223.14,3.8473,858.47,1769.57,0.214617,50.04,0.904
2025-04-03 16:00:00,219.52,4.0049,879.15,1954.56,0.219788,49.86,0.911
2025-04-03 16:15:00,220.58,2.9540,651.60,987.53,0.162900,50.06,0.901
2025-04-03 16:30:00,219.26,2.6802,587.66,1174.22,0.146915,50.00,0.964
2025-04-03 16:45:00,218.77,3.4097,745.94,1460.05,0.186485,50.15,0.831
2025-04-03 17:00:00,220.82,2.0760,458.41,764.92,0.114603,50.14,0.830
2025-04-03 17:15:00,219.61,2.1132,464.09,971.63,0.116021,49.92,0.896
2025-04-03 17:30:00,227.77,1.7470,397.93,751.83,0.099483,50.17,0.956
2025-04-03 17:45:00,223.95,2.0006,448.03,747.42,0.112008,49.98,0.919
2025-04-03 18:00:00,227.40,1.7294,393.27,774.94,0.098317,49.99,0.931
2025-04-03 18:15:00,221.63,1.7586,389.76,711.70,0.097440,50.15,0.877
2025-04-03 18:30:00,217.98,1.6628,362.44,514.13,0.090611,50.13,0.919
2025-04-03 18:45:00,227.07,1.5592,354.04,520.29,0.088510,50.07,0.885
2025-04-03 19:00:00,226.76,1.5203,344.74,751.70,0.086186,49.93,0.853
2025-04-03 19:15:00,222.44,1.5659,348.31,614.34,0.087078,50.16,0.944
2025-04-03 19:30:00,223.87,1.4644,327.83,591.75,0.081959,49.89,0.963
2025-04-03 19:45:00,219.46,1.4740,323.47,574.05,0.080869,50.08,0.842
2025-04-03 20:00:00,218.09,1.8396,401.20,564.54,0.100300,50.07,0.858
2025-04-03 20:15:00,223.13,1.3708,305.86,621.47,0.076466,49.86,0.821
2025-04-03 20:30:00,227.68,2.2389,509.76,1113.21,0.127441,50.05,0.900
2025-04-03 20:45:00,223.46,1.3585,303.57,468.29,0.075892,50.04,0.850
2025-04-03 21:00:00,220.81,2.2109,488.19,887.54,0.122048,50.00,0.964
2025-04-03 21:15:00,223.33,1.8195,406.35,726.95,0.101588,49.88,0.952
2025-04-03 21:30:00,219.05,1.4929,327.02,682.86,0.081756,49.92,0.948
2025-04-03 21:45:00,227.60,1.8341,417.44,635.98,0.104360,50.07,0.903
2025-04-03 22:00:00,218.35,3.1119,679.49,1611.57,0.169872,49.97,0.835
2025-04-03 22:15:00,223.59,2.3531,526.13,1057.27,0.131533,49.99,0.942
2025-04-03 22:30:00,223.02,2.5029,558.19,1485.50,0.139548,49.93,0.936
2025-04-03 22:45:00,222.94,3.2375,721.78,1280.20,0.180444,49.88,0.844
2025-04-03 23:00:00,223.80,4.6713,1045.47,1719.20,0.261366,49.97,0.965
2025-04-03 23:15:00,218.93,4.9163,1076.33,2215.64,0.269082,49.97,0.860
2025-04-03 23:30:00,217.90,4.3418,946.07,1899.41,0.236516,50.16,0.906
2025-04-03 23:45:00,220.08,4.0198,884.67,1301.55,0.221168,50.12,0.879
2025-04-04 00:00:00,220.36,8.0235,1768.01,3877.56,0.442004,50.13,0.852
2025-04-04 00:15:00,223.88,5.3048,1187.62,2044.88,0.296906,50.17,0.896
2025-04-04 00:30:00,220.77,6.0879,1344.04,2016.60,0.336010,49.93,0.836
2025-04-04 00:45:00,218.59,5.9789,1306.94,2364.58,0.326735,49.99,0.941
2025-04-04 01:00:00,224.43,4.7239,1060.17,1707.48,0.265042,49.86,0.894
2025-04-04 01:15:00,217.88,4.0207,876.02,1708.39,0.219004,50.16,0.938
2025-04-04 01:30:00,222.11,4.6431,1031.30,2032.36,0.257824,49.85,0.978
2025-04-04 01:45:00,219.07,4.4861,982.77,1632.65,0.245692,49.81,0.873
2025-04-04 02:00:00,220.87,2.8443,628.21,1182.25,0.157053,50.08,0.868
2025-04-04 02:15:00,221.22,2.7974,618.85,1178.07,0.154712,49.94,0.944
2025-04-04 02:30:00,226.00,2.5349,572.89,876.03,0.143223,50.08,0.919
2025-04-04 02:45:00,218.79,4.0972,896.42,1787.11,0.224105,50.14,0.881
2025-04-04 03:00:00,222.86,2.2113,492.81,838.49,0.123202,50.03,0.897
2025-04-04 03:15:00,222.75,2.2300,496.74,997.22,0.124185,49.81,0.967
2025-04-04 03:30:00,221.17,2.5456,563.01,1085.09,0.140753,50.15,0.967
2025-04-04 03:45:00,225.89,2.5770,582.11,836.84,0.145528,49.90,0.879
2025-04-04 04:00:00,221.19,2.7150,600.53,948.67,0.150132,49.96,0.858
2025-04-04 04:15:00,226.66,2.2878,518.55,983.82,0.129638,49.94,0.864
2025-04-04 04:30:00,220.37,2.7436,604.62,1150.75,0.151154,50.05,0.851
2025-04-04 04:45:00,221.85,3.0282,671.83,1046.56,0.167957,49.90,0.891
2025-04-04 05:00:00,219.24,2.8235,619.03,1238.55,0.154756,49.96,0.910
2025-04-04 05:15:00,217.81,3.4693,755.66,1415.75,0.188916,50.00,0.894
2025-04-04 05:30:00,225.43,3.2606,735.05,1405.51,0.183762,49.91,0.882
2025-04-04 05:45:00,219.79,3.5978,790.76,1718.56,0.197691,49.90,0.908
2025-04-04 06:00:00,223.25,3.8562,860.89,1548.65,0.215223,50.06,0.824
2025-04-04 06:15:00,217.67,3.0069,654.51,1056.13,0.163628,49.91,0.912
2025-04-04 06:30:00,218.67,2.8102,614.50,1004.92,0.153624,49.93,0.823
2025-04-04 06:45:00,217.79,3.0539,665.10,1078.39,0.166274,49.92,0.952
2025-04-04 07:00:00,220.35,2.0631,454.60,839.23,0.113651,50.03,0.932
2025-04-04 07:15:00,222.67,2.0302,452.06,926.74,0.113015,50.16,0.946
2025-04-04 07:30:00,225.70,2.4700,557.48,1088.74,0.139371,50.06,0.908
2025-04-04 07:45:00,219.46,2.6480,581.13,1236.51,0.145283,50.19,0.969
2025-04-04 08:00:00,219.22,2.7426,601.22,1028.50,0.150305,49.94,0.962
2025-04-04 08:15:00,222.50,2.6456,588.64,1022.29,0.147160,50.20,0.882
2025-04-04 08:30:00,219.25,3.0522,669.18,1221.94,0.167295,50.06,0.942
2025-04-04 08:45:00,220.10,2.5138,553.29,1189.98,0.138322,50.04,0.970
2025-04-04 09:00:00,219.58,3.6348,798.12,1223.87,0.199529,49.94,0.929
2025-04-04 09:15:00,227.04,3.1766,721.23,1457.66,0.180308,49.95,0.883
2025-04-04 09:30:00,225.14,3.1153,701.38,1534.21,0.175345,49.85,0.916
2025-04-04 09:45:00,223.43,3.8395,857.86,1712.92,0.214464,50.05,0.961
2025-04-04 10:00:00,226.84,4.0787,925.21,1441.74,0.231303,49.96,0.931
2025-04-04 10:15:00,225.14,4.7630,1072.36,2110.49,0.268089,50.01,0.926
2025-04-04 10:30:00,226.54,8.5897,1945.88,4628.23,0.486470,49.82,0.844
2025-04-04 10:45:00,224.17,4.6646,1045.68,1611.47,0.261420,50.11,0.863
2025-04-04 11:00:00,217.66,5.2343,1139.30,1688.73,0.284825,50.14,0.857
2025-04-04 11:15:00,223.83,5.4619,1222.53,2509.58,0.305633,49.80,0.858
2025-04-04 11:30:00,223.20,5.3288,1189.37,2046.08,0.297343,50.11,0.834
2025-04-04 11:45:00,226.43,5.2895,1197.68,2306.58,0.299421,49.99,0.897
2025-04-04 12:00:00,222.97,5.6141,1251.77,2430.63,0.312941,49.93,0.878
2025-04-04 12:15:00,225.82,6.0561,1367.62,2204.97,0.341904,49.99,0.949
2025-04-04 12:30:00,223.55,5.7199,1278.71,2127.96,0.319679,50.12,0.839
2025-04-04 12:45:00,224.20,5.5422,1242.53,2030.33,0.310632,49.81,0.880
2025-04-04 13:00:00,222.52,6.5789,1463.98,3058.24,0.365994,49.92,0.948
2025-04-04 13:15:00,220.74,6.9947,1543.99,3340.74,0.385996,50.18,0.865
2025-04-04 13:30:00,226.21,6.3187,1429.32,2507.90,0.357329,50.10,0.937
2025-04-04 13:45:00,218.74,6.6732,1459.74,2695.01,0.364934,49.94,0.883
2025-04-04 14:00:00,222.39,5.1376,1142.57,2112.45,0.285641,49.96,0.881
2025-04-04 14:15:00,227.24,4.6940,1066.64,1866.18,0.266660,50.09,0.914
2025-04-04 14:30:00,222.25,8.2662,1837.15,3244.75,0.459288,50.08,0.966
2025-04-04 14:45:00,224.37,4.9613,1113.15,2234.02,0.278289,50.18,0.884
2025-04-04 15:00:00,221.29,4.5422,1005.13,1891.82,0.251283,50.15,0.843
2025-04-04 15:15:00,223.54,3.8854,868.55,1301.86,0.217139,49.83,0.966
2025-04-04 15:30:00,226.08,4.4555,1007.30,1735.14,0.251826,50.05,0.967
2025-04-04 15:45:00,227.95,4.0007,911.97,1659.29,0.227993,50.04,0.915
2025-04-04 16:00:00,222.81,3.1983,712.61,1052.96,0.178152,49.95,0.962
2025-04-04 16:15:00,227.69,2.9100,662.56,1393.47,0.165641,49.83,0.924
2025-04-04 16:30:00,218.38,2.9246,638.67,1219.09,0.159667,49.86,0.923
2025-04-04 16:45:00,221.64,2.9545,654.84,1361.54,0.163709,49.92,0.922
2025-04-04 17:00:00,227.92,2.2653,516.30,764.84,0.129076,50.09,0.933
2025-04-04 17:15:00,224.80,1.7941,403.32,663.00,0.100831,50.05,0.854
2025-04-04 17:30:00,226.00,2.0419,461.48,692.01,0.115371,49.93,0.883
2025-04-04 17:45:00,224.37,2.2386,502.29,868.99,0.125572,50.06,0.947
2025-04-04 18:00:00,218.89,1.7154,375.49,791.47,0.093871,50.13,0.978
2025-04-04 18:15:00,222.44,2.0086,446.79,653.56,0.111698,49.97,0.933
2025-04-04 18:30:00,219.83,2.0037,440.47,813.45,0.110117,49.91,0.945
2025-04-04 18:45:00,221.93,2.0070,445.40,884.78,0.111351,50.17,0.887
2025-04-04 19:00:00,226.90,1.7322,393.02,648.26,0.098256,49.85,0.968
2025-04-04 19:15:00,225.18,1.8896,425.51,830.99,0.106379,50.11,0.825
2025-04-04 19:30:00,221.71,1.6166,358.40,561.71,0.089600,50.11,0.831
2025-04-04 19:45:00,218.21,2.8518,622.29,1231.43,0.155574,49.89,0.922
2025-04-04 20:00:00,220.47,1.6541,364.68,584.72,0.091170,50.12,0.901
2025-04-04 20:15:00,219.37,1.8862,413.76,865.04,0.103441,49.96,0.841
2025-04-04 20:30:00,226.01,1.5807,357.27,580.53,0.089318,49.86,0.843
2025-04-04 20:45:00,222.20,1.7156,381.20,699.33,0.095300,50.03,0.921
2025-04-04 21:00:00,222.42,2.1232,472.24,789.17,0.118059,49.84,0.923
2025-04-04 21:15:00,224.51,2.8542,640.78,1523.43,0.160196,49.94,0.894
2025-04-04 21:30:00,226.96,2.7083,614.68,1421.80,0.153670,50.03,0.845
2025-04-04 21:45:00,221.72,1.6946,375.73,812.62,0.093931,49.96,0.968
2025-04-04 22:00:00,223.84,2.3374,523.20,1000.14,0.130800,50.06,0.912
2025-04-04 22:15:00,226.15,2.4097,544.94,891.24,0.136236,49.88,0.945
2025-04-04 22:30:00,227.86,2.0931,476.93,924.42,0.119231,49.96,0.858
2025-04-04 22:45:00,223.79,2.7019,604.65,1303.56,0.151162,49.99,0.952
2025-04-04 23:00:00,219.54,5.9517,1306.65,2849.75,0.326662,50.05,0.829
2025-04-04 23:15:00,227.74,4.8918,1114.07,2220.22,0.278518,50.18,0.842
2025-04-04 23:30:00,225.91,4.5613,1030.46,2008.48,0.257615,49.87,0.911
2025-04-04 23:45:00,223.58,6.0745,1358.16,2585.25,0.339539,50.02,0.837
2025-04-05 00:00:00,220.35,6.6147,1457.52,2472.83,0.364379,49.97,0.826
2025-04-05 00:15:00,222.67,5.4271,1208.46,2127.37,0.302114,50.00,0.944
2025-04-05 00:30:00,226.26,5.5834,1263.32,2458.81,0.315831,49.99,0.825
2025-04-05 00:45:00,226.87,6.9500,1576.74,2318.62,0.394184,49.95,0.941
2025-04-05 01:00:00,221.56,5.6902,1260.74,2678.74,0.315186,49.89,0.901
2025-04-05 01:15:00,227.81,5.4157,1233.73,2063.58,0.308432,49.91,0.952
2025-04-05 01:30:00,220.26,5.4329,1196.67,2506.36,0.299166,49.98,0.904
2025-04-05 01:45:00,219.62,4.3620,957.97,1438.34,0.239492,49.89,0.900
2025-04-05 02:00:00,220.13,4.4561,980.92,2526.39,0.245229,49.93,0.961
2025-04-05 02:15:00,221.11,2.9559,653.59,1413.22,0.163396,50.19,0.863
2025-04-05 02:30:00,225.51,3.2262,727.53,1289.40,0.181883,50.11,0.861
2025-04-05 02:45:00,224.98,3.4646,779.46,1288.57,0.194865,50.17,0.976
2025-04-05 03:00:00,226.41,2.4975,565.45,1200.19,0.141363,49.86,0.897
2025-04-05 03:15:00,218.98,2.9982,656.53,1184.66,0.164133,49.87,0.923
2025-04-05 03:30:00,226.92,2.7355,620.75,1290.61,0.155187,50.12,0.979
2025-04-05 03:45:00,224.88,2.9900,672.40,958.80,0.168099,49.94,0.978
2025-04-05 04:00:00,221.99,2.8778,638.85,1371.40,0.159713,49.88,0.852
2025-04-05 04:15:00,227.46,3.0538,694.62,1431.75,0.173656,50.13,0.850
2025-04-05 04:30:00,227.65,3.1146,709.02,1552.74,0.177256,50.04,0.894
2025-04-05 04:45:00,220.49,3.3769,744.58,1510.69,0.186146,50.06,0.821
2025-04-05 05:00:00,220.35,3.8965,858.58,1229.86,0.214644,49.95,0.937
2025-04-05 05:15:00,227.08,3.9829,904.42,1628.02,0.226105,49.81,0.833
2025-04-05 05:30:00,218.86,4.3318,948.06,1382.59,0.237015,50.11,0.870
2025-04-05 05:45:00,224.48,4.1660,935.20,1400.41,0.233799,49.89,0.858
2025-04-05 06:00:00,219.75,3.3295,731.68,1394.95,0.182920,50.06,0.943
2025-04-05 06:15:00,221.50,2.9171,646.15,1231.09,0.161538,50.10,0.947
2025-04-05 06:30:00,225.22,3.5836,807.10,1568.20,0.201775,50.17,0.974
2025-04-05 06:45:00,224.26,3.2827,736.19,1602.43,0.184049,50.15,0.824
2025-04-05 07:00:00,226.60,2.5906,587.03,939.29,0.146758,49.82,0.920
2025-04-05 07:15:00,217.69,2.8030,610.18,1236.26,0.152546,49.89,0.868
2025-04-05 07:30:00,219.51,2.4201,531.23,1099.16,0.132808,50.10,0.840
2025-04-05 07:45:00,224.83,3.8939,875.45,2277.27,0.218863,50.01,0.907
2025-04-05 08:00:00,219.30,2.6911,590.15,1127.32,0.147539,50.11,0.935
2025-04-05 08:15:00,227.76,3.0130,686.25,1079.78,0.171562,50.15,0.888
2025-04-05 08:30:00,224.72,3.3590,754.84,1449.88,0.188711,50.01,0.857
2025-04-05 08:45:00,223.52,3.8887,869.21,2693.23,0.217303,50.08,0.913
2025-04-05 09:00:00,227.71,3.6167,823.53,1235.42,0.205883,49.89,0.954
2025-04-05 09:15:00,226.59,4.1029,929.67,1628.06,0.232418,49.91,0.902
2025-04-05 09:30:00,220.98,4.5886,1013.99,2127.58,0.253497,49.88,0.832
2025-04-05 09:45:00,221.86,4.5143,1001.57,1774.82,0.250393,49.99,0.827
2025-04-05 10:00:00,219.71,5.4026,1187.00,2241.92,0.296751,50.17,0.859
2025-04-05 10:15:00,219.07,6.4118,1404.66,2076.19,0.351166,50.06,0.935
2025-04-05 10:30:00,223.41,4.9192,1099.00,2164.24,0.274750,49.83,0.963
2025-04-05 10:45:00,218.35,4.9417,1079.02,2172.12,0.269755,50.05,0.842
2025-04-05 11:00:00,224.61,10.5297,2365.09,4230.71,0.591273,50.10,0.912
2025-04-05 11:15:00,227.04,6.1438,1394.89,2120.59,0.348722,49.86,0.956
2025-04-05 11:30:00,219.06,7.5636,1656.88,2875.87,0.414220,50.17,0.929
2025-04-05 11:45:00,217.76,7.0170,1528.05,3053.58,0.382013,49.94,0.880
2025-04-05 12:00:00,227.03,8.4908,1927.63,4140.35,0.481907,49.81,0.969
2025-04-05 12:15:00,220.81,6.9559,1535.95,2479.12,0.383988,49.85,0.924
2025-04-05 12:30:00,217.74,12.0849,2631.34,4779.71,0.657836,49.84,0.869
2025-04-05 12:45:00,219.40,10.7804,2365.27,5200.11,0.591319,50.16,0.856
2025-04-05 13:00:00,221.49,7.3312,1623.75,3144.03,0.405938,49.96,0.907
2025-04-05 13:15:00,223.56,6.4358,1438.80,2729.10,0.359700,50.14,0.835
2025-04-05 13:30:00,219.84,6.9788,1534.23,2749.14,0.383559,49.95,0.881
2025-04-05 13:45:00,221.36,6.3116,1397.13,2246.73,0.349283,49.95,0.938
2025-04-05 14:00:00,218.66,9.5260,2082.93,5449.07,0.520733,50.04,0.841
2025-04-05 14:15:00,227.30,5.8305,1325.31,2036.89,0.331327,49.89,0.851
2025-04-05 14:30:00,220.30,5.9056,1301.01,2544.12,0.325252,49.88,0.878
2025-04-05 14:45:00,222.66,13.1728,2933.06,6397.48,0.733266,50.04,0.881
2025-04-05 15:00:00,222.41,6.0666,1349.26,2792.06,0.337316,50.20,0.876
2025-04-05 15:15:00,227.43,5.8498,1330.40,2091.20,0.332601,50.13,0.843
2025-04-05 15:30:00,217.66,4.9033,1067.25,1518.11,0.266814,50.01,0.911
2025-04-05 15:45:00,222.96,4.8545,1082.34,2210.43,0.270586,50.15,0.876
2025-04-05 16:00:00,219.57,3.3792,741.97,1049.11,0.185492,49.90,0.823
2025-04-05 16:15:00,221.71,3.7344,827.95,1490.26,0.206987,49.81,0.823
2025-04-05 16:30:00,223.82,3.4030,761.66,1471.25,0.190415,50.08,0.938
2025-04-05 16:45:00,223.33,4.7846,1068.56,2479.61,0.267141,50.15,0.888
2025-04-05 17:00:00,219.44,1.9240,422.20,869.69,0.105549,50.14,0.945
2025-04-05 17:15:00,226.75,1.7709,401.55,876.16,0.100388,49.93,0.973
2025-04-05 17:30:00,218.82,2.9035,635.34,1676.65,0.158835,49.88,0.871
2025-04-05 17:45:00,218.83,2.1531,471.18,838.39,0.117794,50.11,0.945
2025-04-05 18:00:00,222.11,1.8098,401.97,869.29,0.100491,49.87,0.918
2025-04-05 18:15:00,222.10,1.6307,362.19,751.12,0.090548,49.94,0.956
2025-04-05 18:30:00,225.08,1.8907,425.56,744.29,0.106390,49.98,0.840
2025-04-05 18:45:00,218.46,1.8616,406.69,673.45,0.101673,50.06,0.935
2025-04-05 19:00:00,222.69,1.7377,386.97,662.93,0.096742,49.95,0.870
2025-04-05 19:15:00,219.22,1.6623,364.40,594.85,0.091100,50.14,0.901
2025-04-05 19:30:00,218.97,1.8862,413.02,589.79,0.103254,49.85,0.946
2025-04-05 19:45:00,224.25,1.9037,426.90,664.27,0.106724,50.04,0.839
2025-04-05 20:00:00,219.55,1.5788,346.62,533.84,0.086656,49.95,0.908
2025-04-05 20:15:00,220.76,1.9708,435.07,935.02,0.108768,49.83,0.944
2025-04-05 20:30:00,217.64,2.9058,632.42,861.47,0.158106,50.05,0.906
2025-04-05 20:45:00,219.65,1.6668,366.13,716.03,0.091532,49.97,0.829
2025-04-05 21:00:00,219.28,2.5909,568.13,1365.78,0.142033,49.92,0.913
2025-04-05 21:15:00,225.62,1.9901,449.00,779.58,0.112251,49.83,0.839
2025-04-05 21:30:00,226.84,1.9277,437.27,898.83,0.109318,50.06,0.951
2025-04-05 21:45:00,219.01,1.8902,413.98,642.14,0.103495,49.81,0.866
2025-04-05 22:00:00,225.16,2.0421,459.81,887.33,0.114951,49.85,0.886
2025-04-05 22:15:00,219.42,2.3048,505.71,918.30,0.126428,50.14,0.929
2025-04-05 22:30:00,227.63,2.4756,563.51,1081.10,0.140879,50.05,0.839
2025-04-05 22:45:00,227.93,2.4527,559.04,1141.59,0.139760,49.96,0.957
2025-04-05 23:00:00,217.77,9.0158,1963.35,3231.78,0.490837,49.82,0.892
2025-04-05 23:15:00,223.88,5.1221,1146.71,1687.04,0.286678,49.91,0.876
2025-04-05 23:30:00,226.99,5.4095,1227.92,1762.12,0.306979,50.04,0.846
2025-04-05 23:45:00,217.79,8.9640,1952.26,3924.39,0.488066,49.96,0.938
2025-04-06 00:00:00,219.01,6.2851,1376.53,2185.61,0.344131,50.07,0.900
2025-04-06 00:15:00,227.52,5.8246,1325.23,2698.59,0.331308,50.02,0.928
2025-04-06 00:30:00,227.32,5.6227,1278.15,1997.95,0.319538,50.04,0.928
2025-04-06 00:45:00,226.11,8.6418,1954.02,5947.10,0.488506,50.05,0.841
2025-04-06 01:00:00,217.70,5.0404,1097.28,2113.40,0.274320,50.17,0.960
2025-04-06 01:15:00,224.72,4.3487,977.23,1583.14,0.244307,50.06,0.831
2025-04-06 01:30:00,218.10,5.1958,1133.21,2335.43,0.283303,49.84,0.910
2025-04-06 01:45:00,217.65,5.5524,1208.47,1995.77,0.302118,49.97,0.906
2025-04-06 02:00:00,218.10,3.5096,765.44,1113.94,0.191360,50.01,0.911
2025-04-06 02:15:00,222.89,3.1536,702.90,1152.10,0.175725,49.81,0.930
2025-04-06 02:30:00,219.32,3.5044,768.59,1302.08,0.192148,49.91,0.958
2025-04-06 02:45:00,225.84,3.2935,743.81,1538.62,0.185951,50.13,0.866
2025-04-06 03:00:00,225.96,3.0665,692.90,1344.71,0.173224,50.09,0.876
2025-04-06 03:15:00,226.23,2.8770,650.87,1125.70,0.162717,49.98,0.875
2025-04-06 03:30:00,224.12,2.8458,637.80,908.45,0.159451,50.08,0.836
2025-04-06 03:45:00,223.43,2.3613,527.60,1038.66,0.131899,49.84,0.871
2025-04-06 04:00:00,218.13,2.8490,621.44,1122.67,0.155361,50.02,0.887
2025-04-06 04:15:00,222.93,3.1938,712.02,1239.61,0.178004,49.93,0.843
2025-04-06 04:30:00,218.53,3.4935,763.43,1461.09,0.190857,50.14,0.824
2025-04-06 04:45:00,222.95,2.7626,615.91,1013.87,0.153977,50.20,0.912
2025-04-06 05:00:00,226.31,3.4495,780.64,1190.12,0.195161,49.91,0.824
2025-04-06 05:15:00,223.53,5.8726,1312.70,2429.18,0.328176,49.94,0.839
2025-04-06 05:30:00,226.56,5.2488,1189.17,2107.91,0.297292,49.86,0.949
2025-04-06 05:45:00,227.01,3.0988,703.47,1393.19,0.175868,49.99,0.951
2025-04-06 06:00:00,221.70,3.2376,717.78,1038.86,0.179444,50.19,0.879
2025-04-06 06:15:00,223.07,6.0098,1340.60,3572.33,0.335150,49.86,0.948
2025-04-06 06:30:00,217.76,3.6587,796.73,1619.87,0.199183,50.01,0.932
2025-04-06 06:45:00,223.69,3.5637,797.18,1241.36,0.199295,49.95,0.973
2025-04-06 07:00:00,219.58,2.4287,533.30,1067.62,0.133325,49.83,0.873
2025-04-06 07:15:00,219.74,3.1228,686.23,1168.04,0.171556,50.18,0.881
2025-04-06 07:30:00,227.99,2.2673,516.92,1059.23,0.129231,49.90,0.822
2025-04-06 07:45:00,224.87,2.6164,588.37,1001.02,0.147092,49.84,0.973
2025-04-06 08:00:00,226.09,3.2670,738.63,1352.04,0.184658,49.96,0.823
2025-04-06 08:15:00,218.22,5.8230,1270.70,2365.65,0.317675,50.04,0.960
2025-04-06 08:30:00,227.42,2.8286,643.28,1365.62,0.160821,49.91,0.946
2025-04-06 08:45:00,224.22,2.7706,621.21,1144.02,0.155302,50.12,0.912
2025-04-06 09:00:00,226.70,4.3447,984.93,1606.05,0.246231,49.88,0.893
2025-04-06 09:15:00,225.27,3.8391,864.82,1691.21,0.216204,49.94,0.969
2025-04-06 09:30:00,222.49,3.4571,769.17,1491.71,0.192291,49.96,0.842
2025-04-06 09:45:00,225.58,4.1240,930.29,1347.73,0.232572,50.15,0.876
2025-04-06 10:00:00,219.49,6.2345,1368.40,2063.29,0.342101,50.17,0.950
2025-04-06 10:15:00,224.14,6.2020,1390.10,2214.26,0.347525,50.05,0.893
2025-04-06 10:30:00,218.46,5.6359,1231.20,2455.73,0.307799,49.92,0.858
2025-04-06 10:45:00,222.58,6.5112,1449.24,2232.26,0.362311,50.11,0.936
2025-04-06 11:00:00,218.23,7.1783,1566.50,2804.84,0.391625,49.92,0.950
2025-04-06 11:15:00,227.25,5.8562,1330.82,1883.61,0.332704,50.11,0.959
2025-04-06 11:30:00,221.34,7.7186,1708.44,2506.00,0.427109,50.02,0.974
2025-04-06 11:45:00,222.53,12.0161,2673.88,4269.52,0.668469,49.98,0.906
2025-04-06 12:00:00,222.64,13.5266,3011.51,6792.59,0.752877,50.03,0.923
2025-04-06 12:15:00,223.45,7.9685,1780.55,3442.58,0.445137,50.12,0.878
2025-04-06 12:30:00,225.96,6.8431,1546.30,2933.68,0.386574,50.05,0.858
2025-04-06 12:45:00,220.43,7.8330,1726.61,3293.92,0.431651,49.86,0.873
2025-04-06 13:00:00,222.07,6.5058,1444.78,2205.94,0.361195,49.89,0.951
2025-04-06 13:15:00,224.13,6.6529,1491.11,2650.49,0.372777,49.97,0.958
2025-04-06 13:30:00,219.56,7.1559,1571.15,2932.83,0.392788,49.87,0.864
2025-04-06 13:45:00,224.03,7.1531,1602.50,3049.74,0.400625,50.15,0.869
2025-04-06 14:00:00,218.13,7.1689,1563.75,2505.76,0.390938,50.18,0.827
2025-04-06 14:15:00,220.31,6.3162,1391.53,2849.59,0.347883,49.96,0.879
2025-04-06 14:30:00,224.04,7.3680,1650.76,2600.08,0.412690,49.83,0.889
2025-04-06 14:45:00,225.35,5.8532,1319.02,2130.17,0.329754,49.88,0.912
2025-04-06 15:00:00,226.78,5.0652,1148.70,2426.48,0.287174,50.16,0.866
2025-04-06 15:15:00,220.78,4.9655,1096.26,2187.31,0.274065,49.90,0.977
2025-04-06 15:30:00,218.19,6.1834,1349.13,2075.89,0.337282,49.93,0.842
2025-04-06 15:45:00,226.18,5.2505,1187.54,2151.12,0.296885,50.20,0.869
2025-04-06 16:00:00,222.40,3.5550,790.63,1543.02,0.197658,50.08,0.824
2025-04-06 16:15:00,218.05,3.7085,808.62,1332.96,0.202156,50.05,0.825
2025-04-06 16:30:00,225.91,5.8650,1324.98,2998.32,0.331245,50.17,0.831
2025-04-06 16:45:00,218.95,3.8020,832.45,1182.82,0.208113,50.15,0.904
2025-04-06 17:00:00,224.64,2.0364,457.46,982.20,0.114366,50.12,0.942
2025-04-06 17:15:00,223.14,2.0181,450.31,684.18,0.112578,49.81,0.940
2025-04-06 17:30:00,218.69,1.9795,432.91,769.17,0.108228,49.82,0.946
2025-04-06 17:45:00,221.03,2.0604,455.42,943.83,0.113855,50.09,0.870
2025-04-06 18:00:00,221.93,1.4889,330.43,547.23,0.082607,49.97,0.923
2025-04-06 18:15:00,222.95,1.6584,369.74,775.03,0.092436,50.01,0.944
2025-04-06 18:30:00,225.37,1.6860,379.97,630.15,0.094993,49.94,0.963
2025-04-06 18:45:00,225.00,1.7982,404.59,801.68,0.101148,50.04,0.841
2025-04-06 19:00:00,219.71,1.4619,321.19,635.38,0.080298,50.15,0.922
2025-04-06 19:15:00,218.10,1.8493,403.33,768.51,0.100834,49.95,0.921
2025-04-06 19:30:00,221.05,1.4949,330.44,667.79,0.082611,50.17,0.978
2025-04-06 19:45:00,221.50,1.4084,311.95,450.96,0.077989,49.90,0.922
2025-04-06 20:00:00,219.57,1.3835,303.77,490.50,0.075942,50.02,0.864
2025-04-06 20:15:00,219.72,1.7194,377.77,788.29,0.094444,49.89,0.856
2025-04-06 20:30:00,227.31,2.9814,677.71,1054.74,0.169426,50.02,0.881
2025-04-06 20:45:00,226.87,2.4185,548.69,977.70,0.137172,49.85,0.888
2025-04-06 21:00:00,219.10,1.5642,342.70,594.54,0.085676,49.90,0.938
2025-04-06 21:15:00,227.56,1.7747,403.86,844.24,0.100966,49.90,0.941
2025-04-06 21:30:00,217.56,1.9136,416.33,738.30,0.104083,49.99,0.931
2025-04-06 21:45:00,227.29,1.7836,405.40,858.69,0.101351,50.13,0.955
2025-04-06 22:00:00,225.63,2.3971,540.86,1011.74,0.135215,50.14,0.917
2025-04-06 22:15:00,227.92,2.0366,464.19,923.22,0.116048,50.08,0.956
2025-04-06 22:30:00,226.72,2.1248,481.75,938.74,0.120437,50.09,0.846
2025-04-06 22:45:00,223.05,1.9033,424.54,932.72,0.106135,49.98,0.922
2025-04-06 23:00:00,222.15,5.0165,1114.43,1619.64,0.278607,50.14,0.878
2025-04-06 23:15:00,223.24,4.0790,910.59,1754.29,0.227649,50.18,0.911
2025-04-06 23:30:00,225.82,4.2076,950.17,1579.27,0.237543,50.07,0.938
2025-04-06 23:45:00,226.37,4.9315,1116.35,1998.42,0.279088,49.89,0.956
2025-04-07 00:00:00,222.08,5.7963,1287.26,2672.43,0.321814,50.02,0.862
2025-04-07 00:15:00,217.52,6.7713,1472.93,2504.12,0.368232,49.92,0.957
2025-04-07 00:30:00,224.73,5.7925,1301.75,2759.52,0.325438,50.15,0.843
2025-04-07 00:45:00,221.38,7.0459,1559.80,2442.94,0.389951,50.06,0.823
2025-04-07 01:00:00,226.32,3.7454,847.65,1365.07,0.211912,49.89,0.909
2025-04-07 01:15:00,221.40,4.5998,1018.41,1955.06,0.254603,49.90,0.906
2025-04-07 01:30:00,221.53,3.8630,855.78,1280.56,0.213945,49.91,0.882
2025-04-07 01:45:00,219.17,5.4233,1188.60,2189.48,0.297150,49.99,0.943
2025-04-07 02:00:00,224.61,2.8206,633.54,956.41,0.158385,49.89,0.916
2025-04-07 02:15:00,221.27,2.9139,644.77,1067.81,0.161192,49.83,0.888
2025-04-07 02:30:00,221.42,2.2781,504.40,1072.94,0.126101,50.01,0.936
2025-04-07 02:45:00,223.79,2.2477,503.02,1060.41,0.125755,49.94,0.859
2025-04-07 03:00:00,222.14,2.2061,490.06,793.33,0.122515,50.15,0.980
2025-04-07 03:15:00,225.93,2.4350,550.14,782.90,0.137536,49.80,0.905
2025-04-07 03:30:00,225.10,2.6300,592.01,1110.18,0.148002,49.98,0.880
2025-04-07 03:45:00,219.50,2.3315,511.77,776.98,0.127943,49.95,0.919
2025-04-07 04:00:00,224.44,2.6416,592.88,1122.13,0.148221,50.01,0.958
2025-04-07 04:15:00,226.30,2.8217,638.56,917.52,0.159640,50.04,0.973
2025-04-07 04:30:00,227.71,3.9521,899.91,2092.71,0.224979,50.19,0.961
2025-04-07 04:45:00,222.85,2.9258,652.02,1211.30,0.163004,49.83,0.869
2025-04-07 05:00:00,219.32,2.7595,605.21,849.06,0.151303,49.87,0.867
2025-04-07 05:15:00,224.68,3.1333,704.00,1014.16,0.176001,50.13,0.915
2025-04-07 05:30:00,224.84,3.0588,687.76,1374.62,0.171939,50.12,0.894
2025-04-07 05:45:00,219.85,3.6668,806.14,1227.43,0.201535,50.04,0.855
2025-04-07 06:00:00,220.66,3.1088,685.99,1372.72,0.171497,50.18,0.827
2025-04-07 06:15:00,226.45,2.8952,655.61,932.20,0.163903,50.15,0.859
2025-04-07 06:30:00,226.20,2.6826,606.81,1046.10,0.151702,50.09,0.863
2025-04-07 06:45:00,224.08,3.0733,688.66,1188.26,0.172166,50.15,0.853
2025-04-07 07:00:00,225.22,2.7001,608.11,1024.41,0.152027,49.85,0.928
2025-04-07 07:15:00,220.08,2.1670,476.93,690.65,0.119232,50.15,0.940
2025-04-07 07:30:00,226.56,2.3688,536.68,756.43,0.134169,49.93,0.841
2025-04-07 07:45:00,225.76,2.5827,583.06,1039.16,0.145765,49.92,0.932
2025-04-07 08:00:00,218.89,2.6406,577.99,1185.04,0.144498,50.18,0.866
2025-04-07 08:15:00,224.51,4.6508,1044.18,1921.75,0.261044,49.96,0.939
2025-04-07 08:30:00,223.25,2.3439,523.28,1143.88,0.130819,50.00,0.836
2025-04-07 08:45:00,223.71,2.2685,507.50,889.27,0.126874,49.89,0.956
2025-04-07 09:00:00,218.60,3.7477,819.24,1588.02,0.204809,50.02,0.880
2025-04-07 09:15:00,225.85,3.7913,856.27,1734.90,0.214067,50.12,0.926
2025-04-07 09:30:00,225.76,2.9777,672.25,1379.28,0.168063,49.85,0.955
2025-04-07 09:45:00,221.85,3.0885,685.18,1110.26,0.171296,50.11,0.967
2025-04-07 10:00:00,224.59,4.9618,1114.38,2210.67,0.278594,50.02,0.891
2025-04-07 10:15:00,220.84,5.4147,1195.80,2251.62,0.298951,50.11,0.956
2025-04-07 10:30:00,224.07,7.9990,1792.33,3524.76,0.448082,50.09,0.823
2025-04-07 10:45:00,217.60,5.5760,1213.33,2555.24,0.303333,50.04,0.956
2025-04-07 11:00:00,225.27,5.5056,1240.24,2644.60,0.310060,50.17,0.931
2025-04-07 11:15:00,221.63,5.8870,1304.75,2051.31,0.326187,49.94,0.838
2025-04-07 11:30:00,223.89,5.9983,1342.97,2486.68,0.335742,49.83,0.876
2025-04-07 11:45:00,220.44,5.4839,1208.90,2374.09,0.302225,50.05,0.829
2025-04-07 12:00:00,223.00,6.9350,1546.50,3334.90,0.386624,49.84,0.978
2025-04-07 12:15:00,219.09,6.3721,1396.07,3061.65,0.349017,49.95,0.868
2025-04-07 12:30:00,221.11,5.5026,1216.69,1984.74,0.304172,50.15,0.916
2025-04-07 12:45:00,222.15,9.1501,2032.66,3999.96,0.508165,50.15,0.939
2025-04-07 13:00:00,218.99,5.3348,1168.25,2136.91,0.292063,50.05,0.936
2025-04-07 13:15:00,221.20,6.5757,1454.58,2453.42,0.363646,50.19,0.823
2025-04-07 13:30:00,220.62,5.9107,1304.01,2099.34,0.326003,50.10,0.880
2025-04-07 13:45:00,218.59,5.8404,1276.69,1995.41,0.319173,49.82,0.920
2025-04-07 14:00:00,224.60,5.7283,1286.59,2707.63,0.321647,49.91,0.887
2025-04-07 14:15:00,218.51,8.5714,1872.97,3224.61,0.468243,50.11,0.895
2025-04-07 14:30:00,222.10,6.2140,1380.15,2490.53,0.345037,49.94,0.972
2025-04-07 14:45:00,222.68,5.6327,1254.28,2124.33,0.313571,50.08,0.855
2025-04-07 15:00:00,224.71,4.2579,956.79,1345.96,0.239198,49.94,0.841
2025-04-07 15:15:00,218.12,5.1894,1131.93,2146.70,0.282982,50.12,0.956
2025-04-07 15:30:00,218.75,3.9626,866.83,1889.25,0.216708,50.05,0.821
2025-04-07 15:45:00,227.60,4.0290,917.02,1526.84,0.229254,49.86,0.868
2025-04-07 16:00:00,224.97,2.8852,649.08,1036.29,0.162270,49.81,0.933
2025-04-07 16:15:00,221.22,3.2328,715.17,1017.93,0.178792,50.03,0.898
2025-04-07 16:30:00,222.16,2.7933,620.55,922.00,0.155137,50.13,0.838
2025-04-07 16:45:00,220.07,3.2382,712.63,1413.75,0.178157,50.04,0.942
2025-04-07 17:00:00,223.37,2.1170,472.87,970.05,0.118217,49.96,0.921
2025-04-07 17:15:00,227.12,1.9464,442.05,942.52,0.110513,50.20,0.885
2025-04-07 17:30:00,227.47,1.8888,429.65,856.67,0.107412,49.85,0.975
2025-04-07 17:45:00,226.64,1.8061,409.33,605.26,0.102332,50.12,0.868
2025-04-07 18:00:00,225.68,1.8174,410.16,867.40,0.102539,50.20,0.867
2025-04-07 18:15:00,223.12,1.5653,349.24,720.85,0.087310,50.04,0.916
2025-04-07 18:30:00,224.94,1.7600,395.89,789.71,0.098972,49.93,0.910
2025-04-07 18:45:00,219.80,1.5898,349.42,561.15,0.087355,50.02,0.834
2025-04-07 19:00:00,220.91,1.3781,304.43,587.90,0.076109,50.14,0.830
2025-04-07 19:15:00,217.98,1.7540,382.34,716.81,0.095585,50.15,0.885
2025-04-07 19:30:00,224.28,1.7163,384.93,663.41,0.096232,49.82,0.863
2025-04-07 19:45:00,226.51,1.7457,395.43,587.60,0.098857,49.81,0.910
2025-04-07 20:00:00,225.76,1.7544,396.08,671.08,0.099020,49.97,0.915
2025-04-07 20:15:00,219.28,2.0338,445.98,917.28,0.111495,50.07,0.926
2025-04-07 20:30:00,225.74,1.5399,347.61,537.22,0.086902,50.15,0.938
2025-04-07 20:45:00,222.68,1.6805,374.22,733.95,0.093554,50.04,0.849
2025-04-07 21:00:00,226.56,1.5188,344.09,739.14,0.086023,49.96,0.949
2025-04-07 21:15:00,219.71,1.9585,430.29,631.48,0.107572,49.81,0.843
2025-04-07 21:30:00,226.98,1.6650,377.93,585.03,0.094483,49.89,0.954
2025-04-07 21:45:00,221.44,1.8765,415.53,904.96,0.103883,49.98,0.965
2025-04-07 22:00:00,218.85,2.1178,463.50,864.15,0.115875,50.00,0.918
2025-04-07 22:15:00,218.99,2.0622,451.60,825.99,0.112900,49.97,0.976
2025-04-07 22:30:00,218.01,2.1669,472.39,748.87,0.118097,50.09,0.892
2025-04-07 22:45:00,218.75,2.4234,530.13,1159.43,0.132531,49.80,0.893
2025-04-07 23:00:00,223.96,4.7691,1068.08,2129.28,0.267021,50.04,0.970
2025-04-07 23:15:00,222.38,4.0549,901.73,1827.83,0.225434,49.93,0.894
2025-04-07 23:30:00,224.41,4.3979,986.93,1527.51,0.246733,50.11,0.978
2025-04-07 23:45:00,218.30,4.8171,1051.59,2087.98,0.262897,49.87,0.847
2025-04-08 00:00:00,218.03,5.2501,1144.69,1721.25,0.286173,50.03,0.854
2025-04-08 00:15:00,222.67,4.8942,1089.79,1606.33,0.272448,50.15,0.908
2025-04-08 00:30:00,221.38,5.5179,1221.55,1789.99,0.305388,50.14,0.919
2025-04-08 00:45:00,221.27,5.6476,1249.66,2047.81,0.312415,50.00,0.973
2025-04-08 01:00:00,217.62,4.3436,945.27,2034.09,0.236316,49.86,0.825
2025-04-08 01:15:00,223.57,3.9629,885.96,1910.83,0.221490,50.19,0.838
2025-04-08 01:30:00,217.67,3.9520,860.24,1435.51,0.215060,49.99,0.965
2025-04-08 01:45:00,222.55,3.8589,858.81,1249.06,0.214702,49.99,0.851
2025-04-08 02:00:00,218.26,2.9863,651.81,1414.48,0.162953,49.84,0.857
2025-04-08 02:15:00,224.47,2.8916,649.08,1385.93,0.162271,49.98,0.822
2025-04-08 02:30:00,222.12,2.6531,589.30,942.94,0.147324,50.08,0.952
2025-04-08 02:45:00,220.74,2.8305,624.82,1253.69,0.156206,50.17,0.900
2025-04-08 03:00:00,225.66,2.5557,576.74,807.99,0.144185,50.09,0.861
2025-04-08 03:15:00,218.94,2.2518,493.02,833.38,0.123255,49.84,0.827
2025-04-08 03:30:00,218.66,2.5283,552.84,1146.71,0.138211,49.89,0.825
2025-04-08 03:45:00,220.91,2.6899,594.20,955.44,0.148551,49.92,0.868
2025-04-08 04:00:00,221.86,2.6515,588.26,1108.30,0.147065,49.80,0.965
2025-04-08 04:15:00,217.52,3.0975,673.76,1430.48,0.168439,50.16,0.920
2025-04-08 04:30:00,223.43,2.9938,668.90,1464.35,0.167225,49.85,0.896
2025-04-08 04:45:00,219.62,2.7528,604.56,988.24,0.151141,49.96,0.848
2025-04-08 05:00:00,223.93,3.4456,771.58,1150.72,0.192895,49.90,0.869
2025-04-08 05:15:00,221.23,3.2348,715.64,1433.16,0.178909,49.95,0.873
2025-04-08 05:30:00,224.36,3.4349,770.65,1608.81,0.192663,50.19,0.873
2025-04-08 05:45:00,224.82,3.2164,723.10,1517.47,0.180776,50.08,0.830
2025-04-08 06:00:00,225.28,2.9991,675.62,955.16,0.168906,49.97,0.862
2025-04-08 06:15:00,219.51,3.3377,732.68,1512.69,0.183169,50.14,0.861
2025-04-08 06:30:00,223.81,2.5134,562.52,1106.66,0.140631,50.08,0.855
2025-04-08 06:45:00,226.39,3.0708,695.19,1300.92,0.173798,49.83,0.862
2025-04-08 07:00:00,218.84,2.7760,607.50,1152.04,0.151874,50.17,0.959
2025-04-08 07:15:00,218.83,4.1594,910.22,2218.24,0.227554,49.84,0.968
2025-04-08 07:30:00,225.31,2.1083,475.01,999.61,0.118752,49.84,0.932
2025-04-08 07:45:00,219.87,2.1886,481.22,860.01,0.120304,49.96,0.825
2025-04-08 08:00:00,222.78,2.4514,546.11,804.62,0.136528,49.83,0.871
2025-04-08 08:15:00,220.78,2.5706,567.53,1112.12,0.141883,49.95,0.891
2025-04-08 08:30:00,221.46,2.9101,644.47,1364.30,0.161117,50.18,0.824
2025-04-08 08:45:00,219.61,2.7087,594.85,863.30,0.148712,49.86,0.892
2025-04-08 09:00:00,217.97,3.7454,816.39,1653.05,0.204097,50.15,0.914
2025-04-08 09:15:00,223.54,3.1228,698.08,1170.81,0.174520,50.02,0.887
2025-04-08 09:30:00,223.84,3.2834,734.94,1313.70,0.183736,49.83,0.929
2025-04-08 09:45:00,225.79,4.8060,1085.13,2643.63,0.271281,49.97,0.953
2025-04-08 10:00:00,225.34,5.1691,1164.82,2080.94,0.291205,49.93,0.853
2025-04-08 10:15:00,220.20,5.0798,1118.57,2170.16,0.279642,50.01,0.856
2025-04-08 10:30:00,218.83,6.6815,1462.09,2558.53,0.365523,49.96,0.902
2025-04-08 10:45:00,226.09,5.0494,1141.64,2119.19,0.285410,49.99,0.946
2025-04-08 11:00:00,223.69,6.2744,1403.53,2570.72,0.350882,50.13,0.943
2025-04-08 11:15:00,223.31,6.1813,1380.33,2984.05,0.345082,50.11,0.834
2025-04-08 11:30:00,222.10,5.7197,1270.34,2668.76,0.317586,50.18,0.860
2025-04-08 11:45:00,223.44,5.2778,1179.28,1820.50,0.294821,49.82,0.840
2025-04-08 12:00:00,217.93,5.5805,1216.18,1915.24,0.304044,50.07,0.921
2025-04-08 12:15:00,225.04,6.1259,1378.57,2703.30,0.344643,50.18,0.873
2025-04-08 12:30:00,219.52,6.9793,1532.06,3251.62,0.383015,49.94,0.937
2025-04-08 12:45:00,219.69,7.2675,1596.60,2747.59,0.399150,49.89,0.877
2025-04-08 13:00:00,220.72,6.4548,1424.68,2401.57,0.356169,50.15,0.929
2025-04-08 13:15:00,222.84,6.5779,1465.80,3069.75,0.366449,49.85,0.926
2025-04-08 13:30:00,220.47,6.6371,1463.27,2476.16,0.365819,50.07,0.967
2025-04-08 13:45:00,226.70,7.9052,1792.07,3935.92,0.448017,49.91,0.895
2025-04-08 14:00:00,226.17,4.9473,1118.93,2133.61,0.279732,49.91,0.859
2025-04-08 14:15:00,219.08,6.4907,1421.99,2926.27,0.355497,49.86,0.821
2025-04-08 14:30:00,221.27,6.3528,1405.69,2806.68,0.351423,50.13,0.864
2025-04-08 14:45:00,225.22,4.8312,1088.10,2029.34,0.272026,50.08,0.893
2025-04-08 15:00:00,218.60,5.2321,1143.77,1949.63,0.285942,49.81,0.921
2025-04-08 15:15:00,222.61,4.5463,1012.04,1450.34,0.253010,50.03,0.853
2025-04-08 15:30:00,222.69,4.8876,1088.40,2196.31,0.272099,49.91,0.944
2025-04-08 15:45:00,218.71,5.1849,1133.98,1951.19,0.283495,50.19,0.953
2025-04-08 16:00:00,219.35,3.1847,698.58,1500.35,0.174644,49.81,0.934
2025-04-08 16:15:00,220.75,3.1980,705.96,1108.92,0.176491,49.98,0.888
2025-04-08 16:30:00,226.54,4.6252,1047.80,1632.15,0.261951,49.83,0.846
2025-04-08 16:45:00,225.90,2.6602,600.93,875.98,0.150233,49.89,0.971
2025-04-08 17:00:00,220.46,1.9493,429.73,800.99,0.107433,49.96,0.828
2025-04-08 17:15:00,221.43,1.9398,429.52,908.58,0.107379,49.83,0.872
2025-04-08 17:30:00,222.01,2.0209,448.67,865.94,0.112169,50.13,0.890
2025-04-08 17:45:00,218.92,1.8130,396.90,753.28,0.099224,50.14,0.958
2025-04-08 18:00:00,225.14,1.4983,337.34,697.61,0.084334,50.03,0.940
2025-04-08 18:15:00,218.26,1.7915,391.02,586.98,0.097754,49.92,0.901
2025-04-08 18:30:00,223.90,1.7158,384.18,612.54,0.096045,50.09,0.936
2025-04-08 18:45:00,226.40,1.6752,379.26,569.83,0.094814,50.09,0.950
2025-04-08 19:00:00,226.73,1.3756,311.90,522.59,0.077974,50.17,0.914
2025-04-08 19:15:00,224.66,1.7703,397.73,811.63,0.099431,49.88,0.944
2025-04-08 19:30:00,222.69,1.6902,376.39,803.89,0.094097,49.80,0.858
2025-04-08 19:45:00,224.77,1.4345,322.43,709.14,0.080608,49.83,0.939
2025-04-08 20:00:00,218.94,1.5571,340.92,507.47,0.085231,49.90,0.883
2025-04-08 20:15:00,219.21,1.7493,383.46,606.58,0.095864,49.89,0.859
2025-04-08 20:30:00,219.45,1.4334,314.56,621.85,0.078641,49.94,0.900
2025-04-08 20:45:00,222.55,1.7860,397.46,781.18,0.099366,49.93,0.967
2025-04-08 21:00:00,227.24,1.4918,338.99,546.59,0.084747,49.92,0.943
2025-04-08 21:15:00,225.23,1.4859,334.68,509.04,0.083670,49.92,0.951
2025-04-08 21:30:00,219.12,1.8825,412.48,742.09,0.103121,49.94,0.939
2025-04-08 21:45:00,219.59,1.6287,357.65,532.09,0.089414,50.06,0.937
2025-04-08 22:00:00,219.30,3.1070,681.36,1505.59,0.170339,49.91,0.978
2025-04-08 22:15:00,221.81,1.9160,424.98,652.94,0.106244,49.99,0.968
2025-04-08 22:30:00,218.96,1.8636,408.07,867.10,0.102017,49.87,0.835
2025-04-08 22:45:00,225.59,2.0900,471.47,1017.11,0.117868,50.10,0.944
2025-04-08 23:00:00,225.45,4.6527,1048.92,2157.26,0.262231,49.94,0.877
2025-04-08 23:15:00,222.13,4.4409,986.45,2064.20,0.246613,49.90,0.870
2025-04-08 23:30:00,225.87,4.9686,1122.28,2440.54,0.280570,50.03,0.903
2025-04-08 23:45:00,220.39,4.5850,1010.48,1967.90,0.252621,50.16,0.849
2025-04-09 00:00:00,218.49,5.4140,1182.89,1969.23,0.295723,49.87,0.973
2025-04-09 00:15:00,224.60,5.7244,1285.69,2584.56,0.321422,49.98,0.853
2025-04-09 00:30:00,224.22,6.0482,1356.15,2094.72,0.339037,49.82,0.898
2025-04-09 00:45:00,226.46,4.5971,1041.05,2118.40,0.260261,49.90,0.951
2025-04-09 01:00:00,224.31,3.9843,893.74,1449.57,0.223436,50.07,0.937
2025-04-09 01:15:00,221.28,4.1096,909.34,1315.86,0.227336,49.90,0.960
2025-04-09 01:30:00,217.92,4.5781,997.65,1640.65,0.249412,50.18,0.968
2025-04-09 01:45:00,223.05,3.8213,852.36,1500.26,0.213089,50.17,0.955
2025-04-09 02:00:00,218.53,2.5253,551.85,1175.05,0.137963,49.82,0.872
2025-04-09 02:15:00,224.49,2.9769,668.27,1329.06,0.167069,50.09,0.900
2025-04-09 02:30:00,222.30,4.3865,975.13,2599.70,0.243782,50.02,0.950
2025-04-09 02:45:00,225.61,2.4924,562.31,831.73,0.140578,49.93,0.945
2025-04-09 03:00:00,227.24,2.0308,461.48,812.36,0.115371,49.88,0.965
2025-04-09 03:15:00,220.40,2.5365,559.04,989.41,0.139761,49.94,0.945
2025-04-09 03:30:00,223.94,2.5019,560.28,1177.34,0.140070,50.04,0.821
2025-04-09 03:45:00,225.04,2.2652,509.74,1041.29,0.127436,50.18,0.877
2025-04-09 04:00:00,220.97,2.6363,582.55,1274.52,0.145637,49.88,0.973
2025-04-09 04:15:00,220.22,2.8493,627.50,1073.66,0.156874,49.82,0.837
2025-04-09 04:30:00,221.18,2.6859,594.06,1111.86,0.148515,50.12,0.974
2025-04-09 04:45:00,221.68,2.8990,642.65,1058.24,0.160663,50.04,0.821
2025-04-09 05:00:00,221.51,3.4213,757.85,1665.08,0.189463,50.11,0.904
2025-04-09 05:15:00,218.26,2.8850,629.70,1003.85,0.157425,49.85,0.931
2025-04-09 05:30:00,226.61,3.4346,778.33,1341.95,0.194582,50.06,0.821
2025-04-09 05:45:00,227.88,2.7036,616.11,1355.35,0.154027,50.05,0.858
2025-04-09 06:00:00,220.50,4.5026,992.80,1565.49,0.248200,49.93,0.929
2025-04-09 06:15:00,227.66,2.8385,646.22,1107.25,0.161555,50.02,0.854
2025-04-09 06:30:00,220.88,3.0206,667.20,1336.27,0.166800,49.83,0.915
2025-04-09 06:45:00,220.45,3.2087,707.34,1428.98,0.176835,50.00,0.963
2025-04-09 07:00:00,222.97,2.6705,595.43,1187.60,0.148859,50.07,0.858
2025-04-09 07:15:00,222.44,2.7102,602.86,968.90,0.150715,49.99,0.876
2025-04-09 07:30:00,219.46,2.3261,510.48,890.31,0.127620,49.99,0.828
2025-04-09 07:45:00,227.80,2.5019,569.91,1080.09,0.142478,50.05,0.910
2025-04-09 08:00:00,223.18,2.9040,648.13,970.28,0.162033,50.15,0.923
2025-04-09 08:15:00,224.60,2.8594,642.23,1005.13,0.160556,50.08,0.969
2025-04-09 08:30:00,217.80,3.0069,654.90,1399.62,0.163724,49.93,0.949
2025-04-09 08:45:00,222.26,4.5967,1021.66,1387.47,0.255415,50.09,0.870
2025-04-09 09:00:00,222.42,3.7513,834.35,1767.87,0.208588,49.90,0.851
2025-04-09 09:15:00,217.59,3.5842,779.89,1146.37,0.194971,49.82,0.968
2025-04-09 09:30:00,221.08,3.5767,790.76,1301.80,0.197690,49.93,0.867
2025-04-09 09:45:00,223.91,3.0448,681.77,1122.19,0.170442,49.88,0.920
2025-04-09 10:00:00,218.27,5.5938,1220.94,2112.73,0.305236,50.00,0.875
2025-04-09 10:15:00,223.20,4.6128,1029.56,1983.42,0.257391,50.06,0.854
2025-04-09 10:30:00,227.98,4.7897,1091.95,1701.84,0.272987,50.16,0.870
2025-04-09 10:45:00,224.19,5.3938,1209.25,1747.52,0.302311,50.10,0.898
2025-04-09 11:00:00,226.64,5.0623,1147.34,1621.86,0.286835,49.89,0.904
2025-04-09 11:15:00,219.34,6.0100,1318.25,2399.59,0.329563,49.88,0.870
2025-04-09 11:30:00,219.39,6.0918,1336.51,1962.40,0.334126,49.93,0.879
2025-04-09 11:45:00,219.00,5.6958,1247.37,2415.74,0.311844,49.94,0.830
2025-04-09 12:00:00,224.98,9.7316,2189.45,4206.75,0.547362,49.94,0.829
2025-04-09 12:15:00,223.16,5.8869,1313.71,2707.47,0.328428,49.81,0.960
2025-04-09 12:30:00,224.33,5.5398,1242.75,2561.47,0.310688,49.81,0.872
2025-04-09 12:45:00,219.39,5.7032,1251.23,2739.81,0.312808,50.13,0.903
2025-04-09 13:00:00,219.22,5.5484,1216.33,2422.85,0.304081,49.96,0.852
2025-04-09 13:15:00,220.71,6.7294,1485.26,2189.70,0.371316,49.98,0.841
2025-04-09 13:30:00,225.72,5.2136,1176.79,1839.31,0.294199,49.95,0.931
2025-04-09 13:45:00,223.19,5.3888,1202.72,2013.29,0.300679,49.98,0.947
2025-04-09 14:00:00,222.05,5.1463,1142.75,2198.13,0.285688,49.90,0.846
2025-04-09 14:15:00,225.68,5.1383,1159.63,2060.27,0.289908,49.97,0.977
2025-04-09 14:30:00,227.80,5.2747,1201.56,1698.78,0.300390,49.88,0.826
2025-04-09 14:45:00,220.51,5.8087,1280.87,2372.87,0.320218,50.12,0.864
2025-04-09 15:00:00,219.35,4.3252,948.74,1452.76,0.237185,50.20,0.882
2025-04-09 15:15:00,226.09,4.9813,1126.22,1920.30,0.281555,49.87,0.962
2025-04-09 15:30:00,217.75,5.2309,1139.00,2350.18,0.284751,49.92,0.916
2025-04-09 15:45:00,226.35,4.5038,1019.41,2148.26,0.254853,50.08,0.903
2025-04-09 16:00:00,225.59,2.4458,551.74,1144.50,0.137936,50.08,0.958
2025-04-09 16:15:00,220.04,2.5674,564.93,797.08,0.141232,49.83,0.854
2025-04-09 16:30:00,217.80,3.0581,666.07,1354.21,0.166518,50.18,0.864
2025-04-09 16:45:00,218.50,2.8613,625.18,1322.29,0.156296,49.86,0.869
2025-04-09 17:00:00,225.40,1.9897,448.47,794.02,0.112119,50.15,0.931
2025-04-09 17:15:00,221.75,1.6899,374.73,818.15,0.093683,49.89,0.912
2025-04-09 17:30:00,218.00,1.6480,359.26,701.37,0.089816,49.99,0.926
2025-04-09 17:45:00,226.66,1.6331,370.16,775.67,0.092539,50.04,0.848
2025-04-09 18:00:00,218.22,1.9658,428.97,753.61,0.107243,50.14,0.831
2025-04-09 18:15:00,218.41,1.8379,401.43,811.87,0.100358,50.17,0.826
2025-04-09 18:30:00,222.39,1.6712,371.66,610.83,0.092916,50.03,0.879
2025-04-09 18:45:00,225.24,1.8463,415.85,877.57,0.103963,49.93,0.939
2025-04-09 19:00:00,218.89,1.8575,406.59,772.78,0.101648,50.02,0.893
2025-04-09 19:15:00,224.79,1.3778,309.71,453.18,0.077427,49.95,0.838
2025-04-09 19:30:00,219.85,1.4005,307.90,449.27,0.076975,49.81,0.923
2025-04-09 19:45:00,218.52,1.6520,360.99,725.95,0.090248,50.08,0.965
2025-04-09 20:00:00,224.82,1.6348,367.53,610.35,0.091882,50.08,0.847
2025-04-09 20:15:00,225.60,1.7455,393.79,806.78,0.098449,49.91,0.911
2025-04-09 20:30:00,221.11,2.3976,530.14,731.20,0.132536,49.81,0.948
2025-04-09 20:45:00,225.45,1.5538,350.31,664.79,0.087578,49.94,0.940
2025-04-09 21:00:00,219.66,1.5885,348.93,640.61,0.087233,50.16,0.831
2025-04-09 21:15:00,218.21,1.6478,359.57,741.89,0.089892,50.00,0.877
2025-04-09 21:30:00,221.01,2.6497,585.61,1310.03,0.146403,50.03,0.977
2025-04-09 21:45:00,224.54,1.4393,323.17,551.89,0.080793,50.06,0.977
2025-04-09 22:00:00,226.11,1.8375,415.48,727.33,0.103871,50.06,0.897
2025-04-09 22:15:00,223.02,3.1439,701.14,1587.09,0.175285,49.91,0.881
2025-04-09 22:30:00,226.70,1.9351,438.68,663.90,0.109670,49.86,0.896
2025-04-09 22:45:00,219.04,2.1156,463.41,821.82,0.115852,49.98,0.833
2025-04-09 23:00:00,226.95,4.5162,1024.96,1809.71,0.256241,50.07,0.915
2025-04-09 23:15:00,219.43,3.9257,861.42,1514.41,0.215355,50.13,0.880
2025-04-09 23:30:00,221.89,4.2857,950.95,1779.33,0.237737,50.07,0.932
2025-04-09 23:45:00,218.99,4.9260,1078.73,1880.26,0.269683,49.84,0.900
2025-04-10 00:00:00,223.53,4.9935,1116.18,1663.87,0.279045,49.91,0.870
2025-04-10 00:15:00,224.20,5.3441,1198.15,1712.93,0.299537,49.93,0.855
2025-04-10 00:30:00,225.68,5.7861,1305.79,2506.45,0.326447,49.82,0.971
2025-04-10 00:45:00,227.56,4.6484,1057.81,1823.54,0.264452,49.92,0.868
2025-04-10 01:00:00,221.57,3.9590,877.21,1812.58,0.219301,50.16,0.879
2025-04-10 01:15:00,219.58,4.3414,953.30,1498.87,0.238324,49.87,0.977
2025-04-10 01:30:00,219.41,4.8827,1071.34,2108.26,0.267834,50.06,0.874
2025-04-10 01:45:00,219.94,4.0654,894.16,1790.03,0.223540,49.83,0.942
2025-04-10 02:00:00,223.74,3.8441,860.08,1950.13,0.215019,50.11,0.830
2025-04-10 02:15:00,223.97,2.4311,544.51,1195.93,0.136126,50.11,0.851
2025-04-10 02:30:00,218.22,2.9808,650.48,1014.22,0.162619,50.18,0.916
2025-04-10 02:45:00,223.45,2.8174,629.54,1285.10,0.157384,49.85,0.945
2025-04-10 03:00:00,222.87,2.1519,479.60,900.10,0.119899,49.95,0.970
2025-04-10 03:15:00,218.33,2.6043,568.59,1113.73,0.142148,49.92,0.979
2025-04-10 03:30:00,218.41,2.2026,481.07,808.77,0.120269,49.89,0.889
2025-04-10 03:45:00,226.31,2.6016,588.78,861.38,0.147194,50.17,0.883
2025-04-10 04:00:00,224.06,2.5784,577.71,1177.31,0.144428,50.13,0.970
2025-04-10 04:15:00,225.77,2.2854,515.99,739.89,0.128997,49.92,0.937
2025-04-10 04:30:00,223.03,2.5312,564.52,806.32,0.141129,50.19,0.972
2025-04-10 04:45:00,222.91,2.4971,556.63,885.26,0.139157,50.18,0.953
2025-04-10 05:00:00,223.34,3.1674,707.40,1042.64,0.176851,50.02,0.936
2025-04-10 05:15:00,221.58,3.4050,754.48,1159.58,0.188621,49.86,0.947
2025-04-10 05:30:00,217.58,3.7410,813.99,1629.19,0.203497,49.88,0.871
2025-04-10 05:45:00,217.52,3.7128,807.61,1268.02,0.201902,49.88,0.888
2025-04-10 06:00:00,223.91,4.8087,1076.73,1629.39,0.269182,50.13,0.947
2025-04-10 06:15:00,219.99,2.8889,635.52,1310.25,0.158880,50.09,0.924
2025-04-10 06:30:00,224.28,3.0332,680.29,1346.40,0.170072,50.13,0.901
2025-04-10 06:45:00,221.68,2.9690,658.16,1006.77,0.164540,49.88,0.843
2025-04-10 07:00:00,227.78,2.4295,553.41,933.71,0.138353,50.13,0.842
2025-04-10 07:15:00,222.19,2.5444,565.33,1126.29,0.141333,49.82,0.883
2025-04-10 07:30:00,225.97,2.2744,513.94,860.76,0.128485,50.09,0.950
2025-04-10 07:45:00,224.91,2.2357,502.83,950.27,0.125706,49.94,0.867
2025-04-10 08:00:00,217.80,2.8433,619.25,1129.27,0.154814,50.12,0.941
2025-04-10 08:15:00,224.31,2.7519,617.28,941.31,0.154320,50.11,0.871
2025-04-10 08:30:00,223.86,2.5532,571.55,1133.75,0.142887,49.84,0.893
2025-04-10 08:45:00,219.15,4.7819,1047.98,1988.05,0.261995,50.13,0.828
2025-04-10 09:00:00,218.53,3.2546,711.22,1454.41,0.177805,49.89,0.901
2025-04-10 09:15:00,227.08,3.2755,743.81,1170.31,0.185953,49.93,0.895
2025-04-10 09:30:00,224.21,3.3175,743.81,1166.26,0.185953,50.19,0.910
2025-04-10 09:45:00,219.30,3.5384,775.98,1455.10,0.193995,49.98,0.884
2025-04-10 10:00:00,227.01,4.3164,979.86,1821.07,0.244965,49.93,0.974
2025-04-10 10:15:00,224.17,4.9587,1111.61,2263.46,0.277903,49.98,0.853
2025-04-10 10:30:00,222.70,5.3748,1196.98,2557.41,0.299246,50.11,0.833
2025-04-10 10:45:00,227.63,6.0621,1379.94,3068.49,0.344984,50.07,0.895
2025-04-10 11:00:00,217.98,5.6494,1231.46,2172.69,0.307866,49.99,0.858
2025-04-10 11:15:00,226.14,4.6972,1062.24,2335.63,0.265561,50.13,0.859
2025-04-10 11:30:00,224.91,4.7741,1073.72,2339.73,0.268431,49.90,0.928
2025-04-10 11:45:00,226.66,5.7603,1305.63,2470.54,0.326408,50.09,0.900
2025-04-10 12:00:00,224.03,7.1421,1600.04,2970.25,0.400010,49.81,0.874
2025-04-10 12:15:00,221.33,5.6110,1241.91,2729.38,0.310479,50.01,0.866
2025-04-10 12:30:00,219.32,6.2977,1381.22,2503.59,0.345305,49.82,0.844
2025-04-10 12:45:00,223.67,5.8598,1310.67,1836.18,0.327668,50.03,0.952
2025-04-10 13:00:00,218.85,6.2528,1368.41,2427.51,0.342101,50.11,0.889
2025-04-10 13:15:00,226.49,5.2468,1188.34,2464.14,0.297084,49.82,0.892
2025-04-10 13:30:00,220.69,6.3942,1411.13,2604.36,0.352783,50.16,0.932
2025-04-10 13:45:00,221.32,5.8464,1293.91,2239.00,0.323477,49.84,0.879
2025-04-10 14:00:00,219.24,5.1501,1129.11,1951.22,0.282277,50.20,0.935
2025-04-10 14:15:00,226.67,5.3659,1216.28,1705.80,0.304071,50.02,0.892
2025-04-10 14:30:00,222.57,5.3101,1181.85,2446.19,0.295463,50.00,0.864
2025-04-10 14:45:00,222.59,5.5079,1225.98,1979.44,0.306496,49.81,0.940
2025-04-10 15:00:00,221.55,3.8902,861.88,1328.10,0.215470,49.93,0.897
2025-04-10 15:15:00,227.54,3.7502,853.31,1581.98,0.213327,50.08,0.921
2025-04-10 15:30:00,222.29,4.1205,915.96,1665.81,0.228990,49.99,0.903
2025-04-10 15:45:00,220.95,4.4858,991.14,1405.15,0.247784,50.10,0.900
2025-04-10 16:00:00,224.73,2.6511,595.79,994.50,0.148947,49.96,0.831
2025-04-10 16:15:00,226.12,2.4645,557.27,1185.40,0.139318,49.97,0.920
2025-04-10 16:30:00,222.14,2.6484,588.32,891.69,0.147081,50.12,0.975
2025-04-10 16:45:00,220.02,2.9746,654.48,1044.15,0.163621,50.10,0.916
2025-04-10 17:00:00,225.29,1.6924,381.30,639.73,0.095324,50.00,0.936
2025-04-10 17:15:00,220.51,2.9757,656.16,1414.64,0.164041,50.17,0.875
2025-04-10 17:30:00,217.51,2.0524,446.40,818.80,0.111600,50.11,0.821
2025-04-10 17:45:00,221.46,1.9997,442.85,696.45,0.110713,50.17,0.893
2025-04-10 18:00:00,219.44,1.9162,420.49,858.33,0.105121,49.90,0.830
2025-04-10 18:15:00,227.57,1.7438,396.82,759.67,0.099205,49.85,0.888
2025-04-10 18:30:00,223.92,1.6227,363.36,649.42,0.090840,49.95,0.914
2025-04-10 18:45:00,224.07,1.8099,405.56,697.71,0.101390,50.07,0.885
2025-04-10 19:00:00,218.86,1.4475,316.79,659.82,0.079198,50.05,0.893
2025-04-10 19:15:00,218.08,1.6735,364.97,584.13,0.091242,49.87,0.940
2025-04-10 19:30:00,217.61,1.4155,308.01,593.04,0.077003,49.89,0.896
2025-04-10 19:45:00,218.81,1.7035,372.74,641.17,0.093185,50.11,0.979
2025-04-10 20:00:00,222.03,1.7550,389.65,565.54,0.097412,50.05,0.874
2025-04-10 20:15:00,227.43,1.5751,358.22,519.25,0.089555,50.00,0.964
2025-04-10 20:30:00,217.74,1.4544,316.68,563.69,0.079171,49.88,0.934
2025-04-10 20:45:00,221.87,1.6470,365.41,629.76,0.091353,50.09,0.881
2025-04-10 21:00:00,219.68,1.9118,419.99,770.92,0.104997,50.13,0.897
2025-04-10 21:15:00,219.12,1.7947,393.26,668.03,0.098315,49.94,0.931
2025-04-10 21:30:00,220.78,1.6339,360.72,518.33,0.090179,49.81,0.902
2025-04-10 21:45:00,227.14,1.7660,401.13,600.35,0.100283,50.03,0.862
2025-04-10 22:00:00,224.86,1.8356,412.76,718.25,0.103190,50.14,0.911
2025-04-10 22:15:00,226.72,2.1276,482.36,684.13,0.120589,49.97,0.976
2025-04-10 22:30:00,221.71,2.0481,454.09,691.42,0.113523,50.04,0.858
2025-04-10 22:45:00,226.26,3.1628,715.60,1535.73,0.178899,50.09,0.859
2025-04-10 23:00:00,227.82,4.5970,1047.27,2271.22,0.261818,50.07,0.867
2025-04-10 23:15:00,220.29,4.3430,956.72,1959.00,0.239179,50.19,0.908
2025-04-10 23:30:00,224.18,4.4911,1006.81,1829.56,0.251702,50.12,0.887
2025-04-10 23:45:00,224.41,6.4232,1441.40,2890.37,0.360350,49.85,0.875
2025-04-11 00:00:00,224.14,4.6869,1050.52,1478.99,0.262631,50.13,0.865
2025-04-11 00:15:00,223.45,5.3525,1196.05,1836.66,0.299012,50.18,0.862
2025-04-11 00:30:00,225.95,5.7910,1308.50,2280.03,0.327126,50.11,0.979
2025-04-11 00:45:00,222.05,4.9223,1093.02,2227.08,0.273256,49.98,0.951
2025-04-11 01:00:00,219.35,4.8958,1073.89,1775.04,0.268473,50.01,0.932
2025-04-11 01:15:00,217.86,3.8484,838.41,1604.93,0.209603,50.00,0.826
2025-04-11 01:30:00,218.27,4.4891,979.85,1530.58,0.244963,49.83,0.864
2025-04-11 01:45:00,225.88,4.3655,986.08,1495.85,0.246519,50.07,0.836
2025-04-11 02:00:00,218.51,2.5713,561.85,1119.43,0.140462,50.17,0.874
2025-04-11 02:15:00,222.87,2.8325,631.29,907.21,0.157822,50.12,0.880
2025-04-11 02:30:00,227.97,2.2208,506.26,955.37,0.126566,50.11,0.917
2025-04-11 02:45:00,218.17,2.6415,576.28,1137.78,0.144070,50.05,0.912
2025-04-11 03:00:00,225.38,2.0922,471.55,812.19,0.117888,50.19,0.882
2025-04-11 03:15:00,226.25,2.4044,543.99,769.99,0.135999,49.87,0.979
2025-04-11 03:30:00,223.20,2.2698,506.62,1063.33,0.126654,50.04,0.888
2025-04-11 03:45:00,223.62,2.0327,454.55,686.38,0.113638,49.96,0.829
2025-04-11 04:00:00,224.37,2.3391,524.82,787.00,0.131205,50.05,0.877
2025-04-11 04:15:00,227.65,2.7527,626.64,960.03,0.156661,49.82,0.934
2025-04-11 04:30:00,222.71,2.3811,530.30,1008.19,0.132574,49.95,0.903
2025-04-11 04:45:00,217.62,2.3063,501.90,860.05,0.125474,50.14,0.873
2025-04-11 05:00:00,220.17,3.1464,692.73,1058.15,0.173183,50.14,0.943
2025-04-11 05:15:00,219.40,2.8172,618.10,1136.83,0.154525,50.14,0.847
2025-04-11 05:30:00,226.92,3.2713,742.31,1062.42,0.185579,50.07,0.928
2025-04-11 05:45:00,226.79,3.5367,802.09,1433.71,0.200523,50.13,0.908
2025-04-11 06:00:00,222.99,2.6439,589.58,938.84,0.147395,50.00,0.849
2025-04-11 06:15:00,221.21,4.9653,1098.35,1726.74,0.274587,50.01,0.864
2025-04-11 06:30:00,226.95,5.2224,1185.24,2055.81,0.296310,49.84,0.901
2025-04-11 06:45:00,227.33,2.4301,552.45,955.67,0.138111,50.08,0.878
2025-04-11 07:00:00,220.45,2.3756,523.71,940.61,0.130927,49.98,0.925
2025-04-11 07:15:00,220.21,2.5497,561.46,1210.88,0.140364,50.00,0.942
2025-04-11 07:30:00,226.82,2.5219,572.02,827.96,0.143005,50.03,0.845
2025-04-11 07:45:00,220.87,2.2896,505.70,766.94,0.126424,50.04,0.952
2025-04-11 08:00:00,227.25,2.5872,587.96,1116.64,0.146990,49.89,0.960
2025-04-11 08:15:00,225.26,2.4161,544.26,965.58,0.136064,49.85,0.958
2025-04-11 08:30:00,223.60,3.9514,883.54,2114.04,0.220885,50.12,0.874
2025-04-11 08:45:00,218.97,2.5288,553.73,1198.86,0.138431,50.05,0.887
2025-04-11 09:00:00,223.94,3.5996,806.11,1191.76,0.201528,50.04,0.860
2025-04-11 09:15:00,220.04,3.7083,816.00,1596.59,0.203999,49.90,0.869
2025-04-11 09:30:00,226.47,3.5799,810.74,1615.03,0.202684,49.83,0.906
2025-04-11 09:45:00,223.21,3.0222,674.58,1046.01,0.168645,49.82,0.970
2025-04-11 10:00:00,219.03,4.6095,1009.62,1472.49,0.252405,49.92,0.855
2025-04-11 10:15:00,219.41,5.5620,1220.39,1733.11,0.305098,49.99,0.959
2025-04-11 10:30:00,222.62,4.2373,943.28,1924.06,0.235820,49.96,0.936
2025-04-11 10:45:00,227.53,5.3329,1213.43,2429.03,0.303357,50.10,0.824
2025-04-11 11:00:00,224.05,6.2803,1407.09,2703.97,0.351774,50.07,0.896
2025-04-11 11:15:00,226.79,5.6783,1287.76,2381.91,0.321940,50.02,0.860
2025-04-11 11:30:00,226.89,5.1724,1173.56,1704.20,0.293391,49.99,0.903
2025-04-11 11:45:00,222.03,4.8867,1084.98,2121.63,0.271244,49.96,0.854
2025-04-11 12:00:00,222.15,6.3527,1411.27,2350.01,0.352818,49.95,0.935
2025-04-11 12:15:00,221.60,9.4610,2096.56,3579.06,0.524140,49.92,0.855
2025-04-11 12:30:00,220.24,7.3042,1608.65,2447.94,0.402162,49.96,0.917
2025-04-11 12:45:00,226.88,5.4907,1245.76,2185.40,0.311439,49.81,0.869
2025-04-11 13:00:00,222.02,5.9971,1331.51,2834.75,0.332877,50.15,0.908
2025-04-11 13:15:00,220.71,6.8194,1505.14,2816.51,0.376284,50.00,0.893
2025-04-11 13:30:00,219.14,11.9442,2617.44,3305.14,0.654361,49.82,0.976
2025-04-11 13:45:00,220.34,6.2752,1382.67,2878.79,0.345667,49.93,0.857
2025-04-11 14:00:00,226.37,5.4226,1227.54,2648.39,0.306885,50.08,0.951
2025-04-11 14:15:00,221.84,4.8322,1071.98,1961.26,0.267994,49.91,0.917
2025-04-11 14:30:00,227.73,5.5537,1264.71,2384.45,0.316178,49.93,0.888
2025-04-11 14:45:00,218.14,6.3166,1377.87,2032.34,0.344468,50.10,0.947
2025-04-11 15:00:00,220.26,4.8305,1063.95,1715.35,0.265987,49.94,0.910
2025-04-11 15:15:00,228.00,4.6229,1054.00,2206.45,0.263501,49.84,0.904
2025-04-11 15:30:00,225.84,3.7907,856.07,1477.19,0.214017,49.99,0.871
2025-04-11 15:45:00,218.24,4.9576,1081.95,2358.11,0.270488,50.19,0.945
2025-04-11 16:00:00,222.31,3.0425,676.39,1334.07,0.169098,49.95,0.943
2025-04-11 16:15:00,227.47,3.0274,688.63,1167.89,0.172158,49.85,0.889
2025-04-11 16:30:00,227.48,2.6267,597.50,1007.56,0.149376,49.82,0.956
2025-04-11 16:45:00,222.86,2.9333,653.72,1258.83,0.163429,49.90,0.837
2025-04-11 17:00:00,224.56,2.1267,477.58,829.67,0.119396,50.02,0.859
2025-04-11 17:15:00,220.04,1.9202,422.52,851.58,0.105630,49.86,0.840
2025-04-11 17:30:00,219.28,1.7834,391.05,778.52,0.097763,50.17,0.854
2025-04-11 17:45:00,224.01,3.0822,690.45,1725.95,0.172612,50.06,0.913
2025-04-11 18:00:00,224.18,1.8772,420.83,901.27,0.105207,50.18,0.837
2025-04-11 18:15:00,227.70,2.4574,559.56,1111.79,0.139889,50.13,0.928
2025-04-11 18:30:00,217.51,1.9830,431.32,861.58,0.107831,49.87,0.942
2025-04-11 18:45:00,223.42,1.8394,410.96,795.20,0.102740,50.15,0.906
2025-04-11 19:00:00,225.07,1.8041,406.04,653.24,0.101511,50.04,0.836
2025-04-11 19:15:00,221.41,1.9689,435.94,947.87,0.108985,49.87,0.919
2025-04-11 19:30:00,222.22,1.4707,326.81,700.57,0.081704,50.00,0.928
2025-04-11 19:45:00,225.91,1.5067,340.38,735.56,0.085095,50.11,0.972
2025-04-11 20:00:00,223.30,1.6965,378.83,749.28,0.094708,50.12,0.955
2025-04-11 20:15:00,224.94,1.5758,354.45,734.92,0.088613,49.98,0.948
2025-04-11 20:30:00,221.35,1.7049,377.38,568.70,0.094346,50.05,0.882
2025-04-11 20:45:00,222.93,1.7338,386.52,753.90,0.096630,50.02,0.956
2025-04-11 21:00:00,225.93,3.0756,694.85,1303.39,0.173713,49.84,0.944
2025-04-11 21:15:00,219.89,3.4846,766.25,1593.34,0.191562,50.08,0.924
2025-04-11 21:30:00,218.58,1.9101,417.51,699.42,0.104377,50.15,0.860
2025-04-11 21:45:00,221.95,1.8814,417.57,806.83,0.104392,50.05,0.907
2025-04-11 22:00:00,219.96,2.7185,597.96,1153.30,0.149490,50.11,0.911
2025-04-11 22:15:00,227.79,2.0261,461.53,975.40,0.115382,50.08,0.862
2025-04-11 22:30:00,219.66,3.8439,844.35,1750.60,0.211086,50.05,0.864
2025-04-11 22:45:00,223.66,2.7179,607.89,989.01,0.151973,50.09,0.955
2025-04-11 23:00:00,220.71,4.6123,1017.97,1715.29,0.254493,49.84,0.921
2025-04-11 23:15:00,226.86,5.9554,1351.02,2185.44,0.337755,50.00,0.899
2025-04-11 23:30:00,221.57,4.7327,1048.61,2276.70,0.262154,49.88,0.838
2025-04-11 23:45:00,221.53,5.0989,1129.57,1720.77,0.282394,49.96,0.917
2025-04-12 00:00:00,219.82,6.7679,1487.74,2667.80,0.371934,50.16,0.965
2025-04-12 00:15:00,226.81,7.0310,1594.73,2401.61,0.398682,49.93,0.969
2025-04-12 00:30:00,223.69,6.4988,1453.70,2724.65,0.363425,50.13,0.911
2025-04-12 00:45:00,219.74,7.1978,1581.62,3294.07,0.395406,49.94,0.965
2025-04-12 01:00:00,219.49,4.4544,977.69,1381.19,0.244422,49.98,0.932
2025-04-12 01:15:00,223.02,4.7748,1064.87,1981.06,0.266217,49.90,0.889
2025-04-12 01:30:00,219.19,4.5942,1006.98,1747.02,0.251744,49.90,0.925
2025-04-12 01:45:00,220.40,4.4975,991.25,1615.04,0.247813,49.86,0.849
2025-04-12 02:00:00,227.61,2.9940,681.48,1211.42,0.170370,50.04,0.916
2025-04-12 02:15:00,223.68,2.8139,629.42,1010.28,0.157354,49.95,0.935
2025-04-12 02:30:00,223.82,3.1731,710.20,1481.55,0.177550,49.86,0.828
2025-04-12 02:45:00,219.47,3.2235,707.47,1418.93,0.176867,50.20,0.949
2025-04-12 03:00:00,221.94,3.0529,677.56,959.74,0.169389,49.94,0.937
2025-04-12 03:15:00,220.14,3.0612,673.88,1449.24,0.168471,50.08,0.934
2025-04-12 03:30:00,227.67,2.7069,616.29,1250.74,0.154072,49.95,0.886
2025-04-12 03:45:00,225.55,2.7622,623.01,916.44,0.155754,50.18,0.899
2025-04-12 04:00:00,224.15,2.7587,618.37,966.54,0.154592,50.02,0.977
2025-04-12 04:15:00,220.47,3.0788,678.79,1369.02,0.169697,50.05,0.896
2025-04-12 04:30:00,218.43,3.5659,778.89,1223.84,0.194723,50.12,0.822
2025-04-12 04:45:00,218.99,3.4641,758.61,1403.10,0.189653,49.95,0.886
2025-04-12 05:00:00,225.10,3.6274,816.51,1157.32,0.204127,49.94,0.905
2025-04-12 05:15:00,223.40,3.8353,856.82,1462.63,0.214205,50.07,0.830
2025-04-12 05:30:00,223.68,3.3699,753.79,1212.19,0.188447,50.07,0.933
2025-04-12 05:45:00,219.37,3.8426,842.96,1626.22,0.210740,49.92,0.849
2025-04-12 06:00:00,223.42,3.2100,717.18,1188.25,0.179296,50.19,0.938
2025-04-12 06:15:00,226.97,2.9202,662.78,1345.94,0.165694,49.90,0.840
2025-04-12 06:30:00,225.29,3.5681,803.87,1417.36,0.200968,50.05,0.846
2025-04-12 06:45:00,219.63,3.1616,694.38,1326.01,0.173595,49.83,0.919
2025-04-12 07:00:00,220.33,2.5727,566.85,1018.47,0.141712,49.95,0.866
2025-04-12 07:15:00,219.45,2.6323,577.66,853.51,0.144415,49.98,0.874
2025-04-12 07:30:00,218.72,3.1712,693.59,1159.57,0.173397,50.19,0.899
2025-04-12 07:45:00,218.05,2.8553,622.59,1308.10,0.155648,50.15,0.878
2025-04-12 08:00:00,222.87,2.7685,616.99,1111.55,0.154248,49.84,0.929
2025-04-12 08:15:00,226.16,3.0966,700.33,1008.67,0.175082,50.14,0.927
2025-04-12 08:30:00,217.95,3.1777,692.56,1189.72,0.173140,49.85,0.832
2025-04-12 08:45:00,222.03,3.4465,765.21,1126.76,0.191302,49.95,0.860
2025-04-12 09:00:00,224.16,4.2265,947.39,1464.51,0.236849,49.82,0.826
2025-04-12 09:15:00,222.92,3.7678,839.90,1418.34,0.209976,50.00,0.889
2025-04-12 09:30:00,226.93,4.5280,1027.54,1663.80,0.256884,50.14,0.949
2025-04-12 09:45:00,223.60,4.3243,966.90,1595.56,0.241724,49.98,0.909
2025-04-12 10:00:00,223.77,6.3014,1410.08,2996.37,0.352521,49.99,0.850
2025-04-12 10:15:00,220.87,5.4485,1203.42,2518.46,0.300855,50.19,0.842
2025-04-12 10:30:00,219.53,6.6234,1454.02,2419.55,0.363506,50.09,0.916
2025-04-12 10:45:00,220.24,5.7522,1266.90,2490.89,0.316724,50.17,0.821
2025-04-12 11:00:00,225.07,7.3010,1643.26,2984.62,0.410815,50.12,0.837
2025-04-12 11:15:00,218.07,7.3308,1598.64,2871.29,0.399661,49.89,0.855
2025-04-12 11:30:00,222.52,6.8692,1528.51,2746.06,0.382128,50.13,0.853
2025-04-12 11:45:00,218.00,6.3070,1374.96,2140.13,0.343740,49.98,0.922
2025-04-12 12:00:00,224.09,10.8909,2440.53,6424.72,0.610133,49.82,0.828
2025-04-12 12:15:00,222.76,7.2692,1619.26,3542.05,0.404814,49.96,0.891
2025-04-12 12:30:00,221.12,7.5070,1659.93,2400.94,0.414982,50.01,0.962
2025-04-12 12:45:00,221.91,7.9536,1764.96,3793.80,0.441240,49.86,0.834
2025-04-12 13:00:00,222.92,7.1119,1585.36,3117.73,0.396341,50.16,0.947
2025-04-12 13:15:00,222.96,7.6338,1702.03,3535.68,0.425507,50.12,0.830
2025-04-12 13:30:00,219.38,8.3595,1833.88,3339.06,0.458470,49.86,0.873
2025-04-12 13:45:00,225.51,7.0577,1591.58,2567.16,0.397895,49.99,0.829
2025-04-12 14:00:00,225.91,5.6276,1271.34,1903.36,0.317834,50.08,0.957
2025-04-12 14:15:00,224.27,5.9229,1328.29,2041.38,0.332074,49.96,0.862
2025-04-12 14:30:00,218.14,6.5996,1439.65,2131.15,0.359913,49.90,0.913
2025-04-12 14:45:00,217.87,11.6530,2538.83,5277.85,0.634708,49.82,0.977
2025-04-12 15:00:00,222.31,5.5639,1236.89,2184.67,0.309222,50.11,0.967
2025-04-12 15:15:00,218.35,5.7501,1255.50,1769.45,0.313876,50.18,0.945
2025-04-12 15:30:00,218.06,5.7347,1250.50,2365.74,0.312626,50.19,0.822
2025-04-12 15:45:00,222.38,5.9885,1331.72,2205.83,0.332929,49.92,0.830
2025-04-12 16:00:00,222.10,5.6573,1256.48,2358.12,0.314119,50.01,0.864
2025-04-12 16:15:00,220.85,3.7955,838.26,1239.19,0.209564,49.84,0.839
2025-04-12 16:30:00,222.43,3.2157,715.29,1132.37,0.178822,50.05,0.823
2025-04-12 16:45:00,224.91,4.1905,942.50,2174.56,0.235625,50.18,0.907
2025-04-12 17:00:00,219.30,1.9098,418.81,827.17,0.104703,50.13,0.847
2025-04-12 17:15:00,219.85,2.2243,489.02,1071.63,0.122254,50.18,0.843
2025-04-12 17:30:00,226.45,1.7474,395.70,703.11,0.098925,49.80,0.868
2025-04-12 17:45:00,221.36,2.2187,491.12,696.07,0.122780,49.93,0.853
2025-04-12 18:00:00,226.72,1.7984,407.73,890.13,0.101933,49.90,0.896
2025-04-12 18:15:00,227.35,1.9663,447.05,692.96,0.111761,50.00,0.932
2025-04-12 18:30:00,219.44,2.8795,631.87,1217.04,0.157968,50.20,0.912
2025-04-12 18:45:00,226.83,2.0925,474.63,689.33,0.118657,49.88,0.907
2025-04-12 19:00:00,226.67,1.7059,386.68,608.40,0.096671,50.12,0.953
2025-04-12 19:15:00,225.73,1.5758,355.71,777.04,0.088928,49.88,0.926
2025-04-12 19:30:00,224.76,1.5701,352.90,776.35,0.088224,49.96,0.821
2025-04-12 19:45:00,227.08,1.5098,342.84,611.00,0.085710,50.06,0.830
2025-04-12 20:00:00,223.51,1.8757,419.22,801.13,0.104805,49.90,0.914
2025-04-12 20:15:00,219.80,1.8637,409.64,706.38,0.102410,50.00,0.947
2025-04-12 20:30:00,222.80,1.9499,434.44,678.12,0.108610,50.02,0.843
2025-04-12 20:45:00,218.08,1.9681,429.21,877.63,0.107303,50.12,0.980
2025-04-12 21:00:00,218.66,1.6901,369.56,529.80,0.092390,49.83,0.961
2025-04-12 21:15:00,222.66,2.0101,447.57,826.34,0.111893,50.11,0.962
2025-04-12 21:30:00,226.68,1.8229,413.23,725.04,0.103307,49.86,0.822
2025-04-12 21:45:00,222.14,1.6480,366.09,698.41,0.091522,49.88,0.896
2025-04-12 22:00:00,224.38,2.3454,526.25,901.60,0.131563,50.05,0.941
2025-04-12 22:15:00,220.92,2.4095,532.30,888.26,0.133076,49.86,0.869
2025-04-12 22:30:00,220.83,2.2726,501.85,1095.38,0.125463,49.83,0.878
2025-04-12 22:45:00,220.31,2.3511,517.97,767.09,0.129493,49.89,0.885
2025-04-12 23:00:00,222.94,9.1376,2037.11,3395.83,0.509278,49.97,0.943
2025-04-12 23:15:00,219.16,6.2530,1370.38,1974.90,0.342594,49.99,0.953
2025-04-12 23:30:00,227.57,5.4951,1250.51,2379.71,0.312627,49.86,0.880
2025-04-12 23:45:00,223.32,8.9702,2003.23,3460.32,0.500808,49.99,0.903
2025-04-13 00:00:00,226.94,6.2701,1422.93,2228.73,0.355732,49.82,0.947
2025-04-13 00:15:00,219.80,5.5628,1222.70,2323.17,0.305675,50.02,0.854
2025-04-13 00:30:00,221.16,9.3317,2063.79,4999.76,0.515949,50.18,0.861
2025-04-13 00:45:00,221.07,5.4808,1211.61,2295.96,0.302904,50.09,0.961
2025-04-13 01:00:00,222.29,4.3813,973.92,2139.71,0.243481,50.15,0.924
2025-04-13 01:15:00,224.15,8.5492,1916.34,3725.32,0.479084,49.95,0.869
2025-04-13 01:30:00,223.72,5.7375,1283.59,1964.07,0.320898,49.85,0.830
2025-04-13 01:45:00,224.70,4.8732,1095.03,2351.32,0.273759,49.94,0.829
2025-04-13 02:00:00,227.06,2.6504,601.82,1113.26,0.150454,49.93,0.887
2025-04-13 02:15:00,223.07,3.1085,693.43,1515.60,0.173357,50.05,0.851
2025-04-13 02:30:00,224.48,3.2013,718.61,1383.08,0.179653,49.91,0.977
2025-04-13 02:45:00,225.85,3.2793,740.63,1609.67,0.185157,49.80,0.923
2025-04-13 03:00:00,218.77,2.6449,578.63,1201.63,0.144657,49.99,0.910
2025-04-13 03:15:00,222.88,3.8889,866.78,1701.76,0.216694,50.20,0.909
2025-04-13 03:30:00,220.85,2.6831,592.58,1002.33,0.148145,50.06,0.829
2025-04-13 03:45:00,217.59,2.4129,525.02,774.76,0.131256,50.19,0.933
2025-04-13 04:00:00,221.60,3.1950,708.00,1350.10,0.177000,50.03,0.829
2025-04-13 04:15:00,225.78,2.9422,664.30,1403.45,0.166075,50.18,0.823
2025-04-13 04:30:00,219.78,3.3288,731.59,1474.43,0.182897,50.03,0.863
2025-04-13 04:45:00,223.37,3.3457,747.31,1481.54,0.186827,50.02,0.891
2025-04-13 05:00:00,222.86,4.2254,941.68,1590.55,0.235420,50.14,0.894
2025-04-13 05:15:00,217.83,3.3764,735.50,1181.06,0.183876,49.90,0.828
2025-04-13 05:30:00,218.64,3.7797,826.40,1466.45,0.206599,50.04,0.964
2025-04-13 05:45:00,220.98,6.7561,1492.97,2593.16,0.373243,50.20,0.822
2025-04-13 06:00:00,227.31,2.8434,646.31,1009.34,0.161579,49.83,0.915
2025-04-13 06:15:00,224.74,3.4386,772.80,1340.03,0.193201,50.16,0.852
2025-04-13 06:30:00,223.70,3.2355,723.78,1400.84,0.180946,50.11,0.933
2025-04-13 06:45:00,222.61,3.6698,816.94,1457.00,0.204236,49.87,0.920
2025-04-13 07:00:00,222.68,3.1154,693.74,1250.15,0.173435,49.92,0.906
2025-04-13 07:15:00,218.26,2.7207,593.81,956.99,0.148453,49.90,0.950
2025-04-13 07:30:00,225.33,3.0205,680.61,1256.53,0.170152,49.81,0.939
2025-04-13 07:45:00,223.26,2.7061,604.16,1253.17,0.151041,49.91,0.891
2025-04-13 08:00:00,224.19,2.8883,647.52,965.82,0.161880,50.01,0.834
2025-04-13 08:15:00,220.15,3.5211,775.16,1290.67,0.193789,50.14,0.901
2025-04-13 08:30:00,220.30,3.2887,724.50,1582.27,0.181124,50.19,0.862
2025-04-13 08:45:00,218.22,4.3282,944.50,2328.31,0.236124,50.17,0.839
2025-04-13 09:00:00,218.35,3.8796,847.11,1500.35,0.211777,50.20,0.888
2025-04-13 09:15:00,222.14,3.7602,835.29,1746.43,0.208823,50.09,0.830
2025-04-13 09:30:00,217.91,4.4978,980.13,1838.69,0.245031,49.91,0.854
2025-04-13 09:45:00,227.52,3.5061,797.69,1363.23,0.199423,50.13,0.903
2025-04-13 10:00:00,221.69,6.4322,1425.96,2144.17,0.356489,50.04,0.870
2025-04-13 10:15:00,223.74,4.8936,1094.87,2045.95,0.273718,49.95,0.825
2025-04-13 10:30:00,221.36,5.4462,1205.55,1755.96,0.301387,50.06,0.876
2025-04-13 10:45:00,219.52,5.9753,1311.69,2488.66,0.327922,50.06,0.908
2025-04-13 11:00:00,218.12,5.9404,1295.70,2443.77,0.323926,50.20,0.975
2025-04-13 11:15:00,227.78,5.9971,1365.98,2374.06,0.341495,49.89,0.855
2025-04-13 11:30:00,220.00,7.4964,1649.17,3103.09,0.412292,50.05,0.854
2025-04-13 11:45:00,224.09,5.9846,1341.08,2671.66,0.335270,49.80,0.959
2025-04-13 12:00:00,218.25,6.7085,1464.13,2948.30,0.366031,50.11,0.837
2025-04-13 12:15:00,219.13,6.9500,1522.97,3098.78,0.380742,50.09,0.961
2025-04-13 12:30:00,219.07,10.5717,2315.90,5741.25,0.578974,49.90,0.938
2025-04-13 12:45:00,222.79,8.1135,1807.57,2925.39,0.451893,50.14,0.942
2025-04-13 13:00:00,217.91,7.7832,1695.99,2551.22,0.423998,49.86,0.890
2025-04-13 13:15:00,225.77,7.0462,1590.81,2298.62,0.397703,50.05,0.902
2025-04-13 13:30:00,225.55,7.0937,1600.01,2384.35,0.400004,50.04,0.869
2025-04-13 13:45:00,224.13,7.9954,1792.00,2571.99,0.448000,50.04,0.937
2025-04-13 14:00:00,226.52,6.6525,1506.92,2243.87,0.376729,50.15,0.842
2025-04-13 14:15:00,224.85,6.9832,1570.14,2352.16,0.392534,50.00,0.972
2025-04-13 14:30:00,223.07,6.1370,1368.97,2986.24,0.342244,50.08,0.856
2025-04-13 14:45:00,219.35,7.4440,1632.82,3335.42,0.408204,50.18,0.949
2025-04-13 15:00:00,227.01,5.7874,1313.77,2239.53,0.328443,49.99,0.857
2025-04-13 15:15:00,218.52,9.9245,2168.73,4828.86,0.542182,49.92,0.856
2025-04-13 15:30:00,223.01,4.7565,1060.74,2027.68,0.265186,49.93,0.935
2025-04-13 15:45:00,222.30,4.9894,1109.16,1738.46,0.277291,50.04,0.967
2025-04-13 16:00:00,227.78,3.0811,701.82,1301.44,0.175456,50.14,0.835
2025-04-13 16:15:00,224.69,3.3165,745.16,1469.55,0.186291,50.00,0.833
2025-04-13 16:30:00,222.72,3.3247,740.46,1173.85,0.185114,50.13,0.969
2025-04-13 16:45:00,218.62,3.8127,833.54,1279.67,0.208385,49.88,0.862
2025-04-13 17:00:00,224.76,2.0488,460.49,789.21,0.115123,50.08,0.829
2025-04-13 17:15:00,223.78,2.0040,448.46,800.92,0.112115,50.16,0.956
2025-04-13 17:30:00,222.80,1.7087,380.69,806.14,0.095173,49.84,0.906
2025-04-13 17:45:00,218.50,1.6078,351.30,741.31,0.087825,50.02,0.857
2025-04-13 18:00:00,225.02,1.5185,341.71,615.11,0.085427,49.90,0.943
2025-04-13 18:15:00,225.18,1.4295,321.90,486.73,0.080475,50.15,0.949
2025-04-13 18:30:00,223.83,1.4431,323.00,582.29,0.080751,50.01,0.962
2025-04-13 18:45:00,227.40,1.6145,367.14,641.57,0.091784,50.08,0.903
2025-04-13 19:00:00,219.68,1.7939,394.07,653.12,0.098518,50.10,0.860
2025-04-13 19:15:00,219.14,1.5910,348.65,564.31,0.087162,49.94,0.969
2025-04-13 19:30:00,227.73,1.4556,331.48,553.13,0.082870,50.01,0.851
2025-04-13 19:45:00,227.19,1.4115,320.68,646.22,0.080170,49.87,0.828
2025-04-13 20:00:00,225.06,1.4071,316.68,605.63,0.079171,50.02,0.885
2025-04-13 20:15:00,223.81,1.7761,397.52,593.03,0.099380,50.19,0.886
2025-04-13 20:30:00,219.39,1.5749,345.50,634.91,0.086376,50.15,0.892
2025-04-13 20:45:00,227.50,1.6934,385.26,603.85,0.096316,50.01,0.845
2025-04-13 21:00:00,223.96,1.4703,329.28,711.45,0.082321,50.00,0.883
2025-04-13 21:15:00,220.17,1.9280,424.47,821.22,0.106118,50.04,0.822
2025-04-13 21:30:00,219.75,1.5100,331.82,709.16,0.082955,50.04,0.923
2025-04-13 21:45:00,225.84,1.4498,327.43,644.37,0.081859,49.85,0.914
2025-04-13 22:00:00,220.37,2.2039,485.66,729.44,0.121415,50.07,0.857
2025-04-13 22:15:00,226.54,1.7799,403.22,772.25,0.100805,50.04,0.854
2025-04-13 22:30:00,221.01,3.0086,664.94,1489.90,0.166235,49.90,0.973
2025-04-13 22:45:00,220.92,2.1083,465.77,864.10,0.116442,49.83,0.885
2025-04-13 23:00:00,225.39,4.9550,1116.82,1678.02,0.279205,49.86,0.853
2025-04-13 23:15:00,219.33,4.1080,901.02,1372.26,0.225255,50.18,0.856
2025-04-13 23:30:00,222.73,5.1311,1142.84,2506.64,0.285711,49.90,0.862
2025-04-13 23:45:00,219.60,4.6785,1027.40,1915.09,0.256849,49.94,0.930
2025-04-14 00:00:00,226.81,4.9322,1118.66,2018.81,0.279666,49.84,0.905
2025-04-14 00:15:00,223.05,5.8144,1296.90,2413.39,0.324224,50.17,0.841
2025-04-14 00:30:00,224.70,4.6304,1040.45,2148.51,0.260112,50.10,0.867
2025-04-14 00:45:00,220.86,5.1616,1139.99,2011.27,0.284998,49.98,0.841
2025-04-14 01:00:00,219.55,6.6534,1460.79,3320.99,0.365198,49.97,0.873
2025-04-14 01:15:00,226.57,4.0481,917.18,1989.79,0.229294,49.97,0.900
2025-04-14 01:30:00,223.78,4.1349,925.34,1679.01,0.231334,49.92,0.915
2025-04-14 01:45:00,218.41,3.7650,822.30,1369.05,0.205574,50.20,0.874
2025-04-14 02:00:00,220.98,2.3454,518.29,1092.47,0.129572,50.18,0.939
2025-04-14 02:15:00,225.49,2.5616,577.61,1096.67,0.144404,49.95,0.905
2025-04-14 02:30:00,227.42,2.4536,557.98,993.89,0.139495,50.04,0.971
2025-04-14 02:45:00,220.78,2.9011,640.50,1137.66,0.160124,49.84,0.957
2025-04-14 03:00:00,224.36,2.4125,541.27,1090.93,0.135318,49.93,0.967
2025-04-14 03:15:00,227.30,2.5530,580.29,969.73,0.145073,49.88,0.869
2025-04-14 03:30:00,222.46,2.2675,504.43,710.69,0.126107,49.96,0.828
2025-04-14 03:45:00,221.73,3.8246,848.04,1476.90,0.212011,50.09,0.824
2025-04-14 04:00:00,225.27,2.4429,550.29,883.86,0.137573,50.16,0.923
2025-04-14 04:15:00,226.16,2.3138,523.29,824.74,0.130822,50.10,0.974
2025-04-14 04:30:00,222.48,2.7688,616.00,1190.82,0.154000,49.82,0.836
2025-04-14 04:45:00,226.26,2.7658,625.80,1033.49,0.156450,50.04,0.962
2025-04-14 05:00:00,218.98,3.0591,669.90,1068.06,0.167474,49.85,0.919
2025-04-14 05:15:00,220.25,3.4758,765.53,1347.71,0.191383,50.02,0.865
2025-04-14 05:30:00,222.48,3.3623,748.04,1126.61,0.187010,50.13,0.972
2025-04-14 05:45:00,217.61,3.0832,670.93,1033.46,0.167733,49.89,0.953
2025-04-14 06:00:00,225.27,3.1759,715.44,1087.56,0.178860,50.14,0.907
2025-04-14 06:15:00,220.95,3.0840,681.43,966.09,0.170357,49.90,0.837
2025-04-14 06:30:00,217.80,3.3247,724.13,1123.60,0.181031,49.98,0.893
2025-04-14 06:45:00,220.93,2.8202,623.06,938.26,0.155764,50.05,0.821
2025-04-14 07:00:00,225.29,2.4113,543.25,851.25,0.135813,49.93,0.882
2025-04-14 07:15:00,222.46,2.5536,568.07,1153.26,0.142016,49.93,0.832
2025-04-14 07:30:00,219.18,2.5556,560.13,906.81,0.140032,50.12,0.847
2025-04-14 07:45:00,218.10,2.6584,579.82,1026.34,0.144954,49.84,0.822
2025-04-14 08:00:00,219.34,2.8994,635.96,1092.45,0.158989,50.12,0.829
2025-04-14 08:15:00,226.57,2.3731,537.66,863.33,0.134415,49.87,0.826
2025-04-14 08:30:00,223.50,2.4446,546.37,832.87,0.136592,49.94,0.925
2025-04-14 08:45:00,222.83,2.5198,561.49,1153.70,0.140371,49.97,0.973
2025-04-14 09:00:00,222.11,3.0435,676.00,1117.79,0.168999,49.98,0.897
2025-04-14 09:15:00,219.75,3.8280,841.19,1252.52,0.210296,50.06,0.821
2025-04-14 09:30:00,223.82,3.1938,714.83,1555.03,0.178708,50.00,0.860
2025-04-14 09:45:00,227.81,2.9598,674.26,1292.77,0.168566,49.92,0.959
2025-04-14 10:00:00,219.15,5.3725,1177.40,2474.19,0.294350,50.07,0.911
2025-04-14 10:15:00,221.66,4.9202,1090.60,1550.87,0.272650,49.89,0.895
2025-04-14 10:30:00,222.61,5.1332,1142.69,1649.57,0.285672,49.83,0.919
2025-04-14 10:45:00,221.51,8.5720,1898.73,4436.45,0.474683,50.17,0.947
2025-04-14 11:00:00,226.67,5.4671,1239.22,2083.20,0.309806,49.84,0.951
2025-04-14 11:15:00,227.92,6.1053,1391.54,2926.29,0.347884,50.17,0.918
2025-04-14 11:30:00,218.69,5.6759,1241.25,2664.25,0.310312,49.92,0.850
2025-04-14 11:45:00,225.40,5.9982,1352.02,2641.87,0.338004,49.82,0.963
2025-04-14 12:00:00,218.94,5.5971,1225.42,2618.17,0.306356,49.95,0.962
2025-04-14 12:15:00,218.97,5.8346,1277.63,2786.71,0.319406,49.90,0.846
2025-04-14 12:30:00,227.89,6.8035,1550.48,2186.53,0.387619,50.04,0.968
2025-04-14 12:45:00,219.51,6.0799,1334.59,2514.41,0.333648,49.81,0.860
2025-04-14 13:00:00,224.25,6.5624,1471.65,2576.75,0.367911,49.95,0.977
2025-04-14 13:15:00,224.92,6.4045,1440.49,3064.52,0.360122,49.94,0.955
2025-04-14 13:30:00,221.48,6.8783,1523.43,2571.11,0.380858,49.89,0.853
2025-04-14 13:45:00,218.71,8.9404,1955.39,4561.23,0.488847,50.08,0.862
2025-04-14 14:00:00,220.37,5.1101,1126.10,1900.32,0.281525,50.01,0.928
2025-04-14 14:15:00,222.55,6.0924,1355.88,2180.68,0.338971,50.00,0.930
2025-04-14 14:30:00,224.30,8.3872,1881.29,2710.28,0.470322,50.05,0.980
2025-04-14 14:45:00,227.36,6.0843,1383.33,2657.86,0.345833,50.14,0.965
2025-04-14 15:00:00,225.25,4.3861,987.98,1985.68,0.246996,49.84,0.821
2025-04-14 15:15:00,220.89,6.4715,1429.49,2581.65,0.357374,50.02,0.964
2025-04-14 15:30:00,226.38,3.9672,898.08,1336.20,0.224519,50.11,0.902
2025-04-14 15:45:00,221.15,5.0263,1111.59,2414.82,0.277896,50.13,0.973
2025-04-14 16:00:00,227.37,3.0664,697.20,1267.38,0.174299,49.89,0.927
2025-04-14 16:15:00,227.16,2.6069,592.18,1192.25,0.148044,50.00,0.959
2025-04-14 16:30:00,219.73,5.0729,1114.66,2172.18,0.278665,49.87,0.949
2025-04-14 16:45:00,226.82,2.5224,572.13,1148.74,0.143033,49.92,0.936
2025-04-14 17:00:00,223.48,1.7764,396.99,669.98,0.099247,50.02,0.873
2025-04-14 17:15:00,217.59,1.7174,373.68,761.85,0.093420,49.89,0.891
2025-04-14 17:30:00,220.64,1.9304,425.93,906.94,0.106481,49.86,0.862
2025-04-14 17:45:00,222.31,1.5802,351.28,676.28,0.087821,50.13,0.890
2025-04-14 18:00:00,227.90,1.8445,420.35,800.75,0.105088,49.86,0.931
2025-04-14 18:15:00,221.52,1.8027,399.34,853.12,0.099835,50.20,0.942
2025-04-14 18:30:00,221.34,1.8011,398.66,615.01,0.099664,50.05,0.844
2025-04-14 18:45:00,218.07,1.6313,355.74,554.21,0.088936,50.09,0.835
2025-04-14 19:00:00,218.19,1.7811,388.62,640.90,0.097154,49.98,0.916
2025-04-14 19:15:00,219.91,1.6668,366.56,566.39,0.091639,49.92,0.930
2025-04-14 19:30:00,226.49,1.5558,352.38,660.98,0.088096,49.81,0.861
2025-04-14 19:45:00,222.88,1.7441,388.73,611.98,0.097183,50.14,0.850
2025-04-14 20:00:00,219.99,1.6373,360.19,666.83,0.090048,50.17,0.901
2025-04-14 20:15:00,226.21,1.7408,393.77,582.17,0.098442,50.20,0.929
2025-04-14 20:30:00,224.72,1.5724,353.36,554.41,0.088341,49.93,0.926
2025-04-14 20:45:00,226.61,2.1637,490.30,735.37,0.122576,49.88,0.963
2025-04-14 21:00:00,220.59,1.6390,361.55,516.95,0.090387,50.03,0.869
2025-04-14 21:15:00,219.51,1.6440,360.87,698.10,0.090218,50.14,0.824
2025-04-14 21:30:00,221.07,1.7120,378.48,738.02,0.094621,49.85,0.865
2025-04-14 21:45:00,220.55,1.9023,419.56,750.03,0.104890,50.01,0.850
2025-04-14 22:00:00,220.50,2.2912,505.22,982.30,0.126306,49.91,0.959
2025-04-14 22:15:00,219.20,1.9645,430.62,921.73,0.107655,49.88,0.890
2025-04-14 22:30:00,218.26,2.4366,531.81,1101.42,0.132952,50.06,0.823
2025-04-14 22:45:00,226.04,1.9966,451.29,933.60,0.112823,49.94,0.831
2025-04-14 23:00:00,223.39,4.4343,990.58,1756.89,0.247646,49.83,0.884
2025-04-14 23:15:00,221.58,4.8344,1071.19,1728.31,0.267798,49.88,0.821
2025-04-14 23:30:00,224.64,4.8540,1090.40,1827.23,0.272599,50.15,0.877
2025-04-14 23:45:00,227.86,4.4590,1016.02,2084.84,0.254004,50.01,0.915
2025-04-15 00:00:00,223.82,5.7578,1288.74,1805.02,0.322186,49.84,0.821
2025-04-15 00:15:00,224.49,4.5829,1028.82,2222.58,0.257205,49.97,0.906
2025-04-15 00:30:00,223.53,4.8458,1083.19,1948.30,0.270796,50.07,0.883
2025-04-15 00:45:00,221.39,5.4442,1205.30,2355.90,0.301325,49.98,0.850
2025-04-15 01:00:00,220.07,4.1631,916.18,1442.17,0.229044,50.08,0.824
2025-04-15 01:15:00,225.44,4.7440,1069.48,1709.89,0.267369,49.81,0.892
2025-04-15 01:30:00,223.92,3.8673,865.96,1468.67,0.216490,50.19,0.842
2025-04-15 01:45:00,219.13,4.2130,923.19,1630.71,0.230797,49.87,0.976
2025-04-15 02:00:00,227.36,2.2396,509.20,805.66,0.127300,50.20,0.915
2025-04-15 02:15:00,219.25,2.9758,652.43,1006.96,0.163109,50.11,0.900
2025-04-15 02:30:00,220.25,2.8980,638.29,1049.09,0.159573,50.14,0.856
2025-04-15 02:45:00,223.76,2.4552,549.36,1186.86,0.137341,49.83,0.882
2025-04-15 03:00:00,220.95,2.4820,548.40,1193.15,0.137101,49.93,0.822
2025-04-15 03:15:00,225.31,2.7009,608.53,1120.39,0.152133,50.17,0.948
2025-04-15 03:30:00,218.50,2.0895,456.56,723.90,0.114140,50.15,0.893
2025-04-15 03:45:00,220.25,2.2807,502.31,830.99,0.125577,49.86,0.829
2025-04-15 04:00:00,218.94,2.2991,503.36,977.29,0.125841,50.11,0.971
2025-04-15 04:15:00,218.29,2.7926,609.61,1010.63,0.152403,49.88,0.836
2025-04-15 04:30:00,223.51,2.7013,603.76,1227.24,0.150939,50.00,0.840
2025-04-15 04:45:00,218.29,3.4140,745.23,2009.97,0.186308,49.89,0.845
2025-04-15 05:00:00,221.76,3.1820,705.62,1197.25,0.176405,49.82,0.863
2025-04-15 05:15:00,222.65,2.9096,647.81,1275.53,0.161953,50.08,0.862
2025-04-15 05:30:00,219.59,3.5459,778.65,1185.41,0.194662,49.96,0.930
2025-04-15 05:45:00,222.96,2.8543,636.38,1038.78,0.159095,49.93,0.962
2025-04-15 06:00:00,227.60,4.5206,1028.89,2154.21,0.257222,49.84,0.850
2025-04-15 06:15:00,220.90,2.5142,555.38,909.20,0.138846,50.04,0.935
2025-04-15 06:30:00,227.42,3.0306,689.23,1104.91,0.172307,50.03,0.975
2025-04-15 06:45:00,227.06,2.5611,581.51,965.82,0.145378,49.94,0.971
2025-04-15 07:00:00,218.32,2.5828,563.87,964.70,0.140969,49.97,0.959
2025-04-15 07:15:00,223.79,2.3209,519.39,883.73,0.129849,50.08,0.868
2025-04-15 07:30:00,224.66,2.0682,464.63,752.39,0.116157,50.05,0.929
2025-04-15 07:45:00,223.37,2.3236,519.03,912.88,0.129756,50.09,0.962
2025-04-15 08:00:00,227.89,2.8630,652.45,944.22,0.163113,50.18,0.917
2025-04-15 08:15:00,217.93,2.4642,537.01,1046.67,0.134253,49.87,0.841
2025-04-15 08:30:00,220.40,2.8854,635.93,1011.30,0.158982,50.06,0.938
2025-04-15 08:45:00,227.83,2.9515,672.44,1127.21,0.168111,50.16,0.831
2025-04-15 09:00:00,224.79,3.7980,853.76,1352.97,0.213441,50.10,0.854
2025-04-15 09:15:00,218.68,3.7904,828.89,1270.94,0.207222,49.91,0.979
2025-04-15 09:30:00,224.67,3.3562,754.03,1370.30,0.188508,49.86,0.865
2025-04-15 09:45:00,222.67,3.1518,701.79,1416.77,0.175448,49.87,0.956
2025-04-15 10:00:00,217.97,5.0242,1095.11,1611.12,0.273777,49.88,0.933
2025-04-15 10:15:00,225.76,4.7468,1071.65,2312.92,0.267914,49.93,0.964
2025-04-15 10:30:00,218.23,5.5683,1215.15,1815.73,0.303789,49.84,0.865
2025-04-15 10:45:00,224.89,4.7050,1058.12,2239.69,0.264531,50.15,0.924
2025-04-15 11:00:00,220.58,5.1914,1145.12,1806.28,0.286279,49.87,0.893
2025-04-15 11:15:00,221.23,4.8360,1069.86,2235.58,0.267466,49.88,0.829
2025-04-15 11:30:00,225.58,4.8719,1098.99,2121.95,0.274748,49.94,0.860
2025-04-15 11:45:00,222.96,5.8650,1307.68,2564.50,0.326920,50.19,0.875
2025-04-15 12:00:00,227.48,6.1568,1400.54,2304.30,0.350135,49.81,0.826
2025-04-15 12:15:00,218.05,7.0615,1539.75,2487.36,0.384938,50.03,0.850
2025-04-15 12:30:00,223.21,6.0886,1359.05,2209.86,0.339763,49.83,0.949
2025-04-15 12:45:00,226.95,6.4165,1456.21,2897.85,0.364054,49.85,0.969
2025-04-15 13:00:00,227.52,5.9029,1343.02,2533.99,0.335755,50.19,0.978
2025-04-15 13:15:00,222.66,6.0655,1350.52,2103.30,0.337631,50.00,0.839
2025-04-15 13:30:00,219.18,6.8250,1495.90,2380.93,0.373975,49.88,0.827
2025-04-15 13:45:00,223.50,9.9247,2218.16,3802.95,0.554539,49.88,0.866
2025-04-15 14:00:00,220.57,5.8742,1295.66,1971.72,0.323915,50.18,0.946
2025-04-15 14:15:00,224.91,5.8934,1325.49,2821.33,0.331372,49.91,0.885
2025-04-15 14:30:00,225.13,6.2470,1406.39,2279.79,0.351598,50.11,0.830
2025-04-15 14:45:00,226.99,5.2329,1187.83,2464.84,0.296957,50.04,0.905
2025-04-15 15:00:00,225.65,3.9422,889.56,1314.89,0.222391,50.04,0.832
2025-04-15 15:15:00,218.18,4.5411,990.80,1575.09,0.247701,49.81,0.907
2025-04-15 15:30:00,220.60,4.7863,1055.83,2024.88,0.263958,49.99,0.854
2025-04-15 15:45:00,224.76,4.5224,1016.46,1430.82,0.254115,50.14,0.897
2025-04-15 16:00:00,219.81,2.8829,633.69,965.99,0.158423,49.95,0.825
2025-04-15 16:15:00,218.77,2.7892,610.19,1321.11,0.152549,49.86,0.882
2025-04-15 16:30:00,224.36,3.2809,736.11,1404.63,0.184027,49.92,0.971
2025-04-15 16:45:00,225.54,3.0165,680.32,1054.61,0.170079,50.12,0.976
2025-04-15 17:00:00,221.11,1.7599,389.13,832.12,0.097283,49.95,0.820
2025-04-15 17:15:00,222.34,1.8539,412.19,840.68,0.103046,50.01,0.910
2025-04-15 17:30:00,223.09,2.9095,649.10,931.88,0.162275,50.12,0.941
2025-04-15 17:45:00,218.80,1.8722,409.63,669.34,0.102408,49.98,0.974
2025-04-15 18:00:00,221.24,1.8539,410.16,765.42,0.102541,50.05,0.859
2025-04-15 18:15:00,220.55,1.8562,409.39,738.59,0.102346,50.12,0.856
2025-04-15 18:30:00,225.41,1.6792,378.51,622.52,0.094626,50.19,0.964
2025-04-15 18:45:00,226.37,2.7810,629.53,1064.69,0.157382,49.98,0.928
2025-04-15 19:00:00,226.01,1.5324,346.33,633.21,0.086583,49.96,0.979
2025-04-15 19:15:00,223.64,1.4478,323.78,690.88,0.080946,50.04,0.894
2025-04-15 19:30:00,226.08,2.1700,490.59,1186.51,0.122648,49.96,0.852
2025-04-15 19:45:00,218.36,1.5952,348.33,629.56,0.087082,49.94,0.879
2025-04-15 20:00:00,225.60,1.6901,381.28,598.83,0.095320,50.11,0.863
2025-04-15 20:15:00,222.27,1.5124,336.16,553.16,0.084040,50.07,0.918
2025-04-15 20:30:00,223.49,1.7708,395.77,619.81,0.098942,50.10,0.835
2025-04-15 20:45:00,219.34,1.6930,371.34,796.50,0.092836,49.91,0.933
2025-04-15 21:00:00,225.76,2.9659,669.58,1178.16,0.167396,49.95,0.890
2025-04-15 21:15:00,219.91,1.5331,337.15,514.70,0.084287,49.88,0.976
2025-04-15 21:30:00,221.44,1.9460,430.92,604.38,0.107729,49.96,0.837
2025-04-15 21:45:00,221.55,1.9140,424.04,694.80,0.106009,49.97,0.924
2025-04-15 22:00:00,222.90,2.1862,487.32,725.18,0.121830,49.95,0.863
2025-04-15 22:15:00,226.25,1.9134,432.89,904.14,0.108223,50.15,0.904
2025-04-15 22:30:00,220.93,1.9493,430.64,895.05,0.107661,50.15,0.875
2025-04-15 22:45:00,222.47,2.2369,497.65,930.26,0.124411,50.04,0.895
2025-04-15 23:00:00,226.54,3.9614,897.43,1581.48,0.224358,50.15,0.829
2025-04-15 23:15:00,226.20,4.2859,969.46,1936.41,0.242365,49.88,0.862
2025-04-15 23:30:00,227.14,4.9613,1126.88,1864.09,0.281720,50.11,0.959
2025-04-15 23:45:00,226.53,3.8380,869.43,1656.71,0.217358,50.03,0.918
2025-04-16 00:00:00,219.61,5.3598,1177.06,2051.80,0.294264,50.17,0.823
2025-04-16 00:15:00,221.68,7.5320,1669.68,2687.37,0.417419,50.01,0.909
2025-04-16 00:30:00,225.50,5.7070,1286.90,1861.38,0.321726,50.03,0.971
2025-04-16 00:45:00,227.50,5.2641,1197.60,1812.58,0.299399,50.08,0.869
2025-04-16 01:00:00,224.60,4.2392,952.14,1541.28,0.238034,49.98,0.977
2025-04-16 01:15:00,220.17,4.1882,922.10,1306.11,0.230524,49.85,0.884
2025-04-16 01:30:00,219.24,4.2022,921.27,1773.07,0.230318,50.20,0.858
2025-04-16 01:45:00,221.14,4.0238,889.83,1829.41,0.222456,50.20,0.946
2025-04-16 02:00:00,222.44,2.9340,652.63,1125.08,0.163158,50.09,0.829
2025-04-16 02:15:00,222.14,2.7793,617.38,929.24,0.154346,49.97,0.893
2025-04-16 02:30:00,226.38,2.6800,606.71,1088.04,0.151677,49.91,0.901
2025-04-16 02:45:00,222.05,2.9541,655.96,1347.26,0.163989,49.94,0.822
2025-04-16 03:00:00,225.19,2.0509,461.84,843.86,0.115461,50.01,0.892
2025-04-16 03:15:00,226.11,2.5034,566.06,1240.50,0.141514,49.91,0.898
2025-04-16 03:30:00,217.97,2.2352,487.21,1034.65,0.121803,50.14,0.973
2025-04-16 03:45:00,220.28,2.1973,484.04,795.38,0.121010,50.02,0.954
2025-04-16 04:00:00,227.35,2.9448,669.52,966.71,0.167379,50.13,0.941
2025-04-16 04:15:00,218.86,3.9489,864.27,2313.78,0.216066,49.84,0.866
2025-04-16 04:30:00,224.81,2.6104,586.83,1126.95,0.146709,49.84,0.954
2025-04-16 04:45:00,222.15,2.2860,507.83,1011.82,0.126958,50.11,0.895
2025-04-16 05:00:00,222.84,2.7089,603.65,985.39,0.150914,50.18,0.841
2025-04-16 05:15:00,226.70,2.9751,674.47,1112.45,0.168616,49.85,0.885
2025-04-16 05:30:00,220.37,3.2481,715.79,1391.21,0.178949,49.83,0.948
2025-04-16 05:45:00,220.22,3.3657,741.20,1543.90,0.185300,49.89,0.958
2025-04-16 06:00:00,221.63,2.9137,645.75,1214.54,0.161438,50.16,0.888
2025-04-16 06:15:00,222.02,2.6312,584.18,1032.34,0.146044,50.00,0.901
2025-04-16 06:30:00,217.77,2.6061,567.53,827.41,0.141881,50.10,0.852
2025-04-16 06:45:00,219.58,3.1020,681.15,1364.64,0.170287,50.01,0.847
2025-04-16 07:00:00,219.80,2.6421,580.73,1043.57,0.145183,50.05,0.901
2025-04-16 07:15:00,220.97,2.3955,529.34,947.13,0.132335,50.20,0.863
2025-04-16 07:30:00,219.87,2.5746,566.07,1155.14,0.141517,50.19,0.931
2025-04-16 07:45:00,219.56,2.4007,527.09,999.60,0.131773,49.93,0.863
2025-04-16 08:00:00,225.30,2.5488,574.26,1230.92,0.143566,49.83,0.844
2025-04-16 08:15:00,227.01,2.4617,558.85,976.47,0.139712,49.98,0.906
2025-04-16 08:30:00,218.04,2.9299,638.82,1041.13,0.159704,49.93,0.824
2025-04-16 08:45:00,227.00,3.0222,686.06,1327.54,0.171516,50.10,0.821
2025-04-16 09:00:00,220.14,3.0163,664.00,1083.87,0.165999,50.02,0.892
2025-04-16 09:15:00,226.89,3.7108,841.96,1541.93,0.210489,50.03,0.842
2025-04-16 09:30:00,224.67,3.5136,789.39,1334.54,0.197348,49.84,0.825
2025-04-16 09:45:00,221.44,3.5101,777.26,1522.06,0.194314,50.05,0.840
2025-04-16 10:00:00,222.32,6.8577,1524.61,2956.69,0.381153,50.06,0.859
2025-04-16 10:15:00,219.46,4.1891,919.33,1312.48,0.229832,50.10,0.868
2025-04-16 10:30:00,220.74,4.7202,1041.95,2256.34,0.260487,50.09,0.897
2025-04-16 10:45:00,222.00,5.2626,1168.31,1713.24,0.292078,49.99,0.823
2025-04-16 11:00:00,223.84,6.1254,1371.09,1962.27,0.342773,49.87,0.907
2025-04-16 11:15:00,226.46,6.1093,1383.51,2973.85,0.345877,49.97,0.928
2025-04-16 11:30:00,222.22,6.3439,1409.72,2235.32,0.352429,50.17,0.845
2025-04-16 11:45:00,223.41,5.2208,1166.37,2446.22,0.291593,50.01,0.926
2025-04-16 12:00:00,223.25,5.8561,1307.34,2027.27,0.326835,49.98,0.932
2025-04-16 12:15:00,226.05,5.8308,1318.05,2766.44,0.329513,50.08,0.854
2025-04-16 12:30:00,220.73,5.6605,1249.43,2389.07,0.312357,50.04,0.963
2025-04-16 12:45:00,225.46,6.0919,1373.49,2117.06,0.343371,50.04,0.853
2025-04-16 13:00:00,223.34,6.3046,1408.08,2542.75,0.352021,49.94,0.851
2025-04-16 13:15:00,227.82,6.1365,1398.02,2200.77,0.349506,50.15,0.906
2025-04-16 13:30:00,218.21,5.8207,1270.13,1787.58,0.317533,50.16,0.937
2025-04-16 13:45:00,219.78,5.9488,1307.46,2871.50,0.326866,49.93,0.915
2025-04-16 14:00:00,221.74,5.1536,1142.77,2415.23,0.285694,49.93,0.909
2025-04-16 14:15:00,225.97,5.9440,1343.15,1951.61,0.335788,49.97,0.831
2025-04-16 14:30:00,225.93,6.0605,1369.28,2056.34,0.342320,49.83,0.866
2025-04-16 14:45:00,226.06,5.2882,1195.46,2309.07,0.298864,50.07,0.842
2025-04-16 15:00:00,218.44,4.7182,1030.66,2017.60,0.257664,50.09,0.907
2025-04-16 15:15:00,226.66,5.0872,1153.05,2237.41,0.288262,50.16,0.921
2025-04-16 15:30:00,226.44,4.5777,1036.58,1714.80,0.259145,49.88,0.950
2025-04-16 15:45:00,218.68,3.9329,860.04,1515.81,0.215009,49.94,0.953
2025-04-16 16:00:00,221.34,2.9098,644.05,1014.42,0.161013,50.06,0.906
2025-04-16 16:15:00,226.18,2.9604,669.60,1317.54,0.167401,50.11,0.972
2025-04-16 16:30:00,227.98,3.1947,728.34,1211.74,0.182085,50.08,0.910
2025-04-16 16:45:00,224.66,2.4819,557.60,1211.85,0.139401,50.16,0.896
2025-04-16 17:00:00,221.06,2.5653,567.08,1323.01,0.141769,49.82,0.868
2025-04-16 17:15:00,227.03,1.7878,405.87,767.00,0.101466,49.89,0.906
2025-04-16 17:30:00,222.09,1.8678,414.81,738.46,0.103703,50.18,0.878
2025-04-16 17:45:00,221.55,2.9526,654.13,1500.17,0.163532,50.10,0.873
2025-04-16 18:00:00,227.17,1.7930,407.32,650.45,0.101830,49.81,0.821
2025-04-16 18:15:00,222.26,1.5162,336.98,647.33,0.084246,49.96,0.943
2025-04-16 18:30:00,221.53,1.6105,356.78,783.82,0.089196,49.94,0.843
2025-04-16 18:45:00,217.97,1.4897,324.72,509.89,0.081180,49.99,0.891
2025-04-16 19:00:00,218.25,1.7816,388.83,677.05,0.097208,49.95,0.897
2025-04-16 19:15:00,223.35,1.4416,321.99,578.12,0.080499,50.16,0.861
2025-04-16 19:30:00,219.53,1.5257,334.93,664.70,0.083732,49.84,0.909
2025-04-16 19:45:00,223.85,1.4240,318.75,546.92,0.079689,50.03,0.935
2025-04-16 20:00:00,225.65,1.7853,402.85,766.65,0.100712,50.10,0.880
2025-04-16 20:15:00,222.06,1.4457,321.02,611.07,0.080255,50.08,0.919
2025-04-16 20:30:00,217.85,1.4942,325.52,632.85,0.081379,49.95,0.839
2025-04-16 20:45:00,220.01,1.4447,317.85,603.83,0.079463,49.86,0.830
2025-04-16 21:00:00,226.90,1.4376,326.20,507.39,0.081550,50.08,0.880
2025-04-16 21:15:00,219.83,1.5782,346.95,668.92,0.086737,49.94,0.836
2025-04-16 21:30:00,224.79,1.8422,414.12,695.84,0.103530,50.17,0.868
2025-04-16 21:45:00,221.35,2.8668,634.59,1624.59,0.158647,50.14,0.881
2025-04-16 22:00:00,220.74,2.4014,530.07,846.50,0.132518,50.00,0.971
2025-04-16 22:15:00,223.55,1.8734,418.79,713.41,0.104698,49.98,0.971
2025-04-16 22:30:00,218.59,2.2384,489.29,993.83,0.122324,49.93,0.850
2025-04-16 22:45:00,225.23,2.1074,474.67,702.92,0.118667,50.12,0.822
2025-04-16 23:00:00,220.16,5.1550,1134.95,2080.61,0.283737,50.07,0.938
2025-04-16 23:15:00,221.92,5.1750,1148.41,2305.76,0.287103,49.96,0.967
2025-04-16 23:30:00,223.46,4.8747,1089.31,2261.91,0.272326,50.03,0.871
2025-04-16 23:45:00,222.87,4.6363,1033.29,1995.19,0.258322,49.98,0.885
2025-04-17 00:00:00,227.56,4.9073,1116.71,1684.00,0.279178,49.92,0.849
2025-04-17 00:15:00,219.45,5.8962,1293.92,1812.26,0.323481,50.13,0.950
2025-04-17 00:30:00,223.90,5.2082,1166.10,1832.74,0.291525,49.90,0.904
2025-04-17 00:45:00,218.69,5.0133,1096.38,1754.49,0.274095,49.92,0.927
2025-04-17 01:00:00,218.16,6.0091,1310.93,2621.35,0.327732,50.04,0.856
2025-04-17 01:15:00,222.30,4.7479,1055.45,1566.95,0.263863,50.12,0.945
2025-04-17 01:30:00,221.94,4.5108,1001.15,1525.48,0.250288,49.82,0.956
2025-04-17 01:45:00,220.08,4.8013,1056.65,2070.11,0.264163,50.00,0.823
2025-04-17 02:00:00,218.07,3.6234,790.18,1744.80,0.197545,50.20,0.885
2025-04-17 02:15:00,223.72,3.8053,851.32,1598.91,0.212831,49.80,0.875
2025-04-17 02:30:00,224.07,2.5167,563.90,940.68,0.140975,49.98,0.951
2025-04-17 02:45:00,225.08,2.7440,617.60,1028.04,0.154400,50.19,0.967
2025-04-17 03:00:00,222.00,2.5756,571.79,1228.60,0.142948,50.15,0.954
2025-04-17 03:15:00,223.13,2.4475,546.11,1089.69,0.136528,49.96,0.885
2025-04-17 03:30:00,225.18,2.1087,474.84,918.38,0.118710,49.90,0.901
2025-04-17 03:45:00,223.10,2.0466,456.61,703.33,0.114151,49.92,0.839
2025-04-17 04:00:00,223.41,2.5401,567.49,1148.14,0.141872,50.16,0.896
2025-04-17 04:15:00,226.96,2.8702,651.40,1133.09,0.162851,50.08,0.880
2025-04-17 04:30:00,222.00,2.5772,572.13,1016.00,0.143032,49.83,0.882
2025-04-17 04:45:00,222.35,2.4327,540.91,1091.77,0.135228,49.91,0.894
2025-04-17 05:00:00,227.98,3.1820,725.43,1543.29,0.181357,49.84,0.851
2025-04-17 05:15:00,220.56,2.9699,655.05,917.56,0.163762,49.90,0.876
2025-04-17 05:30:00,223.84,3.5841,802.28,1681.14,0.200571,49.96,0.870
2025-04-17 05:45:00,223.71,3.3041,739.17,1352.81,0.184792,49.88,0.839
2025-04-17 06:00:00,220.46,2.7278,601.37,1000.87,0.150342,49.93,0.927
2025-04-17 06:15:00,224.91,2.4705,555.65,883.66,0.138913,49.86,0.867
2025-04-17 06:30:00,218.07,4.9938,1089.03,2226.29,0.272257,49.95,0.902
2025-04-17 06:45:00,224.52,2.9156,654.60,1108.25,0.163651,49.93,0.868
2025-04-17 07:00:00,221.71,2.3733,526.18,1028.60,0.131544,50.07,0.948
2025-04-17 07:15:00,220.46,2.6331,580.51,1065.76,0.145127,49.82,0.955
2025-04-17 07:30:00,225.35,2.5460,573.74,1005.83,0.143434,50.17,0.918
2025-04-17 07:45:00,223.08,2.3262,518.93,937.50,0.129732,50.12,0.856
2025-04-17 08:00:00,218.86,3.0731,672.56,1172.73,0.168140,50.09,0.925
2025-04-17 08:15:00,224.70,3.0098,676.32,1456.62,0.169080,50.11,0.868
2025-04-17 08:30:00,224.44,2.4505,549.98,1111.81,0.137496,49.94,0.932
2025-04-17 08:45:00,220.38,2.6129,575.83,922.35,0.143957,50.00,0.955
2025-04-17 09:00:00,222.34,3.9121,869.81,1636.67,0.217452,49.92,0.868
2025-04-17 09:15:00,218.26,3.4349,749.71,1289.93,0.187428,50.14,0.824
2025-04-17 09:30:00,220.34,3.9926,879.75,1537.97,0.219937,49.81,0.890
2025-04-17 09:45:00,224.73,3.5579,799.58,1688.07,0.199896,49.87,0.942
2025-04-17 10:00:00,226.62,4.5340,1027.48,1478.53,0.256870,50.19,0.943
2025-04-17 10:15:00,227.65,5.0242,1143.74,2282.62,0.285935,50.14,0.898
2025-04-17 10:30:00,224.33,5.1770,1161.38,2267.62,0.290346,50.14,0.978
2025-04-17 10:45:00,224.87,4.1902,942.25,1788.96,0.235563,49.89,0.864
2025-04-17 11:00:00,227.81,6.0875,1386.79,3002.61,0.346698,50.06,0.900
2025-04-17 11:15:00,221.29,8.9027,1970.09,4002.45,0.492521,50.06,0.945
2025-04-17 11:30:00,222.75,5.3297,1187.18,1825.55,0.296796,49.91,0.939
2025-04-17 11:45:00,222.60,5.4133,1205.00,1773.29,0.301251,49.99,0.867
2025-04-17 12:00:00,227.80,5.3475,1218.14,1897.78,0.304535,50.01,0.962
2025-04-17 12:15:00,223.68,7.0457,1575.97,2606.94,0.393992,50.19,0.901
2025-04-17 12:30:00,222.08,5.4594,1212.45,2198.39,0.303112,50.19,0.837
2025-04-17 12:45:00,225.78,6.6566,1502.94,2111.83,0.375735,49.97,0.832
2025-04-17 13:00:00,219.62,5.5675,1222.75,2294.90,0.305686,49.88,0.960
2025-04-17 13:15:00,225.10,5.5852,1257.21,2466.54,0.314303,50.03,0.920
2025-04-17 13:30:00,227.18,8.4750,1925.38,2492.64,0.481345,49.99,0.873
2025-04-17 13:45:00,221.51,5.5317,1225.31,2307.81,0.306327,49.86,0.848
2025-04-17 14:00:00,219.74,5.8285,1280.72,2772.14,0.320181,49.96,0.921
2025-04-17 14:15:00,218.17,6.1434,1340.31,2530.24,0.335078,49.89,0.857
2025-04-17 14:30:00,226.75,4.7690,1081.37,1933.45,0.270342,50.12,0.949
2025-04-17 14:45:00,220.51,4.8963,1079.67,1918.48,0.269918,50.11,0.884
2025-04-17 15:00:00,223.20,3.8580,861.11,1836.59,0.215277,49.86,0.830
2025-04-17 15:15:00,227.73,4.6789,1065.55,1797.65,0.266387,50.19,0.823
2025-04-17 15:30:00,223.31,3.8639,862.86,1348.70,0.215715,49.97,0.826
2025-04-17 15:45:00,222.77,4.9709,1107.39,1931.33,0.276848,50.10,0.828
2025-04-17 16:00:00,218.41,2.8938,632.05,1161.64,0.158011,50.13,0.891
2025-04-17 16:15:00,223.24,2.4824,554.16,1062.72,0.138540,49.95,0.929
2025-04-17 16:30:00,218.91,2.7119,593.67,1243.70,0.148417,49.99,0.858
2025-04-17 16:45:00,226.87,2.8661,650.24,1287.93,0.162561,49.90,0.884
2025-04-17 17:00:00,219.50,2.9895,656.17,1537.97,0.164044,50.18,0.872
2025-04-17 17:15:00,223.82,2.1195,474.39,920.31,0.118597,50.02,0.909
2025-04-17 17:30:00,226.17,2.0028,452.98,809.06,0.113246,50.12,0.951
2025-04-17 17:45:00,224.75,1.7382,390.66,791.68,0.097665,49.81,0.938
2025-04-17 18:00:00,226.75,1.6454,373.09,766.36,0.093274,50.09,0.872
2025-04-17 18:15:00,218.74,1.6780,367.05,639.01,0.091763,49.84,0.910
2025-04-17 18:30:00,226.49,1.5439,349.68,624.18,0.087421,49.98,0.935
2025-04-17 18:45:00,227.32,1.6434,373.57,547.25,0.093391,49.87,0.930
2025-04-17 19:00:00,221.24,1.7298,382.71,602.82,0.095677,49.89,0.967
2025-04-17 19:15:00,225.10,1.6228,365.29,603.53,0.091322,50.07,0.889
2025-04-17 19:30:00,219.66,1.4234,312.66,614.43,0.078166,49.81,0.919
2025-04-17 19:45:00,217.71,1.7852,388.65,610.54,0.097162,50.18,0.913
2025-04-17 20:00:00,223.56,1.6318,364.82,541.01,0.091205,49.96,0.857
2025-04-17 20:15:00,223.62,1.5174,339.33,583.32,0.084832,50.04,0.935
2025-04-17 20:30:00,224.00,1.5508,347.38,600.26,0.086845,49.91,0.952
2025-04-17 20:45:00,218.82,1.6773,367.02,770.57,0.091756,50.00,0.954
2025-04-17 21:00:00,220.78,1.4858,328.04,716.60,0.082011,49.88,0.841
2025-04-17 21:15:00,221.27,1.5034,332.66,513.40,0.083166,49.91,0.927
2025-04-17 21:30:00,223.22,1.6130,360.04,738.51,0.090010,49.83,0.832
2025-04-17 21:45:00,222.36,1.9296,429.06,801.32,0.107265,50.07,0.842
2025-04-17 22:00:00,224.17,2.3191,519.86,922.65,0.129964,50.20,0.879
2025-04-17 22:15:00,223.88,2.7641,618.81,1085.93,0.154702,50.07,0.935
2025-04-17 22:30:00,218.04,2.3804,519.01,1054.92,0.129753,49.92,0.831
2025-04-17 22:45:00,217.97,1.9723,429.91,708.58,0.107478,50.15,0.870
2025-04-17 23:00:00,218.30,4.9263,1075.40,1708.87,0.268850,50.16,0.849
2025-04-17 23:15:00,219.65,4.2609,935.90,2010.93,0.233974,49.89,0.888
2025-04-17 23:30:00,220.77,4.2547,939.30,2061.11,0.234824,49.82,0.888
2025-04-17 23:45:00,221.66,5.0510,1119.59,1906.65,0.279896,50.08,0.932
2025-04-18 00:00:00,223.41,5.8082,1297.59,2384.63,0.324398,49.92,0.844
2025-04-18 00:15:00,223.19,4.8883,1091.02,1838.09,0.272754,50.00,0.972
2025-04-18 00:30:00,222.47,5.4491,1212.29,2562.25,0.303073,49.86,0.845
2025-04-18 00:45:00,222.89,5.7661,1285.18,2290.37,0.321294,49.83,0.966
2025-04-18 01:00:00,221.88,3.8879,862.64,1672.07,0.215660,49.85,0.948
2025-04-18 01:15:00,227.75,4.4300,1008.95,2033.97,0.252238,49.87,0.918
2025-04-18 01:30:00,225.20,3.8529,867.70,1510.72,0.216924,50.11,0.971
2025-04-18 01:45:00,220.03,4.9157,1081.58,1945.47,0.270395,50.05,0.865
2025-04-18 02:00:00,227.26,2.6638,605.38,916.39,0.151345,50.02,0.959
2025-04-18 02:15:00,226.23,2.5908,586.12,1127.31,0.146530,50.14,0.955
2025-04-18 02:30:00,224.74,2.7347,614.61,1173.37,0.153653,49.81,0.867
2025-04-18 02:45:00,225.74,2.6970,608.81,1197.69,0.152203,50.01,0.887
2025-04-18 03:00:00,226.14,2.2241,502.96,892.22,0.125739,49.99,0.824
2025-04-18 03:15:00,226.85,2.2447,509.21,917.24,0.127301,50.06,0.880
2025-04-18 03:30:00,222.57,2.3152,515.28,878.49,0.128820,50.12,0.974
2025-04-18 03:45:00,221.35,2.4508,542.49,916.59,0.135623,49.88,0.954
2025-04-18 04:00:00,220.63,3.0336,669.30,1214.30,0.167326,49.95,0.893
2025-04-18 04:15:00,224.96,2.2733,511.38,1057.66,0.127846,49.87,0.938
2025-04-18 04:30:00,220.07,2.7014,594.49,1244.83,0.148623,50.04,0.853
2025-04-18 04:45:00,224.76,2.8474,639.98,1210.09,0.159994,49.92,0.949
2025-04-18 05:00:00,221.62,3.3775,748.53,1470.01,0.187133,50.09,0.865
2025-04-18 05:15:00,225.31,2.9404,662.51,1210.74,0.165629,49.88,0.825
2025-04-18 05:30:00,226.60,3.3837,766.76,1682.00,0.191691,49.99,0.956
2025-04-18 05:45:00,219.86,3.6148,794.74,1593.79,0.198686,49.94,0.910
2025-04-18 06:00:00,224.32,2.5519,572.45,1250.31,0.143113,50.12,0.944
2025-04-18 06:15:00,220.41,3.0860,680.16,1209.62,0.170041,50.07,0.828
2025-04-18 06:30:00,218.25,2.5940,566.14,1017.14,0.141536,49.84,0.844
2025-04-18 06:45:00,220.52,3.1584,696.49,1401.93,0.174123,50.18,0.955
2025-04-18 07:00:00,218.56,2.6126,571.01,1094.76,0.142752,49.99,0.880
2025-04-18 07:15:00,219.30,2.0895,458.22,814.38,0.114556,50.07,0.930
2025-04-18 07:30:00,225.92,2.6683,602.83,1292.54,0.150706,50.04,0.896
2025-04-18 07:45:00,227.56,2.0652,469.95,716.10,0.117488,49.99,0.929
2025-04-18 08:00:00,223.37,2.9738,664.26,1451.09,0.166065,50.19,0.909
2025-04-18 08:15:00,222.03,2.6582,590.19,1090.70,0.147549,49.98,0.930
2025-04-18 08:30:00,227.23,2.2634,514.32,899.88,0.128580,50.19,0.952
2025-04-18 08:45:00,225.79,2.5062,565.88,857.79,0.141469,50.00,0.909
2025-04-18 09:00:00,222.14,4.8129,1069.15,2839.21,0.267287,50.12,0.909
2025-04-18 09:15:00,224.55,3.2345,726.32,1350.35,0.181580,50.13,0.874
2025-04-18 09:30:00,218.74,3.0455,666.18,1064.88,0.166545,49.95,0.844
2025-04-18 09:45:00,226.39,3.0023,679.68,1136.40,0.169920,50.04,0.829
2025-04-18 10:00:00,220.76,4.8883,1079.14,2051.21,0.269786,50.00,0.971
2025-04-18 10:15:00,222.75,4.9023,1091.97,2239.72,0.272993,50.18,0.908
2025-04-18 10:30:00,221.03,5.1541,1139.22,2353.14,0.284806,49.86,0.911
2025-04-18 10:45:00,223.84,4.8521,1086.07,1965.53,0.271517,50.17,0.852
2025-04-18 11:00:00,226.46,5.1335,1162.51,2378.25,0.290628,50.02,0.836
2025-04-18 11:15:00,227.47,6.0589,1378.25,1998.91,0.344561,49.92,0.944
2025-04-18 11:30:00,222.11,4.7661,1058.60,2028.53,0.264650,49.83,0.963
2025-04-18 11:45:00,223.90,5.4510,1220.47,2402.30,0.305118,49.95,0.941
2025-04-18 12:00:00,220.36,6.8435,1507.99,3218.88,0.376998,50.01,0.944
2025-04-18 12:15:00,223.49,10.7886,2411.14,5096.25,0.602784,50.02,0.901
2025-04-18 12:30:00,218.93,7.2911,1596.22,2395.31,0.399054,49.87,0.949
2025-04-18 12:45:00,224.35,7.1452,1603.06,3240.17,0.400765,49.94,0.828
2025-04-18 13:00:00,227.32,5.1239,1164.79,1801.90,0.291197,50.11,0.883
2025-04-18 13:15:00,219.05,6.0980,1335.75,2500.68,0.333937,50.10,0.877
2025-04-18 13:30:00,227.11,8.6514,1964.80,3896.52,0.491200,49.81,0.955
2025-04-18 13:45:00,221.76,5.6724,1257.92,2361.44,0.314481,50.19,0.874
2025-04-18 14:00:00,218.98,5.6069,1227.79,2617.65,0.306947,49.98,0.867
2025-04-18 14:15:00,226.02,5.4620,1234.53,1783.44,0.308632,49.90,0.964
2025-04-18 14:30:00,227.94,5.6782,1294.29,2494.04,0.323572,50.06,0.884
2025-04-18 14:45:00,218.94,10.8271,2370.48,4598.08,0.592620,49.87,0.955
2025-04-18 15:00:00,219.45,4.9479,1085.82,2308.49,0.271455,50.06,0.922
2025-04-18 15:15:00,219.25,3.9604,868.34,1277.91,0.217085,50.09,0.928
2025-04-18 15:30:00,219.52,4.9406,1084.56,1727.74,0.271141,50.04,0.978
2025-04-18 15:45:00,227.97,4.5765,1043.31,1795.17,0.260827,50.03,0.887
2025-04-18 16:00:00,223.60,3.0681,686.00,1233.68,0.171501,49.98,0.870
2025-04-18 16:15:00,223.48,3.3230,742.62,1145.45,0.185654,49.91,0.837
2025-04-18 16:30:00,225.71,3.1427,709.34,1171.03,0.177336,50.16,0.912
2025-04-18 16:45:00,222.57,2.5583,569.41,1220.53,0.142352,50.11,0.978
2025-04-18 17:00:00,220.61,1.8419,406.35,719.13,0.101587,50.00,0.927
2025-04-18 17:15:00,218.96,1.8231,399.19,674.87,0.099798,49.95,0.941
2025-04-18 17:30:00,222.62,2.2186,493.92,832.54,0.123480,50.18,0.847
2025-04-18 17:45:00,220.50,2.1784,480.33,1053.67,0.120082,50.00,0.969
2025-04-18 18:00:00,222.77,2.1118,470.45,953.49,0.117613,49.91,0.876
2025-04-18 18:15:00,219.59,1.7371,381.46,550.25,0.095365,49.92,0.825
2025-04-18 18:30:00,220.22,3.1280,688.86,1728.22,0.172214,50.18,0.957
2025-04-18 18:45:00,221.28,1.7993,398.13,874.84,0.099533,49.94,0.880
2025-04-18 19:00:00,225.99,1.6727,378.01,796.78,0.094504,50.04,0.967
2025-04-18 19:15:00,223.18,1.4747,329.13,669.47,0.082283,49.83,0.860
2025-04-18 19:30:00,219.12,1.5476,339.11,531.15,0.084778,50.07,0.898
2025-04-18 19:45:00,219.00,1.9367,424.13,832.91,0.106034,50.15,0.883
2025-04-18 20:00:00,225.88,1.5391,347.65,525.20,0.086912,49.93,0.873
2025-04-18 20:15:00,217.71,1.7364,378.03,811.32,0.094508,50.14,0.895
2025-04-18 20:30:00,219.38,1.5899,348.78,652.13,0.087194,49.91,0.964
2025-04-18 20:45:00,219.78,1.9366,425.62,730.53,0.106406,50.13,0.878
2025-04-18 21:00:00,225.22,1.6995,382.76,766.70,0.095689,49.87,0.846
2025-04-18 21:15:00,223.31,2.0286,453.00,874.77,0.113249,49.94,0.844
2025-04-18 21:30:00,224.46,1.9063,427.90,908.06,0.106974,50.07,0.954
2025-04-18 21:45:00,219.98,2.0524,451.48,693.69,0.112870,50.01,0.835
2025-04-18 22:00:00,226.45,2.0897,473.22,711.16,0.118305,49.95,0.948
2025-04-18 22:15:00,218.84,2.1712,475.14,1020.13,0.118785,50.19,0.942
2025-04-18 22:30:00,225.46,2.2580,509.09,904.46,0.127273,49.81,0.941
2025-04-18 22:45:00,222.91,2.3722,528.78,857.31,0.132196,50.04,0.895
2025-04-18 23:00:00,219.16,5.3038,1162.39,2543.94,0.290597,49.92,0.918
2025-04-18 23:15:00,222.63,5.1814,1153.52,1872.75,0.288381,49.86,0.900
2025-04-18 23:30:00,218.12,6.0117,1311.30,2502.99,0.327825,50.04,0.836
2025-04-18 23:45:00,220.66,6.1192,1350.29,2912.98,0.337572,50.01,0.972
2025-04-19 00:00:00,219.82,5.5377,1217.32,1808.54,0.304330,50.02,0.911
2025-04-19 00:15:00,220.73,6.4917,1432.90,2378.48,0.358226,50.04,0.980
2025-04-19 00:30:00,217.90,5.8062,1265.17,2692.02,0.316293,50.05,0.970
2025-04-19 00:45:00,221.12,6.0842,1345.35,1942.42,0.336337,50.19,0.821
2025-04-19 01:00:00,225.49,4.5175,1018.64,1733.99,0.254661,50.07,0.872
2025-04-19 01:15:00,224.51,5.5306,1241.66,1829.88,0.310415,50.04,0.958
2025-04-19 01:30:00,220.58,4.4351,978.29,1699.40,0.244573,49.97,0.957
2025-04-19 01:45:00,225.79,5.6529,1276.40,2382.01,0.319099,50.02,0.862
2025-04-19 02:00:00,218.04,3.3303,726.12,1100.04,0.181530,49.94,0.901
2025-04-19 02:15:00,226.47,2.6024,589.37,883.58,0.147342,49.93,0.823
2025-04-19 02:30:00,223.91,2.9683,664.61,1293.05,0.166153,49.88,0.852
2025-04-19 02:45:00,221.44,2.8018,620.41,1315.00,0.155102,49.90,0.901
2025-04-19 03:00:00,218.95,2.4304,532.12,1120.10,0.133031,49.93,0.877
2025-04-19 03:15:00,222.43,2.8394,631.57,1096.13,0.157892,49.86,0.957
2025-04-19 03:30:00,226.25,2.3475,531.13,1024.14,0.132783,49.97,0.922
2025-04-19 03:45:00,227.44,2.8101,639.12,1330.65,0.159781,49.87,0.902
2025-04-19 04:00:00,226.62,3.3539,760.05,1173.47,0.190012,50.06,0.930
2025-04-19 04:15:00,226.35,2.7791,629.06,972.29,0.157265,49.92,0.854
2025-04-19 04:30:00,227.86,4.8080,1095.53,1985.51,0.273883,49.93,0.928
2025-04-19 04:45:00,224.21,3.0651,687.23,1119.19,0.171807,50.20,0.826
2025-04-19 05:00:00,219.16,4.2248,925.92,1839.10,0.231480,49.84,0.881
2025-04-19 05:15:00,218.84,3.4396,752.73,1519.01,0.188182,49.87,0.913
2025-04-19 05:30:00,221.71,3.3568,744.22,1403.52,0.186055,50.06,0.930
2025-04-19 05:45:00,220.56,3.6004,794.11,1268.60,0.198528,49.87,0.895
2025-04-19 06:00:00,226.15,3.7903,857.19,1555.35,0.214297,49.98,0.839
2025-04-19 06:15:00,225.97,5.6008,1265.63,2762.44,0.316408,50.19,0.881
2025-04-19 06:30:00,226.59,2.9947,678.57,1413.80,0.169643,49.97,0.853
2025-04-19 06:45:00,221.88,3.4709,770.11,1172.80,0.192527,49.99,0.944
2025-04-19 07:00:00,226.24,2.5349,573.51,825.45,0.143377,50.01,0.882
2025-04-19 07:15:00,224.51,2.8346,636.38,1016.58,0.159095,49.85,0.970
2025-04-19 07:30:00,218.87,2.7326,598.08,1282.18,0.149520,49.85,0.954
2025-04-19 07:45:00,217.53,2.7813,605.03,968.41,0.151259,49.90,0.836
2025-04-19 08:00:00,220.32,3.1657,697.46,1364.81,0.174366,50.07,0.973
2025-04-19 08:15:00,222.73,2.6186,583.24,818.53,0.145811,50.13,0.973
2025-04-19 08:30:00,223.16,3.3344,744.09,1594.59,0.186024,49.99,0.846
2025-04-19 08:45:00,218.08,2.9166,636.04,1310.70,0.159011,50.05,0.855
2025-04-19 09:00:00,220.78,3.6546,806.86,1543.83,0.201714,50.16,0.900
2025-04-19 09:15:00,218.70,3.5497,776.31,1503.88,0.194078,49.88,0.897
2025-04-19 09:30:00,220.03,3.5209,774.70,1265.18,0.193676,50.04,0.975
2025-04-19 09:45:00,227.70,4.0269,916.93,1300.90,0.229233,50.02,0.965
2025-04-19 10:00:00,223.82,6.3584,1423.13,2679.87,0.355783,49.85,0.830
2025-04-19 10:15:00,218.26,5.7089,1246.05,2238.28,0.311513,50.09,0.894
2025-04-19 10:30:00,220.18,5.4799,1206.58,2006.53,0.301644,49.81,0.898
2025-04-19 10:45:00,226.86,5.6805,1288.67,2203.60,0.322167,50.12,0.928
2025-04-19 11:00:00,227.66,6.6105,1504.94,2443.16,0.376234,49.88,0.836
2025-04-19 11:15:00,220.09,7.0984,1562.31,3032.25,0.390578,50.10,0.845
2025-04-19 11:30:00,218.19,6.3125,1377.33,2223.19,0.344332,49.86,0.889
2025-04-19 11:45:00,219.35,6.3668,1396.58,2147.77,0.349145,49.92,0.876
2025-04-19 12:00:00,224.61,7.4070,1663.71,3387.94,0.415927,49.86,0.889
2025-04-19 12:15:00,225.02,8.2923,1865.96,3857.50,0.466489,50.18,0.869
2025-04-19 12:30:00,217.73,6.6819,1454.85,2744.76,0.363713,50.08,0.867
2025-04-19 12:45:00,219.66,8.6049,1890.16,3350.43,0.472540,49.95,0.878
2025-04-19 13:00:00,222.75,6.2923,1401.59,2493.67,0.350398,50.18,0.889
2025-04-19 13:15:00,227.66,7.4848,1704.01,2780.22,0.426003,49.84,0.837
2025-04-19 13:30:00,223.37,7.3436,1640.33,3338.26,0.410083,49.98,0.822
2025-04-19 13:45:00,222.57,7.6555,1703.89,2554.57,0.425972,49.89,0.969
2025-04-19 14:00:00,223.84,12.1237,2713.81,7090.65,0.678452,50.08,0.845
2025-04-19 14:15:00,218.29,6.1678,1346.36,2324.68,0.336589,50.16,0.851
2025-04-19 14:30:00,226.84,6.1165,1387.47,2192.11,0.346869,50.11,0.903
2025-04-19 14:45:00,217.80,6.1996,1350.27,1951.53,0.337568,50.06,0.875
2025-04-19 15:00:00,221.92,5.3219,1181.01,1747.61,0.295254,49.99,0.857
2025-04-19 15:15:00,223.93,5.2128,1167.29,1813.46,0.291823,50.04,0.883
2025-04-19 15:30:00,226.91,5.2536,1192.10,2168.09,0.298024,50.00,0.837
2025-04-19 15:45:00,219.00,5.1510,1128.09,1807.07,0.282021,49.85,0.884
2025-04-19 16:00:00,225.35,4.4203,996.10,2308.37,0.249025,50.16,0.877
2025-04-19 16:15:00,226.11,2.9999,678.30,1209.53,0.169574,49.85,0.911
2025-04-19 16:30:00,225.73,3.2089,724.35,1138.88,0.181089,49.82,0.935
2025-04-19 16:45:00,218.06,3.9099,852.59,1802.62,0.213147,50.15,0.881
2025-04-19 17:00:00,226.51,1.9492,441.51,657.04,0.110378,49.80,0.866
2025-04-19 17:15:00,224.10,2.0632,462.38,658.12,0.115594,49.96,0.908
2025-04-19 17:30:00,218.43,2.3825,520.41,788.37,0.130102,50.03,0.945
2025-04-19 17:45:00,227.94,2.2721,517.89,897.33,0.129473,49.82,0.880
2025-04-19 18:00:00,217.59,2.0920,455.20,968.38,0.113799,50.14,0.891
2025-04-19 18:15:00,227.68,1.8321,417.14,674.61,0.104285,50.03,0.821
2025-04-19 18:30:00,219.53,1.9060,418.41,683.50,0.104604,50.10,0.839
2025-04-19 18:45:00,220.07,1.8856,414.95,777.17,0.103737,50.06,0.873
2025-04-19 19:00:00,218.36,1.5893,347.04,516.03,0.086759,49.87,0.900
2025-04-19 19:15:00,222.88,1.6538,368.61,735.36,0.092152,50.16,0.971
2025-04-19 19:30:00,224.99,1.9417,436.88,645.77,0.109219,50.11,0.938
2025-04-19 19:45:00,218.73,1.8726,409.59,595.61,0.102399,49.91,0.896
2025-04-19 20:00:00,221.34,1.6848,372.91,780.27,0.093228,50.18,0.925
2025-04-19 20:15:00,220.76,1.6464,363.47,566.28,0.090867,50.12,0.932
2025-04-19 20:30:00,221.01,1.7883,395.22,759.32,0.098804,49.83,0.864
2025-04-19 20:45:00,222.55,1.4665,326.36,484.56,0.081589,49.98,0.857
2025-04-19 21:00:00,220.97,1.5984,353.20,500.11,0.088299,49.99,0.886
2025-04-19 21:15:00,227.69,2.0091,457.45,675.88,0.114362,49.86,0.930
2025-04-19 21:30:00,220.03,1.9894,437.71,905.59,0.109428,49.88,0.916
2025-04-19 21:45:00,220.97,1.6091,355.57,563.89,0.088894,49.83,0.926
2025-04-19 22:00:00,222.99,3.7322,832.25,1409.75,0.208063,50.12,0.969
2025-04-19 22:15:00,227.18,2.5359,576.11,867.37,0.144027,49.90,0.944
2025-04-19 22:30:00,225.19,2.3610,531.66,902.78,0.132915,50.10,0.933
2025-04-19 22:45:00,226.76,4.2951,973.98,2125.58,0.243495,50.14,0.895
2025-04-19 23:00:00,220.92,5.7189,1263.39,2137.65,0.315848,50.07,0.863
2025-04-19 23:15:00,223.86,5.1489,1152.64,1938.03,0.288159,50.04,0.897
2025-04-19 23:30:00,225.88,5.8028,1310.72,1927.16,0.327681,49.96,0.943
2025-04-19 23:45:00,224.37,5.9238,1329.13,2589.51,0.332284,50.04,0.962
2025-04-20 00:00:00,217.51,7.2621,1579.58,2910.19,0.394895,49.83,0.945
2025-04-20 00:15:00,223.14,6.7769,1512.22,2144.70,0.378056,49.82,0.980
2025-04-20 00:30:00,226.78,5.6954,1291.57,1814.67,0.322892,49.91,0.910
2025-04-20 00:45:00,223.86,5.7103,1278.33,1935.65,0.319583,50.04,0.938
2025-04-20 01:00:00,222.17,6.8004,1510.84,3958.14,0.377710,49.94,0.827
2025-04-20 01:15:00,225.17,5.3602,1206.98,1939.96,0.301746,49.97,0.919
2025-04-20 01:30:00,223.64,4.6038,1029.58,1725.82,0.257395,50.07,0.889
2025-04-20 01:45:00,223.09,4.5528,1015.66,2167.59,0.253915,49.80,0.928
2025-04-20 02:00:00,218.63,3.2511,710.79,1422.75,0.177698,49.97,0.877
2025-04-20 02:15:00,221.22,2.6917,595.45,1133.40,0.148863,50.07,0.822
2025-04-20 02:30:00,218.17,2.8825,628.87,1027.20,0.157219,50.15,0.927
2025-04-20 02:45:00,224.94,3.4310,771.77,1334.41,0.192943,49.98,0.851
2025-04-20 03:00:00,225.50,2.9021,654.44,1155.61,0.163609,49.85,0.875
2025-04-20 03:15:00,225.06,2.3911,538.15,1051.99,0.134537,50.15,0.935
2025-04-20 03:30:00,221.43,2.9726,658.23,966.23,0.164556,50.16,0.959
2025-04-20 03:45:00,218.52,2.4054,525.64,933.00,0.131409,49.86,0.929
2025-04-20 04:00:00,226.84,3.0698,696.34,1119.24,0.174086,49.89,0.854
2025-04-20 04:15:00,227.84,2.8120,640.68,902.01,0.160169,49.98,0.901
2025-04-20 04:30:00,225.93,3.2098,725.19,1411.53,0.181296,49.99,0.826
2025-04-20 04:45:00,219.54,3.4587,759.31,1223.96,0.189828,50.01,0.900
2025-04-20 05:00:00,220.06,5.3815,1184.24,3314.33,0.296061,50.09,0.866
2025-04-20 05:15:00,222.55,3.7482,834.15,1527.50,0.208538,50.05,0.947
2025-04-20 05:30:00,228.00,3.6820,839.50,1595.83,0.209874,49.90,0.870
2025-04-20 05:45:00,224.34,3.4915,783.27,1257.55,0.195818,50.04,0.864
2025-04-20 06:00:00,225.67,3.5302,796.64,1292.79,0.199159,50.01,0.874
2025-04-20 06:15:00,222.96,3.2432,723.13,1453.41,0.180781,49.89,0.955
2025-04-20 06:30:00,218.70,3.2855,718.53,1292.56,0.179633,49.90,0.871
2025-04-20 06:45:00,223.71,3.3218,743.14,1162.95,0.185784,50.11,0.911
2025-04-20 07:00:00,218.45,2.8056,612.90,1130.66,0.153224,50.11,0.874
2025-04-20 07:15:00,227.93,2.4208,551.76,1028.08,0.137941,50.14,0.941
2025-04-20 07:30:00,221.24,5.2664,1165.15,1991.54,0.291287,49.89,0.875
2025-04-20 07:45:00,219.29,2.9264,641.73,1100.10,0.160433,50.09,0.858
2025-04-20 08:00:00,221.79,2.6175,580.52,829.40,0.145130,50.03,0.953
2025-04-20 08:15:00,223.18,2.6953,601.53,1231.69,0.150382,50.10,0.886
2025-04-20 08:30:00,221.13,3.4472,762.28,1477.89,0.190571,50.12,0.962
2025-04-20 08:45:00,223.44,5.2034,1162.64,1995.40,0.290661,49.94,0.902
2025-04-20 09:00:00,222.46,4.3347,964.30,1734.94,0.241075,50.03,0.945
2025-04-20 09:15:00,223.07,4.3340,966.77,1893.79,0.241693,50.07,0.822
2025-04-20 09:30:00,220.56,4.4459,980.59,2039.51,0.245147,50.05,0.962
2025-04-20 09:45:00,227.76,3.6229,825.17,1724.53,0.206292,50.07,0.938
2025-04-20 10:00:00,223.26,6.4303,1435.65,2690.84,0.358913,49.92,0.864
2025-04-20 10:15:00,225.89,5.8700,1325.97,2325.64,0.331493,50.02,0.878
2025-04-20 10:30:00,222.09,5.1817,1150.80,1777.17,0.287700,50.11,0.878
2025-04-20 10:45:00,224.40,6.2493,1402.36,2428.59,0.350589,49.99,0.877
2025-04-20 11:00:00,217.79,6.7694,1474.28,2321.42,0.368569,50.01,0.857
2025-04-20 11:15:00,223.09,6.4974,1449.53,2867.71,0.362382,50.04,0.888
2025-04-20 11:30:00,223.44,7.2861,1628.03,3346.75,0.407007,50.19,0.937
2025-04-20 11:45:00,221.59,6.5593,1453.50,2919.68,0.363375,49.87,0.872
2025-04-20 12:00:00,221.79,6.9822,1548.60,2509.22,0.387151,50.12,0.886
2025-04-20 12:15:00,220.79,8.3149,1835.89,2674.99,0.458972,49.86,0.920
2025-04-20 12:30:00,218.39,9.9013,2162.33,3877.17,0.540582,50.19,0.899
2025-04-20 12:45:00,224.18,7.0928,1590.07,3156.32,0.397517,49.97,0.848
2025-04-20 13:00:00,218.07,6.5114,1419.97,2177.26,0.354991,49.99,0.860
2025-04-20 13:15:00,222.26,6.8186,1515.50,2817.16,0.378874,50.13,0.901
2025-04-20 13:30:00,223.18,6.5949,1471.83,2189.58,0.367958,49.90,0.932
2025-04-20 13:45:00,226.53,7.7449,1754.47,3146.02,0.438618,50.13,0.866
2025-04-20 14:00:00,225.36,6.0129,1355.09,2974.73,0.338772,50.00,0.938
2025-04-20 14:15:00,224.39,7.6042,1706.32,3044.90,0.426581,49.91,0.904
2025-04-20 14:30:00,223.04,5.8902,1313.74,2844.95,0.328436,50.19,0.833
2025-04-20 14:45:00,222.40,6.4075,1425.01,2597.75,0.356253,50.13,0.935
2025-04-20 15:00:00,224.87,5.9609,1340.41,2803.94,0.335101,50.12,0.975
2025-04-20 15:15:00,220.11,5.6357,1240.48,1876.94,0.310120,50.01,0.950
2025-04-20 15:30:00,222.12,5.4112,1201.90,1946.73,0.300476,49.82,0.962
2025-04-20 15:45:00,227.88,4.7430,1080.85,2254.78,0.270213,50.07,0.877
2025-04-20 16:00:00,220.31,3.5068,772.57,1641.85,0.193143,50.00,0.895
2025-04-20 16:15:00,227.35,5.3566,1217.85,2334.21,0.304462,50.09,0.838
2025-04-20 16:30:00,218.22,6.2489,1363.64,2841.06,0.340910,50.16,0.979
2025-04-20 16:45:00,218.40,3.8638,843.86,1383.77,0.210965,50.01,0.949
2025-04-20 17:00:00,219.99,1.6516,363.34,721.61,0.090835,50.13,0.919
2025-04-20 17:15:00,225.51,1.8668,420.99,831.98,0.105246,49.95,0.893
2025-04-20 17:30:00,218.14,1.9449,424.26,869.73,0.106065,49.85,0.956
2025-04-20 17:45:00,224.91,1.8978,426.85,777.03,0.106711,49.90,0.958
2025-04-20 18:00:00,225.50,1.7138,386.45,836.65,0.096613,49.91,0.831
2025-04-20 18:15:00,221.69,1.8553,411.30,851.18,0.102825,49.93,0.867
2025-04-20 18:30:00,221.03,2.4653,544.91,1766.32,0.136226,49.81,0.967
2025-04-20 18:45:00,224.13,1.5452,346.33,684.18,0.086582,50.09,0.908
2025-04-20 19:00:00,227.42,1.6316,371.07,760.29,0.092768,50.04,0.939
2025-04-20 19:15:00,227.79,1.3958,317.95,587.77,0.079488,50.10,0.856
2025-04-20 19:30:00,223.84,2.3893,534.82,1148.98,0.133706,50.14,0.956
2025-04-20 19:45:00,222.71,1.7088,380.57,766.57,0.095143,50.11,0.842
2025-04-20 20:00:00,227.10,1.6052,364.54,790.35,0.091134,49.97,0.887
2025-04-20 20:15:00,217.63,1.6789,365.39,584.57,0.091346,50.13,0.895
2025-04-20 20:30:00,223.39,1.7636,393.97,718.46,0.098492,50.05,0.903
2025-04-20 20:45:00,222.64,1.6566,368.82,660.70,0.092206,50.11,0.853
2025-04-20 21:00:00,221.38,1.9536,432.48,653.57,0.108121,49.94,0.961
2025-04-20 21:15:00,217.93,1.9061,415.40,645.15,0.103850,49.91,0.961
2025-04-20 21:30:00,223.81,1.5600,349.14,625.54,0.087286,49.83,0.919
2025-04-20 21:45:00,227.10,1.5079,342.43,751.80,0.085609,49.95,0.910
2025-04-20 22:00:00,223.27,1.8610,415.50,748.60,0.103874,50.16,0.896
2025-04-20 22:15:00,226.50,1.8890,427.87,625.57,0.106967,50.00,0.932
2025-04-20 22:30:00,223.99,2.1260,476.20,839.50,0.119049,50.03,0.828
2025-04-20 22:45:00,224.00,2.0003,448.06,697.80,0.112016,49.95,0.912
2025-04-20 23:00:00,222.51,4.1282,918.56,1699.95,0.229640,50.14,0.835
2025-04-20 23:15:00,220.57,4.6089,1016.58,1833.80,0.254145,50.15,0.910
2025-04-20 23:30:00,219.24,4.9863,1093.19,1979.73,0.273298,50.11,0.833
2025-04-20 23:45:00,222.85,4.5105,1005.19,2026.04,0.251298,49.87,0.885
2025-04-21 00:00:00,222.71,8.3794,1866.19,3834.17,0.466549,49.87,0.955
2025-04-21 00:15:00,220.46,4.5926,1012.47,1991.23,0.253117,50.11,0.944
2025-04-21 00:30:00,223.73,5.2761,1180.41,1981.22,0.295103,49.83,0.900
2025-04-21 00:45:00,221.27,4.7369,1048.14,2267.34,0.262036,49.85,0.977
2025-04-21 01:00:00,224.54,4.3522,977.25,1988.70,0.244313,49.88,0.820
2025-04-21 01:15:00,218.47,4.1557,907.89,1316.31,0.226972,50.12,0.922
2025-04-21 01:30:00,217.55,4.8417,1053.29,1491.37,0.263324,49.94,0.976
2025-04-21 01:45:00,222.89,3.8102,849.26,1865.81,0.212315,50.12,0.930
2025-04-21 02:00:00,227.76,2.9367,668.87,964.07,0.167216,50.03,0.901
2025-04-21 02:15:00,219.49,2.9746,652.91,1319.60,0.163227,50.19,0.962
2025-04-21 02:30:00,218.88,2.3732,519.46,852.07,0.129865,50.19,0.905
2025-04-21 02:45:00,224.61,2.3660,531.44,909.37,0.132860,50.17,0.896
2025-04-21 03:00:00,218.75,2.5089,548.82,910.14,0.137205,50.07,0.960
2025-04-21 03:15:00,223.70,2.5438,569.06,990.00,0.142266,49.91,0.915
2025-04-21 03:30:00,225.83,2.7034,610.52,1049.73,0.152631,49.88,0.913
2025-04-21 03:45:00,224.32,2.4713,554.36,968.41,0.138590,49.86,0.859
2025-04-21 04:00:00,227.17,2.9344,666.61,952.32,0.166651,49.97,0.875
2025-04-21 04:15:00,220.66,2.3980,529.15,838.51,0.132288,50.11,0.954
2025-04-21 04:30:00,220.12,2.6638,586.35,1175.36,0.146588,50.00,0.853
2025-04-21 04:45:00,225.85,2.2650,511.55,976.13,0.127888,49.88,0.888
2025-04-21 05:00:00,227.16,3.3682,765.12,1551.17,0.191280,50.20,0.956
2025-04-21 05:15:00,225.90,2.9346,662.93,1129.06,0.165732,50.15,0.858
2025-04-21 05:30:00,222.20,3.0640,680.84,1219.61,0.170209,50.09,0.833
2025-04-21 05:45:00,227.34,3.3649,764.96,1174.28,0.191241,49.97,0.848
2025-04-21 06:00:00,225.59,3.2539,734.06,1430.26,0.183515,49.82,0.884
2025-04-21 06:15:00,226.25,2.9562,668.83,1009.34,0.167207,50.08,0.865
2025-04-21 06:30:00,218.40,3.3108,723.08,1106.93,0.180770,50.17,0.934
2025-04-21 06:45:00,223.31,2.5406,567.34,866.54,0.141835,49.97,0.882
2025-04-21 07:00:00,222.37,2.1616,480.67,692.26,0.120166,50.02,0.924
2025-04-21 07:15:00,222.98,2.1364,476.36,967.72,0.119090,49.99,0.899
2025-04-21 07:30:00,227.53,3.6906,839.72,2134.93,0.209930,49.92,0.944
2025-04-21 07:45:00,222.71,2.3380,520.72,851.11,0.130179,50.09,0.878
2025-04-21 08:00:00,227.13,2.7409,622.54,1046.45,0.155636,50.19,0.883
2025-04-21 08:15:00,221.68,2.2884,507.29,1027.21,0.126821,49.81,0.913
2025-04-21 08:30:00,227.04,2.4702,560.85,905.04,0.140213,50.17,0.839
2025-04-21 08:45:00,218.44,2.3170,506.13,1033.87,0.126531,49.94,0.914
2025-04-21 09:00:00,221.72,3.8121,845.22,1853.78,0.211306,49.97,0.871
2025-04-21 09:15:00,220.60,3.4152,753.40,1087.75,0.188350,50.12,0.967
2025-04-21 09:30:00,218.15,3.7572,819.63,1719.53,0.204906,50.12,0.976
2025-04-21 09:45:00,221.23,3.6440,806.18,1687.03,0.201545,49.82,0.939
2025-04-21 10:00:00,225.72,4.8994,1105.88,2258.58,0.276470,50.13,0.926
2025-04-21 10:15:00,218.61,8.3544,1826.36,2914.39,0.456589,50.01,0.956
2025-04-21 10:30:00,220.71,5.1706,1141.18,2311.66,0.285296,49.90,0.956
2025-04-21 10:45:00,226.74,5.2971,1201.04,1995.97,0.300260,50.04,0.905
2025-04-21 11:00:00,221.51,6.0478,1339.63,1980.58,0.334907,50.17,0.921
2025-04-21 11:15:00,220.84,6.2136,1372.22,2490.59,0.343055,49.85,0.978
2025-04-21 11:30:00,223.89,5.2013,1164.54,1734.98,0.291134,50.03,0.895
2025-04-21 11:45:00,220.12,5.5303,1217.33,2623.31,0.304332,49.99,0.904
2025-04-21 12:00:00,220.95,6.1623,1361.57,2942.06,0.340392,50.00,0.888
2025-04-21 12:15:00,220.88,6.0709,1340.92,2650.79,0.335229,49.91,0.860
2025-04-21 12:30:00,218.26,6.7499,1473.24,3094.29,0.368310,49.93,0.961
2025-04-21 12:45:00,226.87,5.8816,1334.37,2852.35,0.333593,49.92,0.953
2025-04-21 13:00:00,218.03,6.3984,1395.02,1976.70,0.348756,49.97,0.958
2025-04-21 13:15:00,221.93,7.0101,1555.77,3317.22,0.388943,50.00,0.904
2025-04-21 13:30:00,223.15,6.2359,1391.56,2054.51,0.347889,50.08,0.825
2025-04-21 13:45:00,222.54,6.0253,1340.88,2353.13,0.335221,50.02,0.836
2025-04-21 14:00:00,221.80,6.0502,1341.95,2835.90,0.335487,50.01,0.971
2025-04-21 14:15:00,219.50,8.1396,1786.64,3221.68,0.446660,50.10,0.937
2025-04-21 14:30:00,221.83,6.0136,1333.99,2168.38,0.333498,49.90,0.924
2025-04-21 14:45:00,220.64,6.4172,1415.86,2531.36,0.353966,49.95,0.850
2025-04-21 15:00:00,219.16,4.1027,899.13,1276.07,0.224782,49.90,0.829
2025-04-21 15:15:00,222.41,4.0480,900.32,1786.01,0.225081,49.92,0.934
2025-04-21 15:30:00,217.72,4.8689,1060.05,1996.45,0.265011,50.07,0.974
2025-04-21 15:45:00,220.10,4.5651,1004.78,1941.10,0.251196,50.13,0.824
2025-04-21 16:00:00,221.64,2.6845,595.00,1076.32,0.148749,50.09,0.924
2025-04-21 16:15:00,220.88,4.3292,956.23,1579.40,0.239058,50.14,0.858
2025-04-21 16:30:00,219.52,2.6693,585.97,1159.72,0.146493,49.95,0.957
2025-04-21 16:45:00,223.29,4.3538,972.15,2410.80,0.243038,50.20,0.849
2025-04-21 17:00:00,220.81,1.6987,375.10,605.13,0.093774,50.03,0.978
2025-04-21 17:15:00,223.35,1.8096,404.18,833.66,0.101045,50.11,0.961
2025-04-21 17:30:00,218.44,2.0281,443.02,790.32,0.110756,49.94,0.941
2025-04-21 17:45:00,225.46,1.7210,388.02,592.01,0.097004,49.81,0.856
2025-04-21 18:00:00,221.03,1.9166,423.63,709.44,0.105908,50.15,0.933
2025-04-21 18:15:00,224.01,1.9188,429.83,773.37,0.107457,49.94,0.867
2025-04-21 18:30:00,227.92,1.8406,419.51,604.01,0.104878,50.02,0.873
2025-04-21 18:45:00,221.37,1.9400,429.46,803.25,0.107364,49.87,0.865
2025-04-21 19:00:00,220.29,1.7725,390.47,723.26,0.097617,49.82,0.887
2025-04-21 19:15:00,227.97,1.5126,344.83,726.33,0.086207,49.95,0.897
2025-04-21 19:30:00,223.15,1.5014,335.04,674.11,0.083761,49.98,0.887
2025-04-21 19:45:00,220.62,2.6638,587.70,1320.38,0.146925,50.17,0.915
2025-04-21 20:00:00,224.53,1.7437,391.50,570.10,0.097875,49.98,0.887
2025-04-21 20:15:00,219.99,1.6344,359.57,628.03,0.089892,50.19,0.900
2025-04-21 20:30:00,222.30,1.7419,387.21,568.25,0.096803,49.88,0.892
2025-04-21 20:45:00,223.80,3.0160,675.00,1193.20,0.168749,49.85,0.839
2025-04-21 21:00:00,221.23,1.7018,376.49,576.29,0.094122,50.03,0.870
2025-04-21 21:15:00,221.01,1.8909,417.90,766.68,0.104476,50.15,0.937
2025-04-21 21:30:00,219.77,1.9044,418.53,908.62,0.104633,50.02,0.887
2025-04-21 21:45:00,223.73,1.6697,373.57,611.72,0.093392,49.81,0.970
2025-04-21 22:00:00,227.85,2.1813,496.99,1022.41,0.124247,49.97,0.969
2025-04-21 22:15:00,223.11,1.8921,422.14,843.32,0.105536,49.84,0.977
2025-04-21 22:30:00,224.60,2.1367,479.90,964.27,0.119975,49.84,0.963
2025-04-21 22:45:00,223.66,1.9915,445.42,673.95,0.111355,49.80,0.867
2025-04-21 23:00:00,219.47,4.5835,1005.96,1936.12,0.251491,49.82,0.917
2025-04-21 23:15:00,221.48,4.4098,976.68,1437.30,0.244171,49.88,0.940
2025-04-21 23:30:00,224.15,4.8067,1077.44,1513.02,0.269360,49.95,0.840
2025-04-21 23:45:00,223.40,4.6440,1037.49,1617.62,0.259372,49.82,0.915
2025-04-22 00:00:00,220.53,5.4760,1207.59,2130.34,0.301897,50.00,0.910
2025-04-22 00:15:00,225.67,5.1999,1173.47,2136.95,0.293366,50.04,0.921
2025-04-22 00:30:00,222.82,5.0271,1120.13,1589.44,0.280033,49.83,0.974
2025-04-22 00:45:00,220.08,4.9289,1084.75,2348.73,0.271187,50.13,0.908
2025-04-22 01:00:00,219.87,4.2459,933.55,1518.45,0.233387,50.17,0.925
2025-04-22 01:15:00,222.80,6.7090,1494.77,2895.86,0.373693,49.91,0.976
2025-04-22 01:30:00,222.00,4.8293,1072.10,2279.80,0.268026,50.08,0.931
2025-04-22 01:45:00,220.03,4.5875,1009.36,1979.99,0.252339,50.17,0.946
2025-04-22 02:00:00,219.91,4.2846,942.22,1197.07,0.235555,49.82,0.892
2025-04-22 02:15:00,220.74,2.9277,646.27,1157.56,0.161568,50.19,0.905
2025-04-22 02:30:00,226.22,2.4008,543.12,1154.68,0.135779,50.03,0.938
2025-04-22 02:45:00,220.95,2.4678,545.28,936.23,0.136319,49.87,0.925
2025-04-22 03:00:00,225.86,2.2076,498.61,1027.27,0.124653,50.16,0.927
2025-04-22 03:15:00,218.08,2.4407,532.27,803.43,0.133067,49.82,0.876
2025-04-22 03:30:00,223.98,2.3397,524.04,787.06,0.131009,49.88,0.840
2025-04-22 03:45:00,227.00,2.4182,548.93,796.10,0.137232,50.04,0.821
2025-04-22 04:00:00,226.93,2.5833,586.24,1101.72,0.146560,49.83,0.865
2025-04-22 04:15:00,227.01,2.5421,577.09,1269.23,0.144272,50.04,0.841
2025-04-22 04:30:00,223.90,4.0165,899.28,2620.50,0.224821,49.94,0.907
2025-04-22 04:45:00,222.13,2.5274,561.41,1194.65,0.140352,50.18,0.824
2025-04-22 05:00:00,218.74,3.0017,656.59,1129.45,0.164148,49.99,0.896
2025-04-22 05:15:00,220.40,2.9240,644.43,966.93,0.161108,50.05,0.845
2025-04-22 05:30:00,225.73,3.3834,763.75,1317.63,0.190938,49.84,0.926
2025-04-22 05:45:00,222.34,3.4706,771.64,1505.57,0.192910,49.93,0.868
2025-04-22 06:00:00,222.35,2.9367,652.97,1123.48,0.163244,50.04,0.979
2025-04-22 06:15:00,227.27,3.1103,706.89,1139.72,0.176723,49.82,0.907
2025-04-22 06:30:00,225.03,2.5586,575.75,987.16,0.143939,50.14,0.875
2025-04-22 06:45:00,225.52,3.1269,705.17,1502.28,0.176293,50.19,0.921
2025-04-22 07:00:00,220.92,2.7514,607.84,971.66,0.151959,50.17,0.897
2025-04-22 07:15:00,222.35,2.2080,490.94,959.65,0.122736,49.90,0.905
2025-04-22 07:30:00,222.02,2.0335,451.48,820.42,0.112869,50.13,0.899
2025-04-22 07:45:00,223.83,2.2491,503.42,1012.50,0.125855,50.08,0.916
2025-04-22 08:00:00,223.67,2.2665,506.95,1060.88,0.126738,49.87,0.846
2025-04-22 08:15:00,219.70,2.6102,573.48,1232.38,0.143369,50.06,0.821
2025-04-22 08:30:00,219.36,2.8059,615.50,917.19,0.153875,49.91,0.855
2025-04-22 08:45:00,222.29,2.7362,608.23,1305.60,0.152057,49.97,0.889
2025-04-22 09:00:00,227.25,2.8928,657.38,1125.71,0.164344,49.82,0.926
2025-04-22 09:15:00,223.44,3.5579,794.98,1642.89,0.198744,49.81,0.866
2025-04-22 09:30:00,223.08,2.9432,656.57,1385.79,0.164143,50.05,0.871
2025-04-22 09:45:00,217.59,3.6831,801.39,1398.35,0.200348,49.80,0.975
2025-04-22 10:00:00,223.55,4.9932,1116.21,1673.42,0.279052,50.11,0.891
2025-04-22 10:15:00,221.30,4.3669,966.40,1742.19,0.241600,50.06,0.943
2025-04-22 10:30:00,220.61,5.1364,1133.15,2336.50,0.283289,49.87,0.839
2025-04-22 10:45:00,222.16,4.1829,929.29,1458.03,0.232322,49.81,0.911
2025-04-22 11:00:00,226.60,6.2468,1415.51,2883.68,0.353878,49.99,0.904
2025-04-22 11:15:00,223.50,6.2526,1397.47,2095.96,0.349368,49.93,0.890
2025-04-22 11:30:00,223.92,7.6783,1719.29,3563.48,0.429823,50.16,0.917
2025-04-22 11:45:00,224.87,4.7281,1063.21,1539.49,0.265802,50.10,0.843
2025-04-22 12:00:00,223.02,10.6745,2380.65,5262.36,0.595161,50.14,0.872
2025-04-22 12:15:00,222.87,10.9480,2440.03,3529.55,0.610008,49.90,0.967
2025-04-22 12:30:00,219.39,6.2297,1366.72,2537.31,0.341681,50.17,0.894
2025-04-22 12:45:00,220.84,6.6988,1479.35,3008.09,0.369838,49.98,0.824
2025-04-22 13:00:00,219.88,6.9468,1527.46,2859.53,0.381866,49.80,0.957
2025-04-22 13:15:00,219.76,5.3699,1180.06,1687.42,0.295016,50.08,0.825
2025-04-22 13:30:00,221.59,6.9407,1538.00,3079.13,0.384500,49.82,0.954
2025-04-22 13:45:00,218.71,6.8887,1506.66,2670.60,0.376665,50.14,0.857
2025-04-22 14:00:00,217.62,6.0569,1318.09,2344.17,0.329523,49.92,0.880
2025-04-22 14:15:00,220.95,4.7765,1055.35,1548.59,0.263838,50.05,0.964
2025-04-22 14:30:00,225.61,6.6985,1511.24,3108.31,0.377811,49.91,0.899
2025-04-22 14:45:00,224.13,10.0861,2260.57,3865.74,0.565143,49.89,0.896
2025-04-22 15:00:00,227.36,4.9877,1134.02,1845.38,0.283505,50.09,0.947
2025-04-22 15:15:00,226.21,5.0765,1148.34,2369.66,0.287085,49.89,0.870
2025-04-22 15:30:00,224.30,4.5581,1022.40,1523.60,0.255599,49.84,0.918
2025-04-22 15:45:00,224.47,4.4056,988.92,2150.28,0.247230,50.01,0.942
2025-04-22 16:00:00,224.15,2.8326,634.92,1095.17,0.158731,49.88,0.861
2025-04-22 16:15:00,221.36,3.3316,737.50,1130.29,0.184374,50.20,0.976
2025-04-22 16:30:00,220.23,3.3739,743.04,1217.35,0.185760,49.87,0.868
2025-04-22 16:45:00,227.66,2.5515,580.87,1037.11,0.145217,49.86,0.966
2025-04-22 17:00:00,219.68,2.0737,455.53,714.03,0.113883,50.07,0.929
2025-04-22 17:15:00,219.79,1.9985,439.27,726.42,0.109816,49.99,0.863
2025-04-22 17:30:00,224.80,2.0645,464.10,982.80,0.116025,50.11,0.938
2025-04-22 17:45:00,219.63,1.9856,436.09,676.92,0.109024,50.09,0.943
2025-04-22 18:00:00,218.21,1.6609,362.42,792.43,0.090605,50.17,0.939
2025-04-22 18:15:00,225.96,1.7376,392.63,574.76,0.098158,50.00,0.902
2025-04-22 18:30:00,218.59,1.6748,366.09,790.90,0.091524,50.16,0.951
2025-04-22 18:45:00,223.51,1.4787,330.51,580.11,0.082627,50.13,0.850
2025-04-22 19:00:00,224.42,1.7708,397.41,822.96,0.099353,50.00,0.826
2025-04-22 19:15:00,224.50,1.4005,314.41,509.66,0.078602,50.15,0.860
2025-04-22 19:30:00,222.76,1.6115,358.97,538.08,0.089743,49.97,0.842
2025-04-22 19:45:00,227.13,1.3922,316.21,646.66,0.079053,49.91,0.903
2025-04-22 20:00:00,222.18,1.7326,384.94,698.60,0.096234,49.93,0.840
2025-04-22 20:15:00,219.59,1.3800,303.04,595.45,0.075760,49.84,0.924
2025-04-22 20:30:00,224.91,2.4814,558.09,1277.67,0.139521,49.94,0.966
2025-04-22 20:45:00,222.47,1.6447,365.90,692.04,0.091474,49.99,0.823
2025-04-22 21:00:00,221.29,1.5829,350.28,547.64,0.087569,50.00,0.886
2025-04-22 21:15:00,220.18,1.7014,374.63,591.12,0.093657,49.95,0.857
2025-04-22 21:30:00,221.94,1.8116,402.06,654.49,0.100515,49.95,0.921
2025-04-22 21:45:00,219.91,1.5523,341.36,559.23,0.085339,49.96,0.826
2025-04-22 22:00:00,223.30,2.3519,525.19,1002.18,0.131297,50.04,0.859
2025-04-22 22:15:00,217.84,2.4165,526.40,884.17,0.131600,49.80,0.882
2025-04-22 22:30:00,221.73,2.0154,446.87,654.78,0.111719,49.83,0.910
2025-04-22 22:45:00,226.94,2.2269,505.35,864.37,0.126339,50.10,0.851
2025-04-22 23:00:00,222.02,4.4563,989.39,1606.47,0.247347,49.92,0.945
2025-04-22 23:15:00,218.58,7.4963,1638.54,2616.73,0.409634,49.99,0.824
2025-04-22 23:30:00,226.08,4.7331,1070.05,1577.85,0.267511,49.87,0.889
2025-04-22 23:45:00,218.69,4.3815,958.19,1562.04,0.239548,49.86,0.940
2025-04-23 00:00:00,222.53,6.0030,1335.86,2858.16,0.333964,50.08,0.863
2025-04-23 00:15:00,227.16,4.6398,1053.97,1876.57,0.263494,49.93,0.906
2025-04-23 00:30:00,220.21,7.0873,1560.70,3327.23,0.390175,49.95,0.976
2025-04-23 00:45:00,220.53,5.3278,1174.92,1928.72,0.293729,49.87,0.861
2025-04-23 01:00:00,227.85,4.0524,923.35,1468.15,0.230837,50.17,0.968
2025-04-23 01:15:00,222.59,7.7490,1724.84,3481.66,0.431211,49.91,0.868
2025-04-23 01:30:00,224.73,4.0954,920.34,1983.32,0.230084,49.82,0.950
2025-04-23 01:45:00,226.32,4.1768,945.27,1775.08,0.236318,50.18,0.851
2025-04-23 02:00:00,221.49,2.3063,510.82,757.41,0.127705,50.03,0.972
2025-04-23 02:15:00,219.91,2.8149,619.02,1160.12,0.154755,49.83,0.959
2025-04-23 02:30:00,217.82,2.8035,610.65,1144.77,0.152663,50.05,0.942
2025-04-23 02:45:00,226.64,3.6260,821.79,1520.34,0.205447,49.86,0.858
2025-04-23 03:00:00,222.71,2.4462,544.79,979.30,0.136197,50.02,0.941
2025-04-23 03:15:00,219.89,2.5557,561.98,1102.95,0.140496,50.03,0.969
2025-04-23 03:30:00,224.13,2.3270,521.56,925.44,0.130389,50.10,0.835
2025-04-23 03:45:00,218.54,4.2916,937.89,1923.78,0.234472,49.94,0.848
2025-04-23 04:00:00,219.33,2.9887,655.52,1409.80,0.163880,49.94,0.869
2025-04-23 04:15:00,224.90,3.0048,675.77,1451.86,0.168943,49.93,0.927
2025-04-23 04:30:00,219.30,2.3452,514.32,878.57,0.128580,49.82,0.972
2025-04-23 04:45:00,223.36,2.5638,572.66,999.40,0.143166,50.05,0.947
2025-04-23 05:00:00,222.23,2.9943,665.43,1160.90,0.166357,49.95,0.910
2025-04-23 05:15:00,226.98,2.6794,608.16,1047.93,0.152039,50.20,0.843
2025-04-23 05:30:00,225.03,2.8040,630.99,1095.71,0.157747,50.05,0.943
2025-04-23 05:45:00,222.87,2.8745,640.64,1365.82,0.160161,49.83,0.941
2025-04-23 06:00:00,222.80,2.8957,645.14,942.34,0.161286,49.94,0.973
2025-04-23 06:15:00,225.72,3.2775,739.80,1554.09,0.184951,49.94,0.851
2025-04-23 06:30:00,224.00,2.7254,610.50,1003.75,0.152624,49.99,0.882
2025-04-23 06:45:00,223.48,3.1253,698.44,1415.06,0.174611,49.82,0.876
2025-04-23 07:00:00,221.80,2.6921,597.12,1231.49,0.149279,50.05,0.903
2025-04-23 07:15:00,225.02,2.6815,603.40,1192.84,0.150850,50.11,0.846
2025-04-23 07:30:00,227.51,2.2510,512.12,856.42,0.128030,49.86,0.961
2025-04-23 07:45:00,223.34,2.2822,509.72,919.00,0.127430,49.87,0.967
2025-04-23 08:00:00,223.11,2.2550,503.11,788.98,0.125778,49.81,0.870
2025-04-23 08:15:00,226.29,2.7368,619.32,888.58,0.154830,50.03,0.825
2025-04-23 08:30:00,217.72,2.3803,518.24,1112.95,0.129559,49.94,0.916
2025-04-23 08:45:00,226.09,2.8635,647.40,1076.22,0.161849,49.94,0.874
2025-04-23 09:00:00,227.87,3.2050,730.34,1515.39,0.182586,50.10,0.920
2025-04-23 09:15:00,222.91,3.4477,768.53,1445.44,0.192133,50.19,0.869
2025-04-23 09:30:00,224.98,3.5304,794.26,1612.62,0.198566,50.08,0.914
2025-04-23 09:45:00,221.13,3.7184,822.26,1553.21,0.205564,49.92,0.949
2025-04-23 10:00:00,221.56,5.5059,1219.88,2477.74,0.304970,49.92,0.830
2025-04-23 10:15:00,224.12,4.6060,1032.31,1476.77,0.258079,50.17,0.852
2025-04-23 10:30:00,219.29,4.4115,967.40,2044.40,0.241851,49.91,0.944
2025-04-23 10:45:00,225.00,4.5129,1015.38,1790.38,0.253845,50.12,0.976
2025-04-23 11:00:00,227.27,6.2094,1411.20,2766.99,0.352799,50.00,0.889
2025-04-23 11:15:00,224.51,4.9684,1115.44,1946.26,0.278860,49.85,0.847
2025-04-23 11:30:00,225.69,6.0642,1368.62,2285.36,0.342156,50.00,0.824
2025-04-23 11:45:00,226.16,6.1563,1392.28,2677.03,0.348071,49.95,0.874
2025-04-23 12:00:00,225.78,6.4527,1456.91,2966.67,0.364227,49.99,0.882
2025-04-23 12:15:00,223.99,6.0838,1362.74,2065.30,0.340685,50.16,0.936
2025-04-23 12:30:00,222.27,5.5040,1223.38,2633.34,0.305846,50.18,0.972
2025-04-23 12:45:00,222.44,6.5855,1464.86,3182.81,0.366215,50.03,0.977
2025-04-23 13:00:00,225.97,5.3412,1206.96,2296.14,0.301740,50.15,0.974
2025-04-23 13:15:00,224.86,6.7092,1508.63,2114.54,0.377158,49.96,0.912
2025-04-23 13:30:00,220.14,6.3146,1390.09,2698.82,0.347523,49.89,0.919
2025-04-23 13:45:00,224.93,5.3407,1201.26,2339.25,0.300314,50.15,0.922
2025-04-23 14:00:00,222.89,5.1816,1154.92,2251.37,0.288731,50.18,0.960
2025-04-23 14:15:00,226.81,5.9571,1351.12,2722.47,0.337779,50.05,0.832
2025-04-23 14:30:00,227.48,7.6151,1732.33,5117.66,0.433081,50.04,0.904
2025-04-23 14:45:00,217.70,6.2643,1363.73,1952.21,0.340933,50.14,0.947
2025-04-23 15:00:00,224.21,4.0643,911.25,1604.29,0.227813,49.88,0.971
2025-04-23 15:15:00,217.55,5.2167,1134.90,1809.07,0.283725,50.01,0.907
2025-04-23 15:30:00,218.17,4.3981,959.53,2086.70,0.239881,49.96,0.953
2025-04-23 15:45:00,222.78,4.5543,1014.62,1759.42,0.253654,49.99,0.873
2025-04-23 16:00:00,222.78,3.0699,683.92,1402.17,0.170980,49.86,0.960
2025-04-23 16:15:00,224.00,2.8315,634.26,932.28,0.158565,49.83,0.936
2025-04-23 16:30:00,220.86,3.2588,719.72,1321.39,0.179931,49.88,0.834
2025-04-23 16:45:00,218.67,3.3309,728.38,1048.74,0.182095,49.97,0.861
2025-04-23 17:00:00,219.67,2.0149,442.61,759.60,0.110652,50.02,0.847
2025-04-23 17:15:00,224.60,2.2487,505.06,1339.82,0.126266,50.15,0.973
2025-04-23 17:30:00,225.26,1.6303,367.25,587.62,0.091812,49.84,0.824
2025-04-23 17:45:00,227.43,1.8967,431.37,882.41,0.107843,50.16,0.958
2025-04-23 18:00:00,222.04,1.8768,416.73,761.10,0.104182,50.12,0.881
2025-04-23 18:15:00,219.07,1.7612,385.83,552.74,0.096457,50.17,0.822
2025-04-23 18:30:00,221.07,1.4793,327.03,527.56,0.081757,49.95,0.939
2025-04-23 18:45:00,226.64,1.6459,373.03,551.17,0.093257,50.09,0.870
2025-04-23 19:00:00,220.71,1.8181,401.27,781.90,0.100318,49.91,0.896
2025-04-23 19:15:00,225.07,1.5345,345.38,725.30,0.086345,50.18,0.959
2025-04-23 19:30:00,227.97,1.5652,356.81,554.09,0.089203,50.16,0.849
2025-04-23 19:45:00,217.85,1.4450,314.80,681.56,0.078700,50.10,0.849
2025-04-23 20:00:00,226.25,1.5974,361.40,642.59,0.090349,49.90,0.878
2025-04-23 20:15:00,227.25,1.4203,322.77,656.02,0.080693,50.12,0.951
2025-04-23 20:30:00,218.95,1.7762,388.89,730.60,0.097223,50.10,0.967
2025-04-23 20:45:00,220.31,1.5407,339.43,491.22,0.084858,49.91,0.891
2025-04-23 21:00:00,218.83,1.8256,399.50,656.62,0.099876,49.97,0.877
2025-04-23 21:15:00,221.78,2.1901,485.74,1072.89,0.121434,50.08,0.975
2025-04-23 21:30:00,218.06,1.6594,361.84,675.86,0.090461,50.12,0.872
2025-04-23 21:45:00,218.62,1.5710,343.46,569.07,0.085864,50.04,0.821
2025-04-23 22:00:00,217.67,2.4471,532.67,894.05,0.133166,50.14,0.903
2025-04-23 22:15:00,226.49,1.8477,418.50,791.98,0.104626,50.13,0.925
2025-04-23 22:30:00,226.48,1.9792,448.27,966.16,0.112066,50.16,0.943
2025-04-23 22:45:00,222.08,2.6682,592.56,1633.30,0.148141,49.88,0.821
2025-04-23 23:00:00,224.79,4.0678,914.41,2001.58,0.228604,50.13,0.891
2025-04-23 23:15:00,224.55,4.5612,1024.24,2074.75,0.256059,49.91,0.869
2025-04-23 23:30:00,224.65,4.8287,1084.78,1760.23,0.271196,49.81,0.931
2025-04-23 23:45:00,223.35,8.6856,1939.93,3350.08,0.484982,50.19,0.922
2025-04-24 00:00:00,220.12,9.3830,2065.44,4637.62,0.516360,49.92,0.862
2025-04-24 00:15:00,220.30,4.7866,1054.48,1699.95,0.263621,50.09,0.838
2025-04-24 00:30:00,226.43,5.3292,1206.68,1976.05,0.301670,50.04,0.906
2025-04-24 00:45:00,224.15,9.2060,2063.55,4046.71,0.515887,49.96,0.900
2025-04-24 01:00:00,220.95,4.1377,914.23,1375.44,0.228556,49.91,0.857
2025-04-24 01:15:00,224.30,4.6784,1049.38,2207.46,0.262345,50.04,0.843
2025-04-24 01:30:00,225.76,5.6028,1264.88,2968.91,0.316219,49.97,0.945
2025-04-24 01:45:00,225.02,4.2796,963.01,1456.93,0.240752,50.03,0.943
2025-04-24 02:00:00,218.43,2.7234,594.88,1136.45,0.148720,50.11,0.856
2025-04-24 02:15:00,221.55,2.8329,627.62,1150.55,0.156905,49.95,0.888
2025-04-24 02:30:00,227.90,2.5507,581.32,853.51,0.145330,50.14,0.974
2025-04-24 02:45:00,227.64,3.6329,826.98,1698.69,0.206745,49.93,0.956
2025-04-24 03:00:00,219.76,2.2225,488.42,733.50,0.122105,50.12,0.839
2025-04-24 03:15:00,221.05,4.4776,989.75,2159.28,0.247438,50.14,0.908
2025-04-24 03:30:00,220.37,2.6421,582.23,905.00,0.145558,49.99,0.955
2025-04-24 03:45:00,221.30,2.3294,515.50,834.92,0.128875,50.17,0.871
2025-04-24 04:00:00,222.82,2.5907,577.27,860.15,0.144316,50.16,0.827
2025-04-24 04:15:00,222.90,2.5652,571.79,1124.59,0.142947,50.07,0.937
2025-04-24 04:30:00,222.30,2.9534,656.54,1328.37,0.164134,49.81,0.923
2025-04-24 04:45:00,226.92,4.3815,994.25,1646.51,0.248564,50.20,0.967
2025-04-24 05:00:00,220.96,2.8151,622.02,1218.24,0.155505,49.87,0.906
2025-04-24 05:15:00,227.71,2.6685,607.64,1057.78,0.151909,50.14,0.939
2025-04-24 05:30:00,219.28,3.5975,788.87,1570.23,0.197217,49.96,0.845
2025-04-24 05:45:00,219.87,2.9992,659.44,1079.96,0.164860,50.15,0.906
2025-04-24 06:00:00,225.21,2.5279,569.32,1201.65,0.142329,50.17,0.880
2025-04-24 06:15:00,224.47,2.9120,653.65,996.09,0.163414,49.89,0.848
2025-04-24 06:30:00,227.87,2.6438,602.44,1013.81,0.150609,49.83,0.920
2025-04-24 06:45:00,217.73,2.6296,572.56,869.65,0.143141,50.10,0.951
2025-04-24 07:00:00,227.67,2.0825,474.12,722.73,0.118530,49.81,0.933
2025-04-24 07:15:00,220.17,2.5482,561.05,1229.29,0.140261,50.00,0.880
2025-04-24 07:30:00,222.57,2.5373,564.72,1129.02,0.141181,50.15,0.944
2025-04-24 07:45:00,226.53,2.3128,523.92,955.10,0.130980,49.88,0.868
2025-04-24 08:00:00,220.58,2.3678,522.28,915.27,0.130570,50.17,0.871
2025-04-24 08:15:00,224.62,2.9088,653.38,1003.91,0.163345,50.07,0.955
2025-04-24 08:30:00,223.13,2.5505,569.10,1236.72,0.142274,49.85,0.864
2025-04-24 08:45:00,227.96,2.4589,560.53,1045.89,0.140132,49.96,0.964
2025-04-24 09:00:00,221.31,3.8656,855.51,1774.57,0.213878,49.87,0.915
2025-04-24 09:15:00,218.37,3.7122,810.64,1431.68,0.202661,50.09,0.826
2025-04-24 09:30:00,217.72,3.9833,867.25,1453.71,0.216814,50.05,0.962
2025-04-24 09:45:00,222.88,2.9944,667.38,1096.77,0.166846,50.19,0.869
2025-04-24 10:00:00,226.73,5.3617,1215.66,1922.68,0.303915,50.18,0.829
2025-04-24 10:15:00,226.70,4.8979,1110.38,1994.64,0.277595,49.90,0.975
2025-04-24 10:30:00,218.70,4.4866,981.21,1794.84,0.245302,50.02,0.969
2025-04-24 10:45:00,225.50,4.7967,1081.68,1573.44,0.270420,50.14,0.858
2025-04-24 11:00:00,218.09,6.2599,1365.22,2067.41,0.341305,50.20,0.870
2025-04-24 11:15:00,218.37,5.8047,1267.57,1777.79,0.316894,49.84,0.919
2025-04-24 11:30:00,221.90,5.8386,1295.59,2672.61,0.323899,49.83,0.835
2025-04-24 11:45:00,218.97,5.8905,1289.82,2806.07,0.322455,49.83,0.902
2025-04-24 12:00:00,226.98,6.3591,1443.40,2088.26,0.360850,49.96,0.850
2025-04-24 12:15:00,218.92,7.8849,1726.19,4024.78,0.431548,50.11,0.946
2025-04-24 12:30:00,222.99,6.0720,1354.02,2874.31,0.338505,49.97,0.976
2025-04-24 12:45:00,227.06,6.9474,1577.49,2399.27,0.394373,49.92,0.965
2025-04-24 13:00:00,220.61,6.9877,1541.57,2544.15,0.385394,49.89,0.896
2025-04-24 13:15:00,226.80,6.3865,1448.44,2317.26,0.362109,50.16,0.852
2025-04-24 13:30:00,220.31,5.3163,1171.25,2243.93,0.292813,50.13,0.965
2025-04-24 13:45:00,226.60,6.3106,1429.98,2924.69,0.357495,49.84,0.969
2025-04-24 14:00:00,226.16,5.5607,1257.63,2735.77,0.314408,49.91,0.866
2025-04-24 14:15:00,220.42,5.2505,1157.31,2487.07,0.289326,50.17,0.877
2025-04-24 14:30:00,227.87,5.7503,1310.33,2245.03,0.327583,49.80,0.850
2025-04-24 14:45:00,227.61,6.1004,1388.53,2298.76,0.347133,49.99,0.960
2025-04-24 15:00:00,224.85,3.8434,864.18,1251.76,0.216045,50.00,0.873
2025-04-24 15:15:00,223.82,6.3959,1431.52,3109.21,0.357881,50.13,0.970
2025-04-24 15:30:00,218.77,6.1813,1352.27,1946.69,0.338068,49.94,0.859
2025-04-24 15:45:00,226.02,4.2863,968.81,1712.78,0.242202,49.94,0.824
2025-04-24 16:00:00,217.70,2.5451,554.06,1178.63,0.138515,49.97,0.919
2025-04-24 16:15:00,220.69,3.2519,717.66,1144.80,0.179415,49.95,0.930
2025-04-24 16:30:00,219.45,2.9984,658.00,930.44,0.164501,49.88,0.874
2025-04-24 16:45:00,226.16,3.1276,707.33,1079.07,0.176833,49.97,0.955
2025-04-24 17:00:00,223.34,2.1052,470.18,877.89,0.117544,49.89,0.914
2025-04-24 17:15:00,225.30,2.0832,469.35,937.18,0.117337,49.95,0.831
2025-04-24 17:30:00,224.55,1.7289,388.22,831.84,0.097055,49.93,0.882
2025-04-24 17:45:00,219.94,2.1234,467.01,774.98,0.116753,49.96,0.858
2025-04-24 18:00:00,223.83,1.6574,370.96,528.95,0.092739,49.92,0.916
2025-04-24 18:15:00,223.19,1.5162,338.41,539.16,0.084603,50.01,0.959
2025-04-24 18:30:00,226.63,1.4809,335.62,514.21,0.083904,50.01,0.948
2025-04-24 18:45:00,224.50,1.9060,427.89,808.56,0.106971,49.87,0.927
2025-04-24 19:00:00,222.60,1.6348,363.92,725.38,0.090979,49.87,0.883
2025-04-24 19:15:00,224.36,1.4448,324.15,547.49,0.081038,49.89,0.945
2025-04-24 19:30:00,222.41,1.6805,373.76,641.56,0.093439,50.00,0.953
2025-04-24 19:45:00,217.88,1.4773,321.89,630.26,0.080472,49.92,0.937
2025-04-24 20:00:00,222.02,1.6948,376.28,678.69,0.094071,49.89,0.954
2025-04-24 20:15:00,218.79,1.8596,406.88,690.54,0.101719,50.07,0.832
2025-04-24 20:30:00,218.84,1.5466,338.45,649.07,0.084613,49.93,0.965
2025-04-24 20:45:00,218.78,1.4465,316.46,526.58,0.079114,50.04,0.842
2025-04-24 21:00:00,217.91,1.6869,367.59,729.63,0.091899,49.81,0.902
2025-04-24 21:15:00,221.12,1.6055,355.00,674.55,0.088749,49.82,0.902
2025-04-24 21:30:00,221.42,1.5553,344.38,695.27,0.086094,50.18,0.957
2025-04-24 21:45:00,227.72,1.7712,403.34,786.75,0.100836,49.95,0.828
2025-04-24 22:00:00,218.42,2.4130,527.06,978.32,0.131765,50.03,0.824
2025-04-24 22:15:00,218.71,2.0549,449.42,746.33,0.112356,49.87,0.915
2025-04-24 22:30:00,225.81,1.7970,405.79,806.62,0.101448,50.19,0.963
2025-04-24 22:45:00,218.93,2.0516,449.15,646.98,0.112289,49.92,0.935
2025-04-24 23:00:00,224.16,4.0755,913.57,1897.54,0.228394,50.10,0.848
2025-04-24 23:15:00,222.88,4.8273,1075.90,2025.49,0.268974,49.82,0.836
2025-04-24 23:30:00,223.24,4.3774,977.21,1905.58,0.244304,49.84,0.888
2025-04-24 23:45:00,224.55,4.3038,966.45,1953.82,0.241611,50.12,0.889
2025-04-25 00:00:00,222.09,5.5554,1233.81,2523.68,0.308454,50.10,0.966
2025-04-25 00:15:00,223.54,4.6583,1041.33,2209.93,0.260332,50.06,0.967
2025-04-25 00:30:00,219.67,5.9822,1314.09,2776.62,0.328523,49.83,0.927
2025-04-25 00:45:00,217.56,5.1690,1124.54,2118.31,0.281136,50.17,0.944
2025-04-25 01:00:00,224.73,3.8219,858.89,1671.61,0.214723,50.07,0.839
2025-04-25 01:15:00,226.00,3.7393,845.08,1646.89,0.211269,49.97,0.863
2025-04-25 01:30:00,226.73,3.6692,831.93,1446.54,0.207983,49.95,0.837
2025-04-25 01:45:00,223.56,4.2105,941.29,1509.33,0.235323,50.17,0.858
2025-04-25 02:00:00,218.11,3.0808,671.96,974.22,0.167991,49.81,0.854
2025-04-25 02:15:00,222.63,2.5583,569.55,999.98,0.142387,49.93,0.843
2025-04-25 02:30:00,224.95,3.8895,874.93,1621.43,0.218733,49.83,0.876
2025-04-25 02:45:00,218.04,2.6298,573.39,945.13,0.143346,50.11,0.832
2025-04-25 03:00:00,223.01,2.5466,567.92,818.82,0.141981,49.95,0.824
2025-04-25 03:15:00,218.66,2.4634,538.65,1092.53,0.134662,49.80,0.959
2025-04-25 03:30:00,217.72,2.1766,473.88,826.09,0.118469,49.83,0.925
2025-04-25 03:45:00,222.00,2.2384,496.92,1049.62,0.124229,50.11,0.883
2025-04-25 04:00:00,223.25,2.2638,505.41,983.46,0.126353,50.04,0.864
2025-04-25 04:15:00,222.02,2.6787,594.72,1166.89,0.148680,50.02,0.956
2025-04-25 04:30:00,217.64,2.6715,581.42,1212.30,0.145355,50.07,0.918
2025-04-25 04:45:00,218.18,2.5160,548.94,1144.42,0.137235,49.84,0.826
2025-04-25 05:00:00,227.42,2.8245,642.34,1129.60,0.160584,50.09,0.977
2025-04-25 05:15:00,222.44,3.3884,753.73,1551.29,0.188431,49.98,0.890
2025-04-25 05:30:00,225.72,3.3771,762.28,1592.81,0.190569,49.80,0.853
2025-04-25 05:45:00,227.61,3.0000,682.82,1231.56,0.170706,50.06,0.980
2025-04-25 06:00:00,218.94,4.1432,907.10,2139.28,0.226776,50.14,0.959
2025-04-25 06:15:00,227.82,3.2456,739.41,1294.09,0.184853,49.98,0.865
2025-04-25 06:30:00,218.82,3.3069,723.62,1036.83,0.180906,49.84,0.917
2025-04-25 06:45:00,224.74,3.2275,725.35,1348.86,0.181337,49.84,0.965
2025-04-25 07:00:00,223.11,2.1173,472.39,758.29,0.118098,50.03,0.832
2025-04-25 07:15:00,217.82,2.4534,534.41,928.98,0.133603,49.90,0.962
2025-04-25 07:30:00,220.13,2.5350,558.04,973.49,0.139509,50.02,0.971
2025-04-25 07:45:00,219.26,2.5454,558.10,893.72,0.139525,50.02,0.862
2025-04-25 08:00:00,224.11,2.5997,582.61,824.00,0.145652,49.84,0.880
2025-04-25 08:15:00,224.96,2.8356,637.88,1280.46,0.159469,50.00,0.934
2025-04-25 08:30:00,222.23,2.2645,503.24,964.43,0.125810,50.20,0.921
2025-04-25 08:45:00,219.75,3.8827,853.21,1369.17,0.213304,49.87,0.915
2025-04-25 09:00:00,221.70,3.2519,720.94,1446.58,0.180236,50.03,0.931
2025-04-25 09:15:00,224.81,3.5222,791.82,1711.97,0.197954,50.15,0.879
2025-04-25 09:30:00,223.76,5.4286,1214.69,2473.62,0.303674,50.04,0.852
2025-04-25 09:45:00,221.67,3.9115,867.08,1479.89,0.216769,49.90,0.923
2025-04-25 10:00:00,221.28,4.3981,973.20,1586.55,0.243300,49.86,0.904
2025-04-25 10:15:00,222.10,5.3150,1180.44,2909.22,0.295111,49.89,0.824
2025-04-25 10:30:00,225.66,4.5204,1020.07,2160.28,0.255017,50.03,0.872
2025-04-25 10:45:00,219.92,4.6409,1020.62,1650.57,0.255156,49.98,0.869
2025-04-25 11:00:00,226.50,5.7238,1296.45,1910.62,0.324114,49.81,0.884
2025-04-25 11:15:00,221.92,5.6052,1243.93,2038.52,0.310983,50.00,0.845
2025-04-25 11:30:00,221.33,5.1024,1129.28,2141.83,0.282321,50.02,0.935
2025-04-25 11:45:00,225.99,5.7050,1289.29,1990.85,0.322323,49.88,0.866
2025-04-25 12:00:00,225.10,7.0930,1596.67,2253.37,0.399168,49.98,0.919
2025-04-25 12:15:00,224.33,7.2578,1628.16,3065.85,0.407040,50.13,0.959
2025-04-25 12:30:00,226.28,10.9806,2484.66,5145.62,0.621165,49.93,0.940
2025-04-25 12:45:00,226.77,5.5049,1248.35,2227.21,0.312088,50.04,0.975
2025-04-25 13:00:00,222.33,6.6682,1482.52,2888.19,0.370630,50.00,0.847
2025-04-25 13:15:00,223.47,5.5736,1245.54,2526.71,0.311386,49.90,0.934
2025-04-25 13:30:00,221.02,5.3929,1191.96,2445.82,0.297989,50.00,0.918
2025-04-25 13:45:00,223.91,5.9723,1337.22,2849.71,0.334305,49.99,0.939
2025-04-25 14:00:00,226.76,6.0917,1381.36,2349.89,0.345341,50.14,0.833
2025-04-25 14:15:00,218.96,5.0017,1095.20,2238.89,0.273800,50.01,0.873
2025-04-25 14:30:00,221.54,6.1379,1359.78,2181.36,0.339944,50.16,0.908
2025-04-25 14:45:00,225.26,6.2685,1412.06,2456.24,0.353015,50.00,0.920
2025-04-25 15:00:00,218.51,7.1370,1559.47,3793.48,0.389868,49.88,0.978
2025-04-25 15:15:00,222.34,4.6170,1026.56,2212.43,0.256639,50.18,0.907
2025-04-25 15:30:00,222.43,4.7478,1056.03,1534.22,0.264007,49.88,0.878
2025-04-25 15:45:00,220.18,4.9735,1095.06,2385.14,0.273766,50.02,0.857
2025-04-25 16:00:00,220.17,3.3658,741.06,1400.40,0.185264,49.84,0.854
2025-04-25 16:15:00,221.82,2.9366,651.42,1265.03,0.162855,49.91,0.962
2025-04-25 16:30:00,219.47,2.9127,639.25,954.36,0.159812,49.97,0.949
2025-04-25 16:45:00,225.74,3.2571,735.25,1584.05,0.183814,49.88,0.969
2025-04-25 17:00:00,220.84,2.0125,444.43,954.14,0.111108,49.93,0.907
2025-04-25 17:15:00,218.45,1.8104,395.49,559.86,0.098873,49.81,0.871
2025-04-25 17:30:00,217.60,2.2958,499.57,1086.19,0.124893,49.92,0.915
2025-04-25 17:45:00,221.46,2.1177,468.98,853.54,0.117245,50.08,0.927
2025-04-25 18:00:00,217.71,1.8313,398.70,703.04,0.099675,49.95,0.852
2025-04-25 18:15:00,226.88,2.0397,462.77,685.40,0.115693,50.02,0.959
2025-04-25 18:30:00,218.96,1.8759,410.74,610.65,0.102685,49.84,0.920
2025-04-25 18:45:00,227.92,1.8787,428.19,927.46,0.107047,49.98,0.835
2025-04-25 19:00:00,225.09,2.3023,518.24,1561.37,0.129559,50.05,0.946
2025-04-25 19:15:00,223.78,1.7134,383.42,813.53,0.095854,50.11,0.940
2025-04-25 19:30:00,223.10,1.8870,420.98,891.57,0.105246,50.18,0.945
2025-04-25 19:45:00,224.28,1.5549,348.74,626.68,0.087186,50.11,0.971
2025-04-25 20:00:00,223.53,1.9067,426.20,696.04,0.106550,50.07,0.941
2025-04-25 20:15:00,221.42,1.8991,420.51,724.34,0.105128,49.87,0.950
2025-04-25 20:30:00,223.76,1.8126,405.60,810.83,0.101400,50.11,0.913
2025-04-25 20:45:00,223.33,1.8440,411.84,603.47,0.102959,50.01,0.916
2025-04-25 21:00:00,227.66,1.6894,384.59,779.48,0.096147,50.03,0.888
2025-04-25 21:15:00,222.83,2.0437,455.39,895.91,0.113847,49.91,0.854
2025-04-25 21:30:00,217.82,1.9959,434.73,659.38,0.108684,49.88,0.908
2025-04-25 21:45:00,227.33,3.2829,746.30,1598.60,0.186574,50.14,0.971
2025-04-25 22:00:00,224.25,2.6745,599.78,859.72,0.149945,50.02,0.868
2025-04-25 22:15:00,222.56,2.4448,544.10,845.06,0.136025,49.82,0.849
2025-04-25 22:30:00,226.68,2.3183,525.50,968.76,0.131374,49.90,0.916
2025-04-25 22:45:00,223.34,2.0217,451.55,902.30,0.112886,49.99,0.901
2025-04-25 23:00:00,220.07,6.2253,1370.00,2300.93,0.342500,50.01,0.864
2025-04-25 23:15:00,218.08,7.7558,1691.39,3272.99,0.422849,49.91,0.865
2025-04-25 23:30:00,224.89,5.8117,1306.99,2763.31,0.326748,49.92,0.894
2025-04-25 23:45:00,225.24,5.4781,1233.91,1784.42,0.308478,49.94,0.923
2025-04-26 00:00:00,218.69,7.0704,1546.21,2622.18,0.386554,49.83,0.926
2025-04-26 00:15:00,221.24,7.1263,1576.61,2999.31,0.394152,50.13,0.967
2025-04-26 00:30:00,220.14,6.9479,1529.51,2285.34,0.382377,49.99,0.822
2025-04-26 00:45:00,221.23,6.5856,1456.93,2801.34,0.364233,50.07,0.980
2025-04-26 01:00:00,225.40,5.0956,1148.53,2187.30,0.287133,49.84,0.903
2025-04-26 01:15:00,219.07,4.4154,967.27,1703.10,0.241817,49.94,0.865
2025-04-26 01:30:00,220.68,4.4301,977.63,1396.10,0.244407,50.08,0.896
2025-04-26 01:45:00,220.45,5.6523,1246.03,1873.07,0.311507,50.09,0.854
2025-04-26 02:00:00,227.74,2.9264,666.46,972.77,0.166615,49.90,0.920
2025-04-26 02:15:00,226.79,2.9768,675.12,1182.79,0.168780,49.84,0.840
2025-04-26 02:30:00,220.90,2.9069,642.14,1274.05,0.160536,50.08,0.908
2025-04-26 02:45:00,219.62,3.2755,719.35,1067.14,0.179837,50.09,0.907
2025-04-26 03:00:00,218.71,3.1014,678.31,1473.06,0.169577,49.98,0.904
2025-04-26 03:15:00,218.68,3.0128,658.84,1038.10,0.164709,50.04,0.862
2025-04-26 03:30:00,225.87,2.8924,653.31,1083.17,0.163328,50.07,0.860
2025-04-26 03:45:00,227.40,2.4044,546.75,1032.36,0.136687,49.83,0.944
2025-04-26 04:00:00,218.19,2.9613,646.12,1096.13,0.161529,50.09,0.872
2025-04-26 04:15:00,217.97,3.7653,820.75,1746.88,0.205186,49.88,0.854
2025-04-26 04:30:00,221.03,3.2078,709.03,1071.77,0.177257,49.92,0.976
2025-04-26 04:45:00,223.26,3.3807,754.76,1450.97,0.188691,50.04,0.912
2025-04-26 05:00:00,226.10,3.3803,764.28,1440.26,0.191069,49.96,0.904
2025-04-26 05:15:00,219.09,5.1218,1122.12,3186.10,0.280531,50.12,0.970
2025-04-26 05:30:00,217.88,4.2830,933.19,1775.65,0.233298,49.83,0.948
2025-04-26 05:45:00,220.47,3.2434,715.06,1022.26,0.178764,50.04,0.827
2025-04-26 06:00:00,226.65,3.7704,854.58,1466.69,0.213644,50.11,0.906
2025-04-26 06:15:00,218.49,3.0221,660.31,1164.52,0.165078,49.92,0.897
2025-04-26 06:30:00,224.15,3.4381,770.67,1123.83,0.192666,49.97,0.979
2025-04-26 06:45:00,224.47,3.2695,733.91,1580.41,0.183478,50.02,0.846
2025-04-26 07:00:00,219.40,2.7028,593.00,1216.43,0.148251,50.19,0.950
2025-04-26 07:15:00,227.03,2.7692,628.69,1298.07,0.157174,50.12,0.924
2025-04-26 07:30:00,222.28,2.3866,530.51,1021.60,0.132626,49.87,0.914
2025-04-26 07:45:00,219.43,2.5670,563.27,1137.65,0.140817,50.08,0.898
2025-04-26 08:00:00,219.95,3.3712,741.49,1484.98,0.185373,50.12,0.946
2025-04-26 08:15:00,217.97,6.1478,1340.01,2471.10,0.335004,49.94,0.840
2025-04-26 08:30:00,222.43,4.5968,1022.47,2190.47,0.255616,50.04,0.862
2025-04-26 08:45:00,219.45,2.6678,585.45,1222.36,0.146361,50.16,0.936
2025-04-26 09:00:00,227.68,3.4899,794.59,1218.63,0.198648,49.97,0.964
2025-04-26 09:15:00,222.81,4.4386,988.98,1777.33,0.247244,49.95,0.958
2025-04-26 09:30:00,220.67,3.5531,784.07,1474.18,0.196018,49.84,0.937
2025-04-26 09:45:00,223.42,4.5791,1023.05,1702.85,0.255762,50.15,0.919
2025-04-26 10:00:00,226.66,5.6088,1271.30,2303.99,0.317825,49.83,0.958
2025-04-26 10:15:00,222.29,6.1073,1357.61,2827.68,0.339402,49.85,0.954
2025-04-26 10:30:00,218.78,5.8294,1275.38,2292.33,0.318844,50.16,0.843
2025-04-26 10:45:00,226.25,10.7557,2433.44,4686.09,0.608360,49.83,0.898
2025-04-26 11:00:00,220.80,7.5748,1672.54,2412.78,0.418134,49.85,0.834
2025-04-26 11:15:00,224.34,5.8994,1323.48,2291.53,0.330871,50.16,0.928
2025-04-26 11:30:00,226.05,6.3094,1426.24,3021.46,0.356561,50.05,0.869
2025-04-26 11:45:00,219.64,6.2620,1375.39,2108.30,0.343847,49.86,0.956
2025-04-26 12:00:00,221.10,7.9474,1757.19,3577.06,0.439298,49.80,0.935
2025-04-26 12:15:00,222.96,8.3474,1861.15,3448.25,0.465288,50.19,0.828
2025-04-26 12:30:00,225.67,6.9742,1573.88,2927.01,0.393469,50.12,0.869
2025-04-26 12:45:00,225.79,7.2045,1626.69,3239.51,0.406672,49.87,0.873
2025-04-26 13:00:00,218.77,6.4246,1405.49,1998.23,0.351372,50.13,0.906
2025-04-26 13:15:00,217.77,8.4175,1833.07,3483.46,0.458268,50.19,0.835
2025-04-26 13:30:00,222.44,7.4662,1660.82,2648.43,0.415205,50.02,0.879
2025-04-26 13:45:00,222.49,8.4368,1877.10,2649.67,0.469274,50.02,0.861
2025-04-26 14:00:00,220.31,6.8858,1516.98,3221.94,0.379246,49.95,0.926
2025-04-26 14:15:00,218.77,6.3092,1380.28,2403.07,0.345070,50.06,0.844
2025-04-26 14:30:00,226.29,9.7211,2199.78,4506.11,0.549945,50.19,0.830
2025-04-26 14:45:00,217.88,6.6177,1441.83,3051.51,0.360457,50.00,0.931
2025-04-26 15:00:00,226.86,5.5038,1248.58,1786.89,0.312145,50.09,0.872
2025-04-26 15:15:00,223.18,6.1418,1370.76,2424.08,0.342690,50.20,0.958
2025-04-26 15:30:00,219.12,5.8320,1277.94,2653.28,0.319485,49.83,0.918
2025-04-26 15:45:00,222.06,5.3333,1184.30,2287.75,0.296076,50.08,0.976
2025-04-26 16:00:00,221.34,3.9054,864.44,1435.73,0.216110,50.17,0.887
2025-04-26 16:15:00,223.03,3.6723,819.03,1170.40,0.204758,50.15,0.920
2025-04-26 16:30:00,227.20,5.5902,1270.09,1801.53,0.317522,50.15,0.968
2025-04-26 16:45:00,219.07,3.0293,663.61,1281.27,0.165902,50.05,0.894
2025-04-26 17:00:00,218.87,3.4889,763.61,1340.50,0.190901,50.02,0.825
2025-04-26 17:15:00,218.72,2.1275,465.34,855.98,0.116336,50.10,0.883
2025-04-26 17:30:00,219.49,2.3241,510.12,902.46,0.127531,49.98,0.866
2025-04-26 17:45:00,226.47,1.8839,426.66,693.39,0.106664,50.08,0.915
2025-04-26 18:00:00,223.58,1.8541,414.53,674.44,0.103633,50.17,0.855
2025-04-26 18:15:00,217.61,2.1292,463.33,995.94,0.115833,50.13,0.973
2025-04-26 18:30:00,223.19,1.8706,417.50,721.61,0.104374,50.06,0.970
2025-04-26 18:45:00,221.74,2.1090,467.65,737.43,0.116913,49.95,0.946
2025-04-26 19:00:00,221.14,1.5818,349.80,566.62,0.087449,49.83,0.956
2025-04-26 19:15:00,222.09,1.5272,339.17,699.21,0.084792,49.97,0.879
2025-04-26 19:30:00,218.44,1.7263,377.08,822.53,0.094271,49.93,0.956
2025-04-26 19:45:00,225.57,1.8094,408.15,591.78,0.102039,50.11,0.923
2025-04-26 20:00:00,221.89,1.5231,337.95,481.81,0.084489,50.00,0.899
2025-04-26 20:15:00,217.96,1.5775,343.83,575.61,0.085959,49.84,0.975
2025-04-26 20:30:00,225.59,1.7624,397.58,719.13,0.099394,49.86,0.849
2025-04-26 20:45:00,221.90,1.7855,396.19,841.84,0.099048,50.20,0.826
2025-04-26 21:00:00,222.67,3.2897,732.52,952.00,0.183130,50.10,0.878
2025-04-26 21:15:00,221.11,1.9941,440.90,924.40,0.110225,50.19,0.891
2025-04-26 21:30:00,219.72,2.0451,449.34,795.55,0.112334,50.13,0.970
2025-04-26 21:45:00,225.71,2.0450,461.57,833.75,0.115393,50.13,0.965
2025-04-26 22:00:00,225.91,2.6612,601.19,850.20,0.150299,50.15,0.901
2025-04-26 22:15:00,220.34,2.4360,536.74,917.81,0.134185,50.09,0.827
2025-04-26 22:30:00,220.19,2.4545,540.45,929.74,0.135113,49.94,0.949
2025-04-26 22:45:00,219.85,3.7984,835.08,1659.79,0.208769,49.87,0.977
2025-04-26 23:00:00,221.88,6.0126,1334.08,2502.34,0.333521,50.00,0.873
2025-04-26 23:15:00,227.56,5.5013,1251.88,2746.90,0.312970,50.14,0.965
2025-04-26 23:30:00,227.66,7.7245,1758.54,3266.65,0.439635,49.88,0.927
2025-04-26 23:45:00,218.26,5.6259,1227.89,2030.45,0.306973,49.86,0.933
2025-04-27 00:00:00,221.23,5.9919,1325.59,2271.54,0.331398,50.04,0.946
2025-04-27 00:15:00,222.11,5.4344,1207.05,2270.97,0.301763,49.98,0.898
2025-04-27 00:30:00,220.67,5.9751,1318.54,2448.28,0.329636,49.89,0.879
2025-04-27 00:45:00,224.25,6.1101,1370.16,2762.05,0.342541,49.85,0.961
2025-04-27 01:00:00,226.48,8.1089,1836.53,3099.36,0.459132,49.97,0.874
2025-04-27 01:15:00,224.93,4.6081,1036.51,2238.55,0.259127,49.96,0.821
2025-04-27 01:30:00,226.03,4.2699,965.11,1689.47,0.241277,50.07,0.941
2025-04-27 01:45:00,226.15,5.0220,1135.75,2449.09,0.283938,50.13,0.936
2025-04-27 02:00:00,223.01,2.9720,662.78,1200.73,0.165696,49.85,0.897
2025-04-27 02:15:00,224.07,3.4649,776.37,1428.24,0.194093,49.93,0.872
2025-04-27 02:30:00,223.53,2.6553,593.53,1062.10,0.148382,49.85,0.854
2025-04-27 02:45:00,218.45,3.1878,696.39,1100.93,0.174097,50.14,0.933
2025-04-27 03:00:00,225.50,2.9274,660.13,1367.45,0.165033,49.92,0.835
2025-04-27 03:15:00,226.02,3.0523,689.89,1239.40,0.172473,49.81,0.871
2025-04-27 03:30:00,227.98,2.8232,643.65,1181.81,0.160912,50.01,0.944
2025-04-27 03:45:00,225.46,3.0606,690.03,1025.42,0.172506,49.89,0.884
2025-04-27 04:00:00,228.00,2.7188,619.89,1178.28,0.154972,50.17,0.920
2025-04-27 04:15:00,218.77,5.4112,1183.79,2194.57,0.295948,49.83,0.861
2025-04-27 04:30:00,223.62,3.0567,683.55,1461.61,0.170888,50.09,0.867
2025-04-27 04:45:00,221.15,3.4158,755.39,1618.25,0.188848,50.07,0.883
2025-04-27 05:00:00,221.05,4.1496,917.27,1485.88,0.229318,49.98,0.861
2025-04-27 05:15:00,226.19,3.5605,805.36,1473.11,0.201340,49.92,0.849
2025-04-27 05:30:00,226.64,4.1491,940.37,1863.57,0.235094,49.81,0.912
2025-04-27 05:45:00,227.38,3.1879,724.88,1037.36,0.181221,49.97,0.913
2025-04-27 06:00:00,222.99,5.5357,1234.42,2450.30,0.308606,50.11,0.862
2025-04-27 06:15:00,227.92,3.7602,857.03,1444.74,0.214258,50.13,0.930
2025-04-27 06:30:00,219.22,3.1047,680.63,1147.77,0.170156,50.05,0.978
2025-04-27 06:45:00,226.55,3.4786,788.10,1236.06,0.197024,50.18,0.840
2025-04-27 07:00:00,219.51,3.0463,668.68,1334.16,0.167171,50.11,0.881
2025-04-27 07:15:00,222.27,2.4668,548.31,1057.27,0.137077,49.91,0.924
2025-04-27 07:30:00,221.03,3.1285,691.52,1231.03,0.172879,49.94,0.830
2025-04-27 07:45:00,221.00,2.9199,645.30,1386.75,0.161325,50.11,0.887
2025-04-27 08:00:00,227.10,3.1442,714.05,1191.80,0.178511,50.18,0.939
2025-04-27 08:15:00,220.16,2.9647,652.72,1036.08,0.163180,50.14,0.823
2025-04-27 08:30:00,221.38,2.9556,654.30,1121.22,0.163576,50.14,0.932
2025-04-27 08:45:00,224.31,4.5490,1020.36,1882.46,0.255091,50.04,0.895
2025-04-27 09:00:00,223.10,3.5054,782.06,1685.59,0.195516,49.89,0.972
2025-04-27 09:15:00,217.72,4.1858,911.32,1719.41,0.227830,49.88,0.957
2025-04-27 09:30:00,217.78,4.3260,942.11,1932.19,0.235526,50.13,0.894
2025-04-27 09:45:00,226.88,3.6800,834.92,1736.23,0.208730,49.92,0.893
2025-04-27 10:00:00,227.61,6.1331,1395.99,2297.05,0.348997,50.17,0.849
2025-04-27 10:15:00,221.28,6.2440,1381.70,2721.29,0.345425,49.95,0.957
2025-04-27 10:30:00,220.22,5.4921,1209.46,1760.80,0.302366,49.93,0.967
2025-04-27 10:45:00,219.89,5.7536,1265.17,2653.29,0.316292,49.83,0.836
2025-04-27 11:00:00,226.06,5.9958,1355.44,2201.87,0.338861,50.18,0.864
2025-04-27 11:15:00,218.58,6.2841,1373.61,2995.34,0.343403,50.14,0.832
2025-04-27 11:30:00,226.60,6.7888,1538.32,2491.90,0.384580,49.90,0.906
2025-04-27 11:45:00,218.03,7.0208,1530.76,2183.18,0.382691,49.90,0.951
2025-04-27 12:00:00,225.71,8.6026,1941.66,3017.48,0.485416,50.03,0.867
2025-04-27 12:15:00,227.18,8.0619,1831.52,2699.85,0.457879,50.09,0.849
2025-04-27 12:30:00,221.70,10.6949,2371.03,5069.13,0.592758,49.93,0.853
2025-04-27 12:45:00,223.67,7.0301,1572.42,3114.28,0.393106,50.00,0.904
2025-04-27 13:00:00,218.66,7.9236,1732.60,3276.97,0.433150,49.91,0.965
2025-04-27 13:15:00,227.09,6.6554,1511.35,2889.51,0.377837,49.91,0.866
2025-04-27 13:30:00,223.20,6.3362,1414.27,2201.39,0.353566,49.84,0.927
2025-04-27 13:45:00,224.49,7.6380,1714.69,3129.11,0.428672,50.04,0.874
2025-04-27 14:00:00,225.70,5.6913,1284.52,1897.78,0.321130,49.83,0.837
2025-04-27 14:15:00,227.85,7.4193,1690.45,2484.69,0.422613,49.97,0.888
2025-04-27 14:30:00,220.17,6.9361,1527.13,2394.42,0.381783,50.13,0.967
2025-04-27 14:45:00,219.41,7.6810,1685.31,3604.85,0.421326,50.06,0.821
2025-04-27 15:00:00,220.18,5.1293,1129.34,2323.03,0.282334,50.05,0.935
2025-04-27 15:15:00,226.00,4.8434,1094.58,1771.18,0.273645,50.08,0.843
2025-04-27 15:30:00,224.64,5.4964,1234.73,1967.59,0.308683,50.12,0.877
2025-04-27 15:45:00,222.68,5.7802,1287.15,1920.52,0.321788,50.00,0.858
2025-04-27 16:00:00,221.57,3.5899,795.41,1610.05,0.198853,50.17,0.884
2025-04-27 16:15:00,217.68,3.0957,673.85,1409.26,0.168464,49.87,0.905
2025-04-27 16:30:00,225.34,2.9196,657.91,1073.04,0.164477,50.07,0.938
2025-04-27 16:45:00,221.44,3.3213,735.47,1594.54,0.183869,50.18,0.895
2025-04-27 17:00:00,220.29,2.0366,448.64,904.96,0.112161,50.07,0.917
2025-04-27 17:15:00,225.97,1.7341,391.85,857.34,0.097962,49.88,0.869
2025-04-27 17:30:00,221.61,2.0746,459.75,932.05,0.114937,49.98,0.893
2025-04-27 17:45:00,217.68,1.8965,412.81,630.14,0.103203,50.03,0.903
2025-04-27 18:00:00,226.37,1.6179,366.26,692.71,0.091564,50.04,0.896
2025-04-27 18:15:00,218.48,1.9802,432.64,716.55,0.108159,49.99,0.965
2025-04-27 18:30:00,218.63,1.8828,411.65,731.66,0.102912,50.04,0.921
2025-04-27 18:45:00,226.26,1.9077,431.63,869.07,0.107908,49.99,0.908
2025-04-27 19:00:00,226.99,1.4473,328.51,506.98,0.082127,50.15,0.918
2025-04-27 19:15:00,226.49,2.5770,583.67,1238.83,0.145918,50.05,0.835
2025-04-27 19:30:00,217.72,1.5141,329.65,673.51,0.082412,49.82,0.825
2025-04-27 19:45:00,221.83,1.7685,392.30,578.47,0.098075,50.15,0.857
2025-04-27 20:00:00,224.20,1.3815,309.74,508.54,0.077434,50.14,0.823
2025-04-27 20:15:00,226.67,2.5847,585.88,877.80,0.146470,50.00,0.975
2025-04-27 20:30:00,222.83,1.3857,308.77,610.65,0.077192,50.00,0.875
2025-04-27 20:45:00,218.30,1.5424,336.71,523.37,0.084178,50.15,0.910
2025-04-27 21:00:00,227.05,1.6623,377.43,694.80,0.094357,50.18,0.962
2025-04-27 21:15:00,226.50,1.5528,351.69,746.71,0.087924,50.04,0.847
2025-04-27 21:30:00,223.21,1.5549,347.08,686.45,0.086769,50.15,0.926
2025-04-27 21:45:00,217.96,1.5337,334.28,516.14,0.083571,50.07,0.942
2025-04-27 22:00:00,222.37,1.9694,437.93,939.89,0.109481,49.99,0.918
2025-04-27 22:15:00,217.55,2.1232,461.90,798.51,0.115475,49.97,0.950
2025-04-27 22:30:00,217.65,1.8528,403.28,637.25,0.100819,49.94,0.937
2025-04-27 22:45:00,225.37,2.2689,511.35,746.73,0.127837,49.99,0.936
2025-04-27 23:00:00,225.16,4.1911,943.65,2025.39,0.235912,50.06,0.897
2025-04-27 23:15:00,218.99,4.7014,1029.56,1479.87,0.257391,50.03,0.867
2025-04-27 23:30:00,224.74,6.9258,1556.51,3222.36,0.389128,49.85,0.907
2025-04-27 23:45:00,223.07,5.1284,1144.00,1781.85,0.286000,49.96,0.833
2025-04-28 00:00:00,223.67,9.2668,2072.70,4865.31,0.518174,49.95,0.933
2025-04-28 00:15:00,221.70,6.0962,1351.54,2312.35,0.337885,50.15,0.856
2025-04-28 00:30:00,218.24,5.9085,1289.47,2659.55,0.322368,49.89,0.928
2025-04-28 00:45:00,227.19,5.4459,1237.22,2092.46,0.309306,49.89,0.935
2025-04-28 01:00:00,225.91,3.9368,889.36,1301.45,0.222340,50.13,0.869
2025-04-28 01:15:00,217.89,4.1045,894.34,1960.98,0.223586,50.18,0.926
2025-04-28 01:30:00,218.87,4.1524,908.82,1338.02,0.227205,49.84,0.899
2025-04-28 01:45:00,226.68,6.2835,1424.37,3019.48,0.356092,50.16,0.828
2025-04-28 02:00:00,218.50,2.4561,536.67,760.53,0.134168,50.12,0.846
2025-04-28 02:15:00,224.10,2.3782,532.94,949.93,0.133236,50.01,0.881
2025-04-28 02:30:00,221.93,3.9604,878.94,1881.75,0.219736,50.17,0.862
2025-04-28 02:45:00,225.64,2.6942,607.91,914.10,0.151977,50.04,0.826
2025-04-28 03:00:00,222.71,2.0972,467.08,1010.18,0.116769,49.93,0.915
2025-04-28 03:15:00,224.64,2.1500,482.99,710.13,0.120748,50.16,0.965
2025-04-28 03:30:00,220.31,2.3152,510.06,847.79,0.127515,49.89,0.956
2025-04-28 03:45:00,220.67,3.6668,809.15,1340.61,0.202288,49.84,0.899
2025-04-28 04:00:00,223.80,2.8081,628.46,1264.57,0.157114,50.08,0.929
2025-04-28 04:15:00,221.99,2.5473,565.47,1243.78,0.141369,49.92,0.949
2025-04-28 04:30:00,219.88,2.2850,502.43,792.30,0.125609,50.03,0.848
2025-04-28 04:45:00,222.00,2.5051,556.12,1174.72,0.139031,50.04,0.957
2025-04-28 05:00:00,218.14,3.5504,774.50,1657.96,0.193625,49.90,0.930
2025-04-28 05:15:00,224.00,2.9949,670.85,997.07,0.167711,50.09,0.923
2025-04-28 05:30:00,225.22,3.1521,709.92,1132.68,0.177479,50.10,0.958
2025-04-28 05:45:00,217.84,3.5560,774.64,1702.42,0.193660,49.96,0.878
2025-04-28 06:00:00,220.35,5.6539,1245.83,1918.87,0.311459,49.87,0.837
2025-04-28 06:15:00,221.28,3.3362,738.22,1264.50,0.184555,49.96,0.965
2025-04-28 06:30:00,222.49,2.8414,632.18,1153.74,0.158044,49.99,0.965
2025-04-28 06:45:00,227.06,2.4440,554.94,1161.15,0.138735,50.03,0.932
2025-04-28 07:00:00,218.40,2.7812,607.41,1007.55,0.151852,50.11,0.947
2025-04-28 07:15:00,226.38,2.1252,481.09,761.47,0.120273,50.15,0.886
2025-04-28 07:30:00,226.39,2.2707,514.06,1082.73,0.128516,50.14,0.948
2025-04-28 07:45:00,220.19,2.3477,516.95,833.25,0.129238,49.96,0.872
2025-04-28 08:00:00,218.93,2.3664,518.08,1025.62,0.129519,49.97,0.956
2025-04-28 08:15:00,226.93,4.0778,925.36,1611.38,0.231340,49.85,0.868
2025-04-28 08:30:00,221.73,2.5279,560.50,1004.00,0.140125,50.02,0.967
2025-04-28 08:45:00,227.95,2.6418,602.20,870.20,0.150550,49.90,0.905
2025-04-28 09:00:00,226.49,2.9807,675.08,1482.73,0.168771,49.92,0.876
2025-04-28 09:15:00,218.57,3.5262,770.73,1546.57,0.192682,50.19,0.894
2025-04-28 09:30:00,218.70,3.5874,784.54,1534.12,0.196135,50.19,0.970
2025-04-28 09:45:00,219.89,3.9994,879.44,1756.37,0.219859,50.02,0.821
2025-04-28 10:00:00,218.23,4.8149,1050.77,1732.52,0.262691,50.13,0.859
2025-04-28 10:15:00,220.63,4.7189,1041.13,1882.83,0.260282,49.81,0.977
2025-04-28 10:30:00,227.96,4.4698,1018.94,2205.09,0.254735,50.08,0.862
2025-04-28 10:45:00,219.18,4.6529,1019.82,1612.99,0.254956,50.05,0.823
2025-04-28 11:00:00,218.28,6.1333,1338.81,2554.15,0.334701,49.81,0.931
2025-04-28 11:15:00,223.43,4.8784,1089.99,2006.74,0.272497,50.01,0.971
2025-04-28 11:30:00,223.21,5.7688,1287.66,2521.63,0.321916,49.96,0.872
2025-04-28 11:45:00,225.43,9.5910,2162.10,3979.94,0.540524,49.92,0.910
2025-04-28 12:00:00,224.34,6.1687,1383.90,2166.07,0.345974,49.93,0.969
2025-04-28 12:15:00,220.66,6.4397,1421.00,2397.72,0.355250,50.17,0.872
2025-04-28 12:30:00,218.62,6.3110,1379.71,2237.07,0.344929,49.97,0.865
2025-04-28 12:45:00,220.17,6.7337,1482.56,2281.03,0.370641,49.95,0.848
2025-04-28 13:00:00,222.58,5.4624,1215.83,2482.26,0.303959,49.95,0.929
2025-04-28 13:15:00,217.92,6.3693,1387.99,2395.59,0.346998,50.11,0.913
2025-04-28 13:30:00,222.15,5.8247,1293.96,1961.69,0.323489,49.83,0.904
2025-04-28 13:45:00,225.26,5.8413,1315.82,2671.71,0.328956,50.08,0.951
2025-04-28 14:00:00,219.43,5.5705,1222.34,1965.32,0.305585,49.82,0.835
2025-04-28 14:15:00,219.50,6.1004,1339.06,2844.19,0.334764,50.10,0.854
2025-04-28 14:30:00,224.42,6.3468,1424.34,2843.50,0.356085,49.86,0.971
2025-04-28 14:45:00,225.67,5.9132,1334.45,1944.34,0.333612,49.97,0.847
2025-04-28 15:00:00,227.25,4.1916,952.56,2029.61,0.238140,50.07,0.952
2025-04-28 15:15:00,224.16,5.0747,1137.56,1620.55,0.284389,50.17,0.972
2025-04-28 15:30:00,223.04,4.3201,963.55,1619.43,0.240889,50.11,0.898
2025-04-28 15:45:00,220.14,4.9114,1081.18,1621.07,0.270295,50.10,0.920
2025-04-28 16:00:00,227.33,3.1848,723.99,1428.67,0.180998,49.93,0.944
2025-04-28 16:15:00,225.12,2.7018,608.23,1227.49,0.152057,49.81,0.949
2025-04-28 16:30:00,223.10,2.7763,619.38,1239.75,0.154845,50.19,0.938
2025-04-28 16:45:00,218.85,2.7213,595.55,1018.46,0.148888,50.19,0.821
2025-04-28 17:00:00,224.11,1.8027,404.00,805.44,0.101000,49.82,0.952
2025-04-28 17:15:00,225.16,1.9017,428.19,622.42,0.107047,49.81,0.932
2025-04-28 17:30:00,222.16,1.9270,428.10,911.62,0.107026,49.87,0.867
2025-04-28 17:45:00,218.15,1.9551,426.50,831.57,0.106626,49.91,0.910
2025-04-28 18:00:00,218.83,1.8104,396.17,710.25,0.099043,49.81,0.879
2025-04-28 18:15:00,218.19,1.6214,353.79,565.83,0.088446,49.99,0.875
2025-04-28 18:30:00,219.64,1.7867,392.42,685.08,0.098105,50.14,0.969
2025-04-28 18:45:00,225.78,1.6300,368.03,689.02,0.092007,50.14,0.872
2025-04-28 19:00:00,217.82,1.8355,399.80,565.14,0.099949,49.80,0.920
2025-04-28 19:15:00,221.45,1.6492,365.22,750.18,0.091305,49.87,0.899
2025-04-28 19:30:00,224.43,2.2128,496.62,1156.41,0.124156,49.87,0.832
2025-04-28 19:45:00,224.89,1.5482,348.16,585.09,0.087041,50.00,0.958
2025-04-28 20:00:00,226.28,1.5960,361.14,660.28,0.090285,50.14,0.902
2025-04-28 20:15:00,222.80,1.6765,373.52,639.88,0.093380,50.03,0.923
2025-04-28 20:30:00,222.39,1.3622,302.94,530.49,0.075736,50.19,0.903
2025-04-28 20:45:00,222.49,1.7026,378.81,567.06,0.094703,50.18,0.948
2025-04-28 21:00:00,219.57,1.8755,411.79,857.35,0.102947,50.15,0.930
2025-04-28 21:15:00,219.27,1.6302,357.44,677.27,0.089361,50.06,0.870
2025-04-28 21:30:00,227.78,1.8080,411.83,592.31,0.102958,50.03,0.977
2025-04-28 21:45:00,217.79,1.8684,406.93,780.59,0.101732,50.02,0.885
2025-04-28 22:00:00,224.36,2.1825,489.66,1052.57,0.122416,49.86,0.829
2025-04-28 22:15:00,226.87,1.7958,407.43,844.18,0.101856,49.86,0.966
2025-04-28 22:30:00,226.87,1.9036,431.87,859.61,0.107967,49.82,0.952
2025-04-28 22:45:00,227.38,2.1288,484.05,796.38,0.121011,50.14,0.888
2025-04-28 23:00:00,222.63,5.0570,1125.86,2058.24,0.281464,50.02,0.922
2025-04-28 23:15:00,219.44,4.1568,912.15,1586.15,0.228037,50.12,0.929
2025-04-28 23:30:00,219.73,4.1082,902.69,1692.82,0.225673,49.81,0.920
2025-04-28 23:45:00,226.71,4.1737,946.20,1906.56,0.236550,49.84,0.972
2025-04-29 00:00:00,225.17,5.4069,1217.47,2232.16,0.304367,50.02,0.843
2025-04-29 00:15:00,222.14,5.3845,1196.11,2100.71,0.299028,49.89,0.876
2025-04-29 00:30:00,220.86,4.6290,1022.38,2060.80,0.255595,49.97,0.884
2025-04-29 00:45:00,225.68,4.5896,1035.79,1682.10,0.258948,50.20,0.888
2025-04-29 01:00:00,221.31,4.5553,1008.13,1951.46,0.252032,49.84,0.914
2025-04-29 01:15:00,218.16,4.4087,961.81,1827.38,0.240453,49.90,0.872
2025-04-29 01:30:00,226.37,4.5295,1025.34,1897.65,0.256336,50.18,0.849
2025-04-29 01:45:00,221.56,3.9087,866.04,1733.79,0.216509,49.90,0.897
2025-04-29 02:00:00,221.29,2.9638,655.85,1144.94,0.163962,50.17,0.859
2025-04-29 02:15:00,226.60,2.8438,644.41,940.35,0.161102,49.94,0.919
2025-04-29 02:30:00,221.14,2.5421,562.17,1150.63,0.140541,50.12,0.953
2025-04-29 02:45:00,218.15,2.5339,552.76,1069.66,0.138189,49.97,0.900
2025-04-29 03:00:00,223.04,2.2643,505.02,884.11,0.126256,50.02,0.964
2025-04-29 03:15:00,226.14,2.2387,506.24,1055.78,0.126560,49.89,0.925
2025-04-29 03:30:00,226.09,2.6326,595.22,1106.09,0.148805,49.92,0.860
2025-04-29 03:45:00,227.21,2.2424,509.50,1039.15,0.127376,50.05,0.838
2025-04-29 04:00:00,219.11,2.9109,637.81,1403.14,0.159453,50.10,0.892
2025-04-29 04:15:00,218.53,2.4882,543.73,919.19,0.135933,49.94,0.956
2025-04-29 04:30:00,227.94,2.6248,598.28,920.63,0.149571,50.15,0.952
2025-04-29 04:45:00,221.76,3.6338,805.82,1931.87,0.201456,49.96,0.828
2025-04-29 05:00:00,225.68,3.4760,784.45,1398.86,0.196113,49.84,0.899
2025-04-29 05:15:00,217.60,3.4694,754.94,1307.24,0.188735,50.00,0.900
2025-04-29 05:30:00,220.12,3.4365,756.44,1344.63,0.189110,49.81,0.853
2025-04-29 05:45:00,221.53,4.5316,1003.88,2678.98,0.250971,50.10,0.976
2025-04-29 06:00:00,224.41,2.7085,607.81,1311.37,0.151951,50.01,0.935
2025-04-29 06:15:00,224.48,2.4671,553.82,1028.41,0.138455,50.17,0.924
2025-04-29 06:30:00,227.29,4.2619,968.67,2375.58,0.242168,50.08,0.970
2025-04-29 06:45:00,222.07,2.7831,618.04,957.51,0.154510,50.19,0.936
2025-04-29 07:00:00,219.22,2.5872,567.17,1059.61,0.141791,50.01,0.917
2025-04-29 07:15:00,222.51,2.4008,534.19,1146.07,0.133548,49.94,0.963
2025-04-29 07:30:00,220.98,2.4969,551.76,911.39,0.137940,49.89,0.870
2025-04-29 07:45:00,226.75,2.6237,594.92,1264.88,0.148731,50.13,0.887
2025-04-29 08:00:00,221.74,2.5171,558.15,1204.88,0.139536,50.14,0.929
2025-04-29 08:15:00,217.56,3.1018,674.81,945.79,0.168703,49.95,0.903
2025-04-29 08:30:00,224.47,2.8475,639.20,1241.44,0.159800,49.84,0.955
2025-04-29 08:45:00,220.41,2.7102,597.35,1038.21,0.149337,49.91,0.977
2025-04-29 09:00:00,219.64,3.0759,675.60,1376.77,0.168900,49.91,0.899
2025-04-29 09:15:00,225.63,2.8938,652.93,1216.59,0.163232,50.14,0.916
2025-04-29 09:30:00,218.72,4.4565,974.72,2206.13,0.243680,49.98,0.903
2025-04-29 09:45:00,222.72,3.6670,816.72,1182.33,0.204181,50.17,0.949
2025-04-29 10:00:00,221.20,5.1830,1146.47,1932.51,0.286619,49.85,0.862
2025-04-29 10:15:00,219.44,4.7819,1049.33,2297.85,0.262333,49.85,0.926
2025-04-29 10:30:00,225.49,4.3023,970.12,1359.82,0.242529,50.01,0.929
2025-04-29 10:45:00,227.33,4.4699,1016.15,1814.29,0.254039,50.13,0.875
2025-04-29 11:00:00,222.30,5.1023,1134.25,2420.16,0.283562,49.93,0.938
2025-04-29 11:15:00,227.48,5.6265,1279.89,2318.55,0.319973,49.81,0.942
2025-04-29 11:30:00,221.20,6.0633,1341.19,2182.43,0.335297,50.04,0.855
2025-04-29 11:45:00,219.79,5.9103,1298.99,2613.26,0.324748,50.19,0.873
2025-04-29 12:00:00,227.82,6.0595,1380.51,2756.39,0.345128,49.94,0.870
2025-04-29 12:15:00,219.50,6.7750,1487.11,2916.23,0.371776,49.95,0.884
2025-04-29 12:30:00,219.30,6.6196,1451.71,2779.78,0.362928,49.86,0.925
2025-04-29 12:45:00,223.90,6.2131,1391.13,2020.30,0.347782,50.14,0.970
2025-04-29 13:00:00,227.89,5.9484,1355.55,2296.87,0.338887,49.94,0.934
2025-04-29 13:15:00,218.62,5.3098,1160.80,2546.75,0.290199,49.97,0.883
2025-04-29 13:30:00,225.55,5.7026,1286.20,1990.91,0.321551,49.99,0.901
2025-04-29 13:45:00,222.00,5.6818,1261.37,2024.20,0.315343,49.87,0.832
2025-04-29 14:00:00,218.90,6.0479,1323.91,2004.52,0.330978,49.90,0.860
2025-04-29 14:15:00,221.84,5.1095,1133.51,1919.77,0.283378,49.95,0.878
2025-04-29 14:30:00,220.87,4.8021,1060.63,2268.28,0.265157,50.10,0.864
2025-04-29 14:45:00,218.05,4.9057,1069.68,1938.88,0.267420,49.90,0.933
2025-04-29 15:00:00,219.65,4.6399,1019.17,2033.96,0.254792,50.06,0.861
2025-04-29 15:15:00,220.28,5.0312,1108.26,2071.72,0.277064,49.94,0.848
2025-04-29 15:30:00,226.35,3.8805,878.34,1703.01,0.219585,49.90,0.953
2025-04-29 15:45:00,220.07,4.8059,1057.62,2102.62,0.264406,49.83,0.976
2025-04-29 16:00:00,222.35,2.6423,587.51,1273.84,0.146877,49.87,0.957
2025-04-29 16:15:00,222.52,2.8889,642.83,1031.62,0.160707,49.91,0.863
2025-04-29 16:30:00,219.20,3.3816,741.24,1186.88,0.185310,49.98,0.834
2025-04-29 16:45:00,225.88,3.1121,702.94,1396.02,0.175734,50.12,0.843
2025-04-29 17:00:00,225.78,1.9742,445.74,907.27,0.111436,50.05,0.823
2025-04-29 17:15:00,218.40,1.9323,422.03,825.78,0.105507,49.85,0.930
2025-04-29 17:30:00,225.27,1.7563,395.63,866.31,0.098908,49.97,0.978
2025-04-29 17:45:00,222.54,1.8013,400.85,652.18,0.100214,50.15,0.872
2025-04-29 18:00:00,224.46,1.4783,331.82,700.77,0.082954,49.97,0.979
2025-04-29 18:15:00,219.50,1.8075,396.76,755.02,0.099189,50.19,0.825
2025-04-29 18:30:00,220.60,1.9171,422.91,778.53,0.105728,49.87,0.943
2025-04-29 18:45:00,220.65,1.9329,426.50,925.92,0.106624,50.10,0.829
2025-04-29 19:00:00,227.27,1.7563,399.14,642.24,0.099786,50.12,0.975
2025-04-29 19:15:00,219.18,2.1306,466.98,1091.37,0.116745,50.02,0.835
2025-04-29 19:30:00,223.85,1.6041,359.07,569.86,0.089768,50.18,0.948
2025-04-29 19:45:00,221.05,2.4654,544.98,929.43,0.136245,49.90,0.885
2025-04-29 20:00:00,224.56,1.5717,352.94,521.29,0.088236,49.84,0.977
2025-04-29 20:15:00,224.80,1.3825,310.79,610.71,0.077698,50.04,0.965
2025-04-29 20:30:00,225.31,1.7901,403.32,726.25,0.100831,50.12,0.879
2025-04-29 20:45:00,220.91,1.5964,352.67,627.21,0.088167,50.19,0.862
2025-04-29 21:00:00,225.71,1.8908,426.78,881.31,0.106695,49.90,0.871
2025-04-29 21:15:00,218.87,1.6573,362.72,634.94,0.090681,49.83,0.924
2025-04-29 21:30:00,227.38,1.7012,386.81,709.50,0.096702,49.90,0.915
2025-04-29 21:45:00,226.60,1.4675,332.53,668.67,0.083132,50.09,0.862
2025-04-29 22:00:00,222.11,1.9172,425.83,786.04,0.106459,49.99,0.875
2025-04-29 22:15:00,227.41,2.0421,464.39,799.68,0.116098,49.91,0.930
2025-04-29 22:30:00,226.22,1.8698,422.99,738.94,0.105747,50.10,0.918
2025-04-29 22:45:00,217.87,1.9877,433.06,819.70,0.108266,50.14,0.946
2025-04-29 23:00:00,218.51,4.1572,908.39,1665.62,0.227098,49.95,0.870
2025-04-29 23:15:00,226.33,4.3702,989.09,2093.04,0.247272,49.90,0.948
2025-04-29 23:30:00,218.01,4.8975,1067.74,1796.21,0.266934,50.19,0.906
2025-04-29 23:45:00,224.55,6.3190,1418.92,2663.66,0.354729,50.13,0.852
2025-04-30 00:00:00,220.20,4.7351,1042.66,2111.88,0.260666,50.14,0.858
2025-04-30 00:15:00,218.82,7.8782,1723.92,3009.32,0.430980,50.00,0.843
2025-04-30 00:30:00,226.02,5.0809,1148.38,2396.06,0.287095,49.94,0.941
2025-04-30 00:45:00,224.53,5.4666,1227.42,2551.69,0.306856,50.05,0.896
2025-04-30 01:00:00,221.47,4.3888,972.01,1380.19,0.243002,50.19,0.822
2025-04-30 01:15:00,224.92,4.4127,992.52,2131.68,0.248129,49.98,0.836
2025-04-30 01:30:00,227.19,3.8340,871.04,1852.43,0.217761,49.83,0.947
2025-04-30 01:45:00,224.86,4.3795,984.80,2040.65,0.246199,49.92,0.867
2025-04-30 02:00:00,220.43,2.3443,516.74,991.06,0.129185,50.19,0.878
2025-04-30 02:15:00,227.73,2.6273,598.33,1240.65,0.149581,50.18,0.932
2025-04-30 02:30:00,222.12,2.9097,646.32,1223.45,0.161580,49.92,0.914
2025-04-30 02:45:00,226.52,2.7776,629.16,890.69,0.157291,49.94,0.897
2025-04-30 03:00:00,219.04,2.7574,603.99,847.58,0.150998,49.92,0.966
2025-04-30 03:15:00,226.29,2.4666,558.16,1072.84,0.139539,50.19,0.923
2025-04-30 03:30:00,227.79,2.4325,554.10,1036.45,0.138525,49.83,0.822
2025-04-30 03:45:00,217.84,2.6346,573.91,1128.59,0.143479,50.19,0.859
2025-04-30 04:00:00,222.34,2.9488,655.63,1341.09,0.163908,50.10,0.969
2025-04-30 04:15:00,223.30,3.7006,826.35,1730.71,0.206587,50.18,0.899
2025-04-30 04:30:00,226.22,2.3630,534.55,1121.52,0.133637,49.95,0.833
2025-04-30 04:45:00,220.98,2.3409,517.28,834.40,0.129320,49.93,0.963
2025-04-30 05:00:00,225.22,3.2093,722.79,1479.23,0.180698,49.82,0.958
2025-04-30 05:15:00,225.09,3.0100,677.54,1475.16,0.169384,50.14,0.944
2025-04-30 05:30:00,226.34,3.0896,699.31,1347.78,0.174826,49.83,0.960
2025-04-30 05:45:00,222.90,2.7942,622.83,1318.41,0.155707,49.94,0.954
2025-04-30 06:00:00,220.39,2.6423,582.32,1068.74,0.145581,49.81,0.886
2025-04-30 06:15:00,225.17,3.1464,708.49,1308.56,0.177121,50.19,0.924
2025-04-30 06:30:00,227.29,4.1710,948.02,1903.81,0.237006,49.82,0.820
2025-04-30 06:45:00,226.59,3.2079,726.89,1487.97,0.181723,49.89,0.861
2025-04-30 07:00:00,225.03,2.3865,537.04,759.90,0.134261,50.03,0.944
2025-04-30 07:15:00,222.16,2.4615,546.85,1128.54,0.136711,50.15,0.951
2025-04-30 07:30:00,223.11,2.1678,483.66,739.67,0.120914,49.95,0.846
2025-04-30 07:45:00,218.46,2.4110,526.69,966.14,0.131673,49.81,0.827
2025-04-30 08:00:00,219.92,4.3491,956.46,1429.46,0.239115,50.19,0.848
2025-04-30 08:15:00,220.17,3.5975,792.08,1354.15,0.198020,49.87,0.909
2025-04-30 08:30:00,219.91,2.4511,539.04,993.96,0.134759,49.89,0.829
2025-04-30 08:45:00,218.58,2.9028,634.50,1196.37,0.158625,49.99,0.906
2025-04-30 09:00:00,226.27,3.2428,733.72,1484.85,0.183431,50.12,0.940
2025-04-30 09:15:00,224.24,3.8316,859.21,1312.47,0.214802,50.18,0.888
2025-04-30 09:30:00,223.80,5.5292,1237.45,2522.54,0.309363,49.98,0.846
2025-04-30 09:45:00,221.63,3.7163,823.63,1380.61,0.205908,50.04,0.949
2025-04-30 10:00:00,225.46,4.8307,1089.12,2103.10,0.272280,50.05,0.854
2025-04-30 10:15:00,227.16,4.1247,936.95,1972.58,0.234238,49.93,0.860
2025-04-30 10:30:00,217.61,5.5691,1211.88,2050.99,0.302969,49.98,0.842
2025-04-30 10:45:00,225.44,5.2366,1180.54,2180.60,0.295136,49.93,0.953
2025-04-30 11:00:00,222.79,5.0743,1130.50,2420.61,0.282625,49.83,0.843
2025-04-30 11:15:00,225.36,4.7472,1069.83,1640.22,0.267458,49.90,0.959
2025-04-30 11:30:00,222.98,6.3028,1405.40,3088.79,0.351349,49.97,0.938
2025-04-30 11:45:00,222.21,10.3137,2291.78,3943.12,0.572945,49.93,0.945
2025-04-30 12:00:00,219.16,5.6080,1229.07,2383.43,0.307268,49.91,0.929
2025-04-30 12:15:00,224.56,5.9211,1329.63,2874.46,0.332407,50.08,0.881
2025-04-30 12:30:00,219.94,6.1106,1343.98,1993.96,0.335996,50.11,0.920
2025-04-30 12:45:00,223.04,6.1502,1371.75,2876.46,0.342937,50.07,0.908
2025-04-30 13:00:00,227.35,6.5772,1495.31,2788.22,0.373828,49.86,0.864
2025-04-30 13:15:00,226.20,5.3838,1217.80,1828.91,0.304451,49.85,0.898
2025-04-30 13:30:00,219.27,6.4944,1424.04,2645.20,0.356009,50.13,0.891
2025-04-30 13:45:00,225.77,5.4880,1239.02,1836.85,0.309756,49.84,0.951
2025-04-30 14:00:00,221.76,6.0216,1335.37,2590.81,0.333844,50.14,0.889
2025-04-30 14:15:00,218.56,5.8056,1268.85,2234.59,0.317213,50.09,0.945
2025-04-30 14:30:00,220.62,5.3913,1189.44,1665.95,0.297360,49.83,0.923
2025-04-30 14:45:00,224.21,5.2781,1183.38,1996.58,0.295845,50.08,0.873
2025-04-30 15:00:00,221.38,4.4696,989.49,1681.31,0.247373,50.00,0.914
2025-04-30 15:15:00,218.75,4.3449,950.45,1731.32,0.237612,50.17,0.940
2025-04-30 15:30:00,221.37,4.8375,1070.89,1896.62,0.267724,49.98,0.965
2025-04-30 15:45:00,221.25,5.0650,1120.61,1659.19,0.280152,49.82,0.937
2025-04-30 16:00:00,227.49,3.2703,743.95,1159.55,0.185988,50.08,0.935
2025-04-30 16:15:00,227.55,2.8358,645.30,921.34,0.161324,50.05,0.872
2025-04-30 16:30:00,225.07,3.2726,736.57,1075.19,0.184143,50.02,0.901
2025-04-30 16:45:00,223.43,2.7553,615.63,1170.10,0.153907,49.99,0.828
2025-04-30 17:00:00,226.30,1.6497,373.33,589.82,0.093332,50.18,0.862
2025-04-30 17:15:00,217.70,1.5690,341.56,533.00,0.085390,50.11,0.825
2025-04-30 17:30:00,224.70,1.5943,358.23,600.43,0.089557,50.13,0.924
2025-04-30 17:45:00,217.81,1.7627,383.94,595.80,0.095985,49.92,0.833
2025-04-30 18:00:00,221.06,1.5657,346.11,719.72,0.086527,49.92,0.880
2025-04-30 18:15:00,220.01,1.5941,350.72,512.05,0.087680,50.18,0.980
2025-04-30 18:30:00,225.92,1.3979,315.82,658.22,0.078954,49.96,0.834
2025-04-30 18:45:00,225.54,1.4187,319.98,689.12,0.079994,49.95,0.905
2025-04-30 19:00:00,220.27,1.1594,255.38,533.83,0.063844,50.08,0.889
2025-04-30 19:15:00,223.79,1.4414,322.59,612.86,0.080647,49.81,0.943
2025-04-30 19:30:00,226.42,1.2343,279.46,443.93,0.069866,50.00,0.833
2025-04-30 19:45:00,222.31,1.4765,328.24,636.57,0.082060,50.00,0.974
2025-04-30 20:00:00,223.83,1.3839,309.77,642.03,0.077443,50.19,0.968
2025-04-30 20:15:00,227.52,1.4444,328.63,627.63,0.082158,50.17,0.968
2025-04-30 20:30:00,224.71,1.3971,313.94,555.63,0.078484,49.93,0.927
2025-04-30 20:45:00,219.54,1.5630,343.14,584.68,0.085785,50.15,0.917
2025-04-30 21:00:00,217.80,1.3492,293.87,609.59,0.073468,49.93,0.917
2025-04-30 21:15:00,219.24,1.4038,307.78,538.57,0.076945,49.98,0.902
2025-04-30 21:30:00,227.03,1.5534,352.68,624.83,0.088169,50.05,0.858
2025-04-30 21:45:00,222.85,1.4183,316.07,601.42,0.079017,50.08,0.970
2025-04-30 22:00:00,219.65,1.9037,418.15,728.84,0.104539,49.87,0.820
2025-04-30 22:15:00,223.39,1.9426,433.97,752.14,0.108492,49.84,0.869
2025-04-30 22:30:00,220.73,2.0255,447.09,641.74,0.111773,50.08,0.885
2025-04-30 22:45:00,225.30,1.7843,402.01,804.19,0.100502,50.18,0.831
2025-04-30 23:00:00,227.04,3.2617,740.53,1618.63,0.185133,49.83,0.846
2025-04-30 23:15:00,224.75,4.0868,918.53,1561.28,0.229632,49.82,0.958
2025-04-30 23:30:00,219.21,3.8673,847.77,1260.43,0.211942,49.86,0.857
2025-04-30 23:45:00,227.85,6.7839,1545.72,3769.05,0.386431,50.16,0.876
2025-05-01 00:00:00,226.02,4.7237,1067.65,2321.84,0.266913,50.12,0.928
2025-05-01 00:15:00,221.45,4.1700,923.47,1593.73,0.230867,49.91,0.854
2025-05-01 00:30:00,225.14,4.6537,1047.76,1736.70,0.261939,49.87,0.907
2025-05-01 00:45:00,225.88,6.9489,1569.63,3022.55,0.392406,50.00,0.822
2025-05-01 01:00:00,219.70,3.1220,685.91,1366.34,0.171478,50.13,0.861
2025-05-01 01:15:00,222.00,3.8443,853.42,1468.12,0.213355,50.00,0.838
2025-05-01 01:30:00,225.09,3.0854,694.49,1353.70,0.173623,50.09,0.926
2025-05-01 01:45:00,220.28,3.9165,862.72,1506.36,0.215679,50.16,0.823
2025-05-01 02:00:00,219.39,2.0020,439.21,808.38,0.109804,50.07,0.846
2025-05-01 02:15:00,222.66,2.0705,461.03,761.32,0.115256,50.13,0.827
2025-05-01 02:30:00,218.06,3.6997,806.76,1496.02,0.201691,49.99,0.914
2025-05-01 02:45:00,225.02,2.0253,455.72,983.06,0.113930,49.91,0.932
2025-05-01 03:00:00,222.52,1.7782,395.69,771.68,0.098923,50.17,0.924
2025-05-01 03:15:00,221.41,2.2506,498.32,819.97,0.124579,50.01,0.849
2025-05-01 03:30:00,222.87,2.0649,460.20,755.58,0.115051,49.94,0.963
2025-05-01 03:45:00,225.16,1.9082,429.65,664.29,0.107413,50.02,0.956
2025-05-01 04:00:00,220.30,2.1309,469.45,710.03,0.117363,49.92,0.852
2025-05-01 04:15:00,221.67,2.5515,565.58,1123.07,0.141394,50.03,0.980
2025-05-01 04:30:00,219.66,2.5582,561.93,944.22,0.140482,49.98,0.876
2025-05-01 04:45:00,223.91,2.0948,469.06,903.27,0.117265,49.86,0.908
2025-05-01 05:00:00,227.68,2.5082,571.08,1012.88,0.142771,49.95,0.977
2025-05-01 05:15:00,224.26,2.7074,607.17,1183.75,0.151792,49.82,0.929
2025-05-01 05:30:00,221.34,2.8471,630.16,935.12,0.157540,50.11,0.851
2025-05-01 05:45:00,224.17,2.6450,592.94,1262.69,0.148234,49.93,0.855
2025-05-01 06:00:00,221.17,2.1181,468.45,710.90,0.117114,49.84,0.972
2025-05-01 06:15:00,226.17,2.7594,624.10,1160.11,0.156025,50.18,0.858
2025-05-01 06:30:00,218.89,2.8238,618.09,946.57,0.154523,49.97,0.947
2025-05-01 06:45:00,221.99,2.8286,627.93,966.25,0.156982,49.92,0.885
2025-05-01 07:00:00,225.40,1.9052,429.44,619.46,0.107359,50.09,0.914
2025-05-01 07:15:00,224.01,2.0760,465.04,654.18,0.116259,50.11,0.975
2025-05-01 07:30:00,225.19,1.8842,424.31,634.93,0.106077,50.15,0.876
2025-05-01 07:45:00,221.67,2.3150,513.17,920.10,0.128291,50.18,0.894
2025-05-01 08:00:00,224.69,2.2831,512.98,761.49,0.128245,49.93,0.860
2025-05-01 08:15:00,220.23,2.6013,572.88,1199.78,0.143219,49.90,0.902
2025-05-01 08:30:00,227.56,2.0563,467.93,980.55,0.116982,49.82,0.893
2025-05-01 08:45:00,227.82,2.1852,497.84,772.20,0.124459,49.81,0.883
2025-05-01 09:00:00,224.90,2.5194,566.62,1127.88,0.141654,49.92,0.881
2025-05-01 09:15:00,227.37,3.2502,739.02,1416.10,0.184754,50.01,0.837
2025-05-01 09:30:00,227.61,2.6640,606.36,1205.00,0.151590,50.17,0.890
2025-05-01 09:45:00,225.08,3.2390,729.03,1386.92,0.182257,50.20,0.843
2025-05-01 10:00:00,224.01,3.7829,847.41,1307.21,0.211853,49.82,0.898
2025-05-01 10:15:00,217.87,4.5112,982.85,1470.91,0.245712,49.84,0.867
2025-05-01 10:30:00,221.37,3.4837,771.18,1326.53,0.192795,50.08,0.896
2025-05-01 10:45:00,218.69,4.6767,1022.74,1664.48,0.255685,49.94,0.838
2025-05-01 11:00:00,217.53,4.1303,898.47,1644.56,0.224619,50.07,0.974
2025-05-01 11:15:00,218.80,5.1688,1130.95,1894.45,0.282737,49.83,0.954
2025-05-01 11:30:00,224.69,5.2952,1189.80,2297.65,0.297451,49.94,0.916
2025-05-01 11:45:00,220.75,4.4387,979.83,1478.55,0.244957,49.99,0.822
2025-05-01 12:00:00,217.67,5.2283,1138.06,2247.97,0.284515,50.04,0.933
2025-05-01 12:15:00,226.29,4.6079,1042.74,2234.39,0.260684,49.89,0.977
2025-05-01 12:30:00,217.97,5.6023,1221.11,2679.38,0.305279,49.87,0.895
2025-05-01 12:45:00,218.11,9.0047,1964.04,3351.96,0.491009,50.17,0.841
2025-05-01 13:00:00,223.23,4.4281,988.47,1820.63,0.247118,50.07,0.926
2025-05-01 13:15:00,218.07,5.5927,1219.60,2203.15,0.304901,50.19,0.964
2025-05-01 13:30:00,227.40,5.6353,1281.45,2043.86,0.320364,49.90,0.880
2025-05-01 13:45:00,222.04,5.6113,1245.92,2525.16,0.311479,49.96,0.854
2025-05-01 14:00:00,222.91,4.7191,1051.95,2048.05,0.262987,49.99,0.887
2025-05-01 14:15:00,220.89,4.8434,1069.86,2044.78,0.267465,49.99,0.840
2025-05-01 14:30:00,222.82,4.7268,1053.24,1561.43,0.263311,50.10,0.836
2025-05-01 14:45:00,218.36,5.3137,1160.30,1781.54,0.290074,50.00,0.946
2025-05-01 15:00:00,226.84,4.1512,941.65,1640.13,0.235413,49.83,0.884
2025-05-01 15:15:00,219.83,3.8253,840.90,1300.60,0.210226,49.81,0.922
2025-05-01 15:30:00,222.53,3.4499,767.70,1158.54,0.191925,49.93,0.929
2025-05-01 15:45:00,226.24,3.4586,782.46,1492.15,0.195616,50.03,0.853
2025-05-01 16:00:00,218.19,2.4748,539.97,1110.27,0.134993,49.83,0.928
2025-05-01 16:15:00,226.46,2.3276,527.09,1005.70,0.131773,49.85,0.891
2025-05-01 16:30:00,217.91,2.6093,568.60,1038.36,0.142150,49.95,0.878
2025-05-01 16:45:00,225.91,2.3161,523.25,861.51,0.130812,49.81,0.872